priority,reason,vqa_id,image_id,split,qtype,llm_decision,human_decision,confidence,failure_flags,rationale_short
P0,human_llm_disagreement,620,image000122,test,allergen_restrictions,DROP,KEEP,high,pass_disagreement;unsupported_ingredient;weak_vqa_support;wrong_or_irrelevant_triples,"P1: Question matches the bún riêu cua image and allergen qtype; crab-based riêu makes C the only correct choice for crustacean sensitivity. | P2: Answer C is visually supported by riêu cua/cua as a crustacean allergen, but the triples rely on mắm tôm, which is not established in this image context. | P3: REVIEW vì đáp án C hợp lý dựa trên cua/riêu cua, nhưng triples_used lại dựa vào mắm tôm không được hỗ trợ và hai pass trước không thống nhất."
P0,human_llm_disagreement,1034,image001490,test,allergen_restrictions,DROP,KEEP,medium,ambiguous_choices;incomplete_triples_for_choices;pass_disagreement;possible_multiple_correct,"P1: Question matches the banh mi image and gluten is correct for the bread, but mayonnaise may imply egg, making choice B potentially correct too. | P2: The image and question focus on bánh mì bread; wheat flour is a typical bread ingredient and gluten is the relevant common allergen. | P3: Although gluten is well-supported by the bánh mì bread, mayonnaise is listed and may contain egg, so both D and B are plausible; route to REVIEW."
P0,human_llm_disagreement,1090,image001527,test,allergen_restrictions,DROP,KEEP,medium,ambiguous_choices;ambiguous_gold_answer;gold_answer_inaccurate;partial_triple_support;pass_disagreement;position_mismatch,"P1: Món góc dưới trái là khổ qua xào trứng, dị ứng hợp lý là trứng; đáp án C quá mơ hồ về thành phần và vị trí không phải ngay phía trên bát cơm. | P2: Triples correctly identify egg as an ingredient and allergen in the lower-left dish, supporting the VQA answer. | P3: Không nên KEEP vì hai pass bất đồng và đáp án C mơ hồ: allergen là trứng nhưng mô tả 'thành phần chính' và vị trí 'ngay phía trên bát cơm' đều không chắc chắn."
P0,human_llm_disagreement,1575,image001796,test,allergen_restrictions,DROP,KEEP,high,answer_support_invalid;gold_answer_incorrect;unsupported_triple;wrong_allergen_category;wrong_allergen_taxonomy,"P1: Món góc dưới bên trái là mực xào ớt chuông; mực là nhuyễn thể/cephalopod, không phải giáp xác, nên đáp án C không đúng cho dị ứng giáp xác. | P2: Món góc dưới trái có mực, nhưng mực không thuộc nhóm giáp xác, nên triple dị ứng chính bị sai. | P3: C sai vì mực không thuộc nhóm giáp xác; triple dị ứng chính không được hỗ trợ nên hàng này không nên được chấp nhận."
P0,human_llm_disagreement,3586,image000644,test,allergen_restrictions,DROP,KEEP,high,hallucinated_ingredient;irrelevant_to_choices;no_correct_choice;poor_answer_support;unsupported_triples;wrong_allergen_premise,"P1: The image shows the listed ingredients, but none of the answer choices clearly contains crustacean allergen; char siu is not a valid gold answer. | P2: Các triple dựa vào tôm, nhưng ảnh và lựa chọn không cho thấy tôm; vì vậy không hỗ trợ hợp lệ cho đáp án B. | P3: Reject: đáp án B không liên quan đến dị ứng giáp xác, còn triple về tôm không được ảnh hoặc lựa chọn hỗ trợ."
P0,human_llm_disagreement,5552,image001015,test,allergen_restrictions,DROP,KEEP,high,allergen_mismatch;answer_reachable_with_wrong_triples;choice_type_mismatch;no_correct_answer;unsupported_food_fact;wrong_allergen_taxonomy,"P1: Món phía trên trung tâm là súp lơ xào mực, nhưng mực không phải loài giáp xác; đáp án D cũng mô tả mơ hồ và không cùng kiểu với các lựa chọn còn lại. | P2: Món phía trên trung tâm đúng là súp lơ xào mực, nhưng mực không thuộc nhóm giáp xác nên triple dị ứng chính bị sai. | P3: DROP vì triple dị ứng chính sai: mực không phải loài giáp xác, nên câu hỏi dựa trên tiền đề allergen không đúng dù vị trí món ăn có thể nhận ra từ ảnh."
P0,human_llm_disagreement,11168,image000105,test,allergen_restrictions,DROP,KEEP,medium,answer_not_supported;answer_not_visually_supported;no_poultry_item;nonsensical_allergen;pass_disagreement;pathogen_as_allergen;question_medically_incoherent;relation_misuse;unsupported_triple,"P1: Question is medically/nutritionally incoherent: allergy to bacteria in poultry is not a valid allergen restriction, and no listed/visible dish is clearly poultry-based, so answer D is unsupported. | P2: Triples support choosing nem rán via egg/poultry risk, but Salmonella is mislabeled as an allergen. | P3: Không nên chấp nhận vì câu hỏi nhầm vi khuẩn Salmonella thành dị ứng, triples sai quan hệ, và hình ảnh không chứng minh nem rán có trứng/gia cầm."
P0,human_llm_disagreement,11358,image000405,test,allergen_restrictions,DROP,KEEP,medium,duplicate_choices;ingredient_type_mismatch;multiple_correct_answers;pass_disagreement;unsupported_food_fact,"P1: Question matches the image and the central dish likely contains egg, but choices A and D are identical, creating multiple correct answers. | P2: Các triples hỗ trợ đúng dị ứng trứng, nhưng loại trứng trong món trung tâm nên là trứng cút/trứng nói chung thay vì trứng vịt. | P3: Reject because A and D are identical correct choices, prior passes disagree, and triples_used claim duck egg while the row/image description indicates quail egg or generic egg."
P0,human_llm_disagreement,11388,image000449,test,allergen_restrictions,DROP,KEEP,medium,allergen_taxonomy_mismatch;pass_disagreement;question_answer_mismatch;unsupported_triple,"P1: Question matches the clam porridge image and B is the safest answer because the main ingredient is shellfish/clam, though the wording says crustacean while clam is mollusk. | P2: Triple 1 supports the dish, but triple 2 uses the wrong allergen category: trai is mollusk/shellfish rather than crustacean. | P3: Reject: the row depends on treating trai as giáp xác, but trai is a mollusk/shellfish, so the allergy premise and supporting triple are taxonomically wrong."
P0,human_llm_disagreement,11676,image000797,test,allergen_restrictions,DROP,KEEP,medium,insufficient_visual_evidence;non_visual_food_safety_claim;pathogen_as_allergen;qtype_mismatch;unsupported_ingredient;weak_visual_reasoning,"P1: Question identifies the item below the broth bowl correctly as nem rán, but the allergen_restrictions qtype does not match the food-safety/bacterial-risk wording. | P2: Nem rán is the correct located item, but the support triples rely on an unverified egg ingredient and mislabel Salmonella as an allergen. | P3: Choice D is visually identifiable, but the supporting triples are unsupported and misuse Salmonella as an allergen, so the row should not be silently accepted."
P0,human_llm_disagreement,11731,image000914,test,allergen_restrictions,DROP,KEEP,medium,allergen_vs_pathogen;ambiguous_bacterial_risk;answer_not_visually_verifiable;multiple_plausible_choices;pass_disagreement;qtype_mismatch;relation_mismatch;unsupported_triples,"P1: Question refers to bacterial health risk/allergen-like restriction that cannot be verified from the image; nem ingredients are not visually confirmable and raw vegetables could also be a plausible contamination risk. | P2: Triples point to the intended answer via egg in nem rán and Salmonella risk, but the second relation mislabeled Salmonella as an allergen. | P3: DROP vì câu hỏi dựa vào nguy cơ vi khuẩn và triple Salmonella-as-allergen sai/không quan sát được, đồng thời có nhiều lựa chọn rủi ro hợp lý như rau sống."
P0,human_llm_disagreement,11757,image001055,test,allergen_restrictions,DROP,KEEP,high,allergen_pathogen_confusion;ambiguous_choices;invalid_allergen_concept;invalid_choices;pass_disagreement;qtype_mismatch;relation_label_error;unsupported_food_fact,"P1: Question targets bacteria as food allergens, which is conceptually wrong for allergen_restrictions; Salmonella is only a possible food-safety risk, not a uniquely correct allergen answer. | P2: Nem rán commonly uses egg, which can be associated with Salmonella risk, but the triple incorrectly labels Salmonella as an allergen. | P3: DROP vì câu hỏi nhầm vi khuẩn gây bệnh với chất gây dị ứng thực phẩm, triple Salmonella-as-allergen sai, và hai pass trước không thống nhất."
P0,human_llm_disagreement,11864,image001243,test,allergen_restrictions,DROP,KEEP,high,choices_not_same_type;distractor_includes_avoided_item;distractor_is_avoided_item;pass_disagreement;triples_do_not_support_final_answer;wrong_gold_answer,"P1: Câu hỏi phù hợp ảnh, nhưng đáp án đúng phải là A vì món đối diện đĩa thanh long là bò xào su hào; B là món cần tránh do tẩm bột. | P2: The triples correctly support that the top dish is battered fried squid and that fried batter may contain gluten, which is relevant to the gluten-allergy VQA. | P3: Đáp án đúng theo câu hỏi phải là A, vì B là món mực tẩm bột cần tránh; hai pass cũng đang bất đồng."
P0,human_llm_disagreement,14380,image002304,test,allergen_restrictions,DROP,KEEP,high,no_fully_correct_choice;pass_disagreement;position_relation_incorrect;triples_incomplete_for_question,"P1: Món cao nhất là tôm rim và đúng là dị ứng giáp xác, nhưng nó không đối xứng qua tâm với chén nước tương ở góc dưới bên phải; không có lựa chọn nào hoàn toàn đúng. | P2: Các triples đúng và hỗ trợ phần dị ứng: món ở vị trí cao nhất là tôm rim, tôm thuộc nhóm giáp xác có nguy cơ gây dị ứng. | P3: D đúng về dị ứng giáp xác nhưng sai/không được hỗ trợ về quan hệ vị trí đối xứng với chén nước tương, nên không nên chấp nhận."
P0,human_llm_disagreement,1108,image001536,test,cooking_technique,DROP,KEEP,high,irrelevant_to_question;irrelevant_triples;pass_disagreement;unsupported_food_fact;wrong_cooking_technique;wrong_food_item,"P1: Question correctly targets the bottom-right dish on the left tray, whose caramel-brown color and name indicate stir-frying with sweet-sour sauce; choices are distinct cooking methods and only D is correct. | P2: The supporting triple does not match the asked dish or its cooking method; the correct support should concern sườn xào chua ngọt and xào/sốt chua ngọt. | P3: DROP vì triple hỗ trợ sai món và sai kỹ thuật nấu, trong khi Pass 1 và Pass 2 cũng bất đồng."
P0,human_llm_disagreement,1282,image001614,test,cooking_technique,DROP,KEEP,high,answerable_without_triples;irrelevant_triple;pass_disagreement;unsupported_reasoning_chain,"P1: Question matches the visible dishes and description: lower-left is gà kho gừng, center is thịt kho tiêu; answer B correctly distinguishes the cooking methods, and other choices are same-type but clearly incorrect. | P2: Triple về rau cải luộc không hỗ trợ câu hỏi so sánh kỹ thuật kho gừng và kho tiêu. | P3: DROP vì triple về rau cải luộc không liên quan đến câu hỏi so sánh gà kho gừng và thịt kho tiêu, đồng thời Pass 1 và Pass 2 mâu thuẫn."
P0,human_llm_disagreement,2808,image002330,test,cooking_technique,DROP,KEEP,medium,no_clear_correct_choice;not_visually_verifiable;pass_disagreement;triple_insufficient_or_wrong;unsupported_cooking_step;unsupported_food_fact,"P1: The dishes match the image/description, but 'fried before braising' for the fish is not visually supported or stated; the clear technique would be braised vs boiled. | P2: Triple is relevant and supports the option that the upper-right fish dish involves frying, though it does not capture the full contrast with boiled pork. | P3: Reject because the key claim that the upper-right fish was fried before braising is not supported by the image or reliable triples, and the previous passes disagree."
P0,human_llm_disagreement,8830,image000054,test,cooking_technique,DROP,KEEP,high,irrelevant_triples_used;not_useful_for_answer;pass_disagreement;unsupported_cooking_technique;visual_ambiguity,"P1: Question matches the central Mì Quảng bowl and cooking-technique qtype; kho rim is the most plausible method for the richly colored shrimp/meat toppings, and the other choices are distinct techniques. | P2: Triple không hỗ trợ đáp án C vì kỹ thuật cần xác minh là kho rim, không phải chỉ nấu/trộn chung chung. | P3: DROP vì triple không hỗ trợ đáp án kho rim, bằng chứng hình ảnh không đủ chắc để xác định kỹ thuật nấu, và hai pass trước mâu thuẫn rõ ràng."
P0,human_llm_disagreement,8854,image000064,test,cooking_technique,DROP,KEEP,medium,imprecise_subject;imprecise_target;knowledge_only_answer;not_visually_inferable;pass_disagreement;unsupported_gold_answer;unsupported_or_imprecise_triple,"P1: The image shows canh chua and nước chấm, but no visual evidence supports 'chiên sơ' or any specific cooking technique for the ingredients. | P2: The triple is relevant to answer A, but it is too broad because the VQA asks about 'chiên sơ' applied to an ingredient, not simply 'Chiên' as a general technique for the whole soup. | P3: Không có bằng chứng thị giác cho kỹ thuật chiên sơ; triple cũng mơ hồ/không đủ hỗ trợ, nên không nên chấp nhận hàng này."
P0,human_llm_disagreement,9368,image000276,test,cooking_technique,DROP,KEEP,medium,irrelevant_triple;pass_disagreement;unsupported_specific_technique;wrong_food_item,"P1: Question matches the bottom-right fried fish; answer B is plausible, though the image supports frying more clearly than specifically deep-frying. | P2: Triple không hỗ trợ câu hỏi về món cá chiên ở góc dưới bên phải; nó nói về rau muống xào tỏi. | P3: DROP vì triple dùng sai món ăn và không hỗ trợ câu hỏi về cá chiên; hai pass cũng mâu thuẫn rõ ràng."
P0,human_llm_disagreement,10475,image002026,test,cooking_technique,DROP,KEEP,high,answerable_without_triples;irrelevant_triple;pass_disagreement;wrong_food_item,"P1: Question correctly refers to the bottom-right thịt kho đậu phụ; the dark brown color and texture match the braising/kho method, and only choice C is correct. | P2: Triple không hỗ trợ VQA vì hỏi món thịt kho đậu phụ ở góc dưới bên phải, không phải rau muống luộc. | P3: DROP vì triple nói về rau muống luộc, không hỗ trợ câu hỏi về phương pháp kho của món thịt kho đậu phụ ở góc dưới bên phải."
P0,human_llm_disagreement,10971,image001796,test,cooking_technique,DROP,KEEP,high,answerable_despite_bad_triple;irrelevant_triple;pass_disagreement;wrong_subject,"P1: Question matches the bottom-right roasted chicken beside fried sticky rice; the correct cooking method is roasting, and the choices are distinct cooking techniques with only one correct answer. | P2: Triple đúng về kỹ thuật quay nhưng sai chủ thể: cần là Gà quay ở góc dưới bên phải, không phải Vịt quay. | P3: Question/answer likely correct, but triples_used points to Vịt quay instead of the targeted Gà quay, and prior passes disagree, so this should be reviewed."
P0,human_llm_disagreement,191,image001287,test,dietary_restrictions,DROP,KEEP,high,ambiguous_vegan_status;multiple_correct_choices;pass_disagreement;unsupported_prepared_dish_fact;visual_evidence_insufficient,"P1: Question matches the top-left măng xào, but vegan suitability cannot be confirmed from image/name alone, and choices A and D are both valid 'yes' answers. | P2: Các triple đúng với món măng xào ở góc trên trái và hỗ trợ kết luận món làm từ thực vật phù hợp chế độ thuần thực vật. | P3: DROP vì Pass 1/2 bất đồng, đáp án A và D đều hợp lý, và ảnh/triples không đủ chứng minh món măng xào hoàn toàn thuần thực vật."
P0,human_llm_disagreement,225,image001304,test,dietary_restrictions,DROP,KEEP,medium,ambiguous_multiple_possible;answer_not_visually_verifiable;choices_not_same_type;dietary_assumption;dietary_tag_mismatch;insufficient_support_for_whole_dish;irrelevant_or_insufficient_triples;pass_disagreement;question_answerable_by_location;unsupported_dietary_claim,"P1: Question matches the central mixed rice visually, but vegan suitability cannot be verified from the image and choices are uneven/ambiguous; kimchi or other dishes could also be argued depending on ingredients. | P2: Triples are partly relevant, but rice being vegetarian/plant-based is insufficient to verify the central mixed rice dish is suitable for a vegan diet. | P3: Reject: the vegan claim for the central mixed rice is unsupported by image or triples, and prior passes already flag disagreement/ambiguity."
P0,human_llm_disagreement,291,image001348,test,dietary_restrictions,DROP,KEEP,medium,ambiguous_ingredients;dietary_not_visually_verifiable;insufficient_support_for_answer;insufficient_triple_support;pass_disagreement;vegetarian_not_equal_vegan,"P1: The image/positions match, but vegan suitability cannot be verified from the image, and knowing the lower-left dish is vegetarian does not prove it is fully plant-based. | P2: Các triple hợp lệ cho bát chè bưởi phía dưới bên trái, nhưng không hỗ trợ bát chè khoai môn phía dưới bên phải nên chưa đủ để chứng minh đáp án D. | P3: Không nên chấp nhận vì đáp án D cần chứng minh cả hai bát đều thuần thực vật, nhưng triples chỉ hỗ trợ gián tiếp bát dưới trái và không chứng minh bát dưới phải."
P0,human_llm_disagreement,575,image000100,test,dietary_restrictions,DROP,KEEP,medium,ambiguous_referent;insufficient_dietary_support;irrelevant_subject;irrelevant_triples;pass_disagreement;wrong_food_item,"P1: Câu hỏi có thể ám chỉ nem rán ở góc dưới phải cạnh rau sống, khi đó đáp án B đúng; nhưng vị trí này cũng dễ nhầm với đĩa xôi vò gần đó. | P2: Triples discuss chicken, while the VQA asks about nem rán near the raw vegetables; they do not support why it is not plant-based. | P3: DROP vì triples_used nói về gà luộc chứ không hỗ trợ món được hỏi, và vị trí góc dưới bên phải cạnh rau sống còn dễ nhầm giữa nem rán và xôi vò."
P0,human_llm_disagreement,677,image000157,test,dietary_restrictions,DROP,KEEP,medium,ambiguous_vegan_suitability;gold_answer_overclaims;insufficient_support_for_vegan_claim;multiple_plausible_choices;pass_disagreement;seasoning_uncertain;triples_do_not_support_full_dish,"P1: Question matches the upper-right tofu-pineapple dish, but vegan suitability cannot be confirmed from the image because animal-based seasonings may be used; D is more defensible than gold C. | P2: Triples are relevant and factually plausible, but they only show tofu is vegetarian/plant-based and do not prove the whole dish contains no animal-derived seasoning. | P3: Không nên chấp nhận vì đáp án C khẳng định món hoàn toàn thuần thực vật, trong khi ảnh và triples không chứng minh gia vị/chế biến không có thành phần động vật; D hợp lý hơn."
P0,human_llm_disagreement,1221,image001592,test,dietary_restrictions,DROP,KEEP,high,ambiguous_dietary_tag;ambiguous_vegetarian;answer_mismatch;dietary_tag_error;gold_answer_wrong;location_mismatch;triples_answer_mismatch;unsupported_choice;unsupported_food_fact,"P1: Question asks for the vegetarian-suitable dish in the top-left corner, which is the omelet (D), but the gold answer is cucumber (C) in the bottom-right; vegetarian status of egg also makes choices ambiguous. | P2: Triples focus on trứng chiên ở góc trên trái and imply D, while the provided answer is C dưa leo; egg-as-vegetarian is also questionable. | P3: Gold answer C conflicts with the question asking for the top-left dish; triples point to D and include a questionable egg-as-chay fact."
P0,human_llm_disagreement,2619,image002186,test,dietary_restrictions,DROP,KEEP,high,ignores_non_vegan_pho_ingredients;misleading_dietary_support;multiple_or_no_correct;not_visually_determinable;unsupported_food_fact;wrong_answer,"P1: Gold answer D is phở, which appears to contain meat/broth and is not a plant-based choice; none of the listed main dishes is clearly vegan from the image. | P2: Triple 1 incorrectly supports pho as suitable for a plant-based diet despite the described pho containing beef; the support is unsuitable for this VQA. | P3: DROP: Đáp án D không phù hợp vì tô phở được mô tả có thịt bò; triples chỉ nói bánh phở chay nên không hỗ trợ món phở thuần thực vật."
P0,human_llm_disagreement,2671,image002209,test,dietary_restrictions,DROP,KEEP,medium,ambiguous_spatial_reference;answer_not_verifiable;dietary_ambiguity;incomplete_support;multiple_plausible_choices;pass_disagreement,"P1: Câu hỏi dùng vị trí 'nằm cạnh rau lang' và 'đối diện củ kiệu' không xác định duy nhất trong ảnh; đáp án C không thể xác minh chắc chắn, nhất là nước chấm/canh có thể không phù hợp ăn chay thuần. | P2: Both triples correctly establish that thịt heo quay contains pork and is non-vegetarian, but they only support the non-vegan item, not the other dish in answer C. | P3: Reject: vị trí món ăn không xác định duy nhất và triples chỉ hỗ trợ thịt heo không chay, nên đáp án C không thể xác minh chắc chắn."
P0,human_llm_disagreement,5524,image000999,test,dietary_restrictions,DROP,KEEP,medium,ambiguous_vegan_answer;answer_not_unique;ingredient_specificity_uncertain;multiple_possible_correct;pass_disagreement;unsupported_triples;vegan_status_not_verifiable,"P1: Question matches the image, but both vegetable soup and fried tofu with scallion oil could plausibly be vegan, while broth/fat ingredients are not visually confirmable, so answer B is not uniquely valid. | P2: Triples support that a leafy vegetable soup could be vegetarian, but the specific ingredient rau muong is not fully verifiable from the image/VQA. | P3: Reject: answer B is not uniquely justified because both candidate dishes could be vegan, and the triples do not verify vegan suitability or the soup ingredients."
P0,human_llm_disagreement,5666,image001079,test,dietary_restrictions,DROP,KEEP,medium,ambiguous_ingredients;ambiguous_visual_evidence;answer_not_fully_verifiable;answer_not_verifiable;multiple_choice_issue;multiple_plausible_choices;pass_disagreement;unsupported_food_fact,"P1: Câu hỏi khớp ảnh nhưng đáp án A không chắc đúng vì dưa cải chua xào có thể xào với gia vị/đạm động vật, còn canh chua cũng có thể chứa cá/thịt; choices dựa vào thành phần không quan sát/xác minh được. | P2: Các triple hỗ trợ đúng rằng món bên trái là dưa cải chua xào có thành phần thực vật/phù hợp ăn chay, liên quan trực tiếp đến đáp án A. | P3: Không nên tự động giữ vì hai pass bất đồng và triples không chứng minh món dưa cải chua xào hoàn toàn thuần thực vật."
P0,human_llm_disagreement,5721,image001132,test,dietary_restrictions,DROP,KEEP,high,ambiguous_dietary_tag;irrelevant_or_incomplete_triples;pass_disagreement;wrong_gold_answer,"P1: Gold answer B is incorrect because both nem lụi and the brown-yellow soup with minced meat are not suitable for a vegan diet; D is the correct choice. | P2: Nem lụi thường có thịt lợn nên không phù hợp thuần thực vật, nhưng tag 'mặn' chưa trực tiếp hỗ trợ tiêu chí vegan. | P3: Answer B should not be accepted because the soup is also described as having minced meat, so D is more plausible; triples do not support the full comparison."
P0,human_llm_disagreement,6234,image001015,test,dietary_restrictions,DROP,KEEP,medium,ambiguous_choices;mixed_choice_types;pass_disagreement;qtype_mismatch;unsupported_food_fact,"P1: Question correctly points to súp lơ xào mực, and D can be valid as a non-vegetarian savory dish, but choices mix dietary restriction, taste, and nutrition labels with ambiguity. | P2: Món phía trên trung tâm là súp lơ xào mực; mực là nguyên liệu động vật nên phù hợp với nhãn món mặn, hỗ trợ đáp án D. | P3: REVIEW vì hai pass không thống nhất, lựa chọn mơ hồ và triple gán 'mặn' cho mực không phải là fact dinh dưỡng rõ ràng."
P0,human_llm_disagreement,6266,image001236,test,dietary_restrictions,DROP,KEEP,medium,ambiguous_choice;ambiguous_dietary_label;choices_not_same_type;pass_disagreement;possible_multiple_correct;unsupported_food_fact,"P1: Question matches the image and the bottom-left dish is mướp đắng xào trứng; D is likely intended as non-vegetarian, but choices mix diet categories and B low-carb could also be arguable. | P2: Món góc dưới bên trái là mướp đắng xào trứng; có trứng nên không thuần chay và phù hợp nhóm món mặn. | P3: Should route to REVIEW because the answer D is likely intended, but the option set is inconsistent and the triple mapping egg -> 'mặn' is not a robust dietary fact."
P0,human_llm_disagreement,6269,image001244,test,dietary_restrictions,DROP,KEEP,high,ambiguous_answer_label;ambiguous_question;choice_type_mismatch;pass_disagreement;qtype_mismatch,"P1: Món phía trên là gà rang lá chanh và đáp án 'Mặn' có thể đúng, nhưng câu hỏi/qtype về dietary_restrictions không khớp và các lựa chọn không cùng loại. | P2: Món phía trên là gà rang lá chanh, có thành phần thịt gà nên phù hợp với nhãn ăn mặn. | P3: Không nên giữ vì hai pass mâu thuẫn và lựa chọn 'Mặn' mơ hồ giữa vị mặn và món không chay, làm câu hỏi dietary_restrictions không nhất quán."
P0,human_llm_disagreement,6507,image001869,test,dietary_restrictions,DROP,KEEP,medium,ambiguous_choices;ingredient_too_specific;mixed_diet_axes;triples_not_strongly_grounded;unsupported_specific_ingredient,"P1: Question correctly targets the bottom-center grilled meat skewers and D is valid, but choice B is a different diet axis and could also plausibly apply to a meat dish, making choices ambiguous. | P2: Ảnh và VQA xác nhận món là thịt xiên nướng nên phù hợp chế độ ăn mặn, nhưng triple nói cụ thể thịt lợn hơi vượt quá bằng chứng. | P3: Nên REVIEW vì đáp án D hợp lý nhưng lựa chọn B cũng có thể áp dụng theo trục ăn kiêng tinh bột, và triple khẳng định thịt lợn không được ảnh hỗ trợ chắc chắn."
P0,human_llm_disagreement,6592,image000644,test,dietary_restrictions,DROP,KEEP,high,hallucinated_ingredient;irrelevant_support;pass_disagreement;unsupported_triples,"P1: Question matches the image and listed items; pork xá xíu and nước mắm ớt make the correct dietary classification 'chế độ ăn mặn', with no other valid choice. | P2: Các triple dùng tôm làm căn cứ nhưng ảnh và câu hỏi nói về thịt xá xíu/nước mắm ớt, nên không hỗ trợ đúng cho VQA. | P3: DROP vì triples_used dựa vào tôm không xuất hiện trong ảnh/mô tả/câu hỏi, và Pass 1 với Pass 2 bất đồng rõ ràng."
P0,human_llm_disagreement,6674,image000830,test,dietary_restrictions,DROP,KEEP,high,ambiguous_choices;multiple_possible_answers;non_unique_answer;pass_disagreement;underspecified_dietary_tag,"P1: Câu hỏi khớp ảnh: món ở góc trên bên trái so với chén nước chấm là rau muống luộc, phù hợp thuần thực vật; tuy nhiên rau này cũng có thể phù hợp Keto/Paleo/thực dưỡng nên lựa chọn không hoàn toàn loại trừ nhau. | P2: Món ở góc trên bên trái là rau muống luộc, có nguồn gốc thực vật và phù hợp với lựa chọn thuần thực vật. | P3: Rau muống luộc is visibly plant-based, but it can also fit Keto/Paleo/thực dưỡng, and the 'chay' triple does not uniquely justify 'thuần thực vật'."
P0,human_llm_disagreement,9195,image000199,test,dietary_restrictions,DROP,KEEP,high,answer_not_supported_by_triples;does_not_support_answer;irrelevant_triples;misleading_dietary_tag;pass_disagreement,"P1: Câu hỏi khớp ảnh và mô tả; bữa ăn có ếch, thịt viên và cá nên phân loại phù hợp nhất là chế độ ăn mặn, các lựa chọn còn lại không đúng. | P2: Triple đầu đúng về nguyên liệu măng, nhưng triple thứ hai gây lệch hướng vì bữa ăn có ếch, thịt viên và cá nên phân loại phù hợp là ăn mặn. | P3: Nên loại vì triples_used gây nhiễu hướng chay và không hỗ trợ đáp án ăn mặn, trong khi hai pass trước cũng bất đồng."
P0,human_llm_disagreement,11140,image000007,test,dietary_restrictions,DROP,KEEP,medium,ambiguous_dietary_tag;choice_claims_not_visible;irrelevant_or_incomplete_triples;multiple_plausible_answers;unsupported_animal_ingredient;unverifiable_animal_ingredient;visual_evidence_ambiguous,"P1: Question matches the image, but the animal-origin filling and animal fat in choices cannot be verified from the image or listed food items alone. | P2: Triple về thịt lợn trong bánh cuốn phù hợp để hỗ trợ đáp án C, nhưng nhãn 'mặn' không đủ rõ cho tiêu chí thuần thực vật. | P3: The chosen answer relies on unverifiable assumptions about pork filling, while the sauce is relevant but unsupported by triples, so this row should not be silently accepted."
P0,human_llm_disagreement,11247,image000276,test,dietary_restrictions,DROP,KEEP,high,hidden_ingredients_not_verifiable;multiple_correct_choices;pass_disagreement;unsupported_food_fact,"P1: Question matches the top-right rau muống xào tỏi and gold A is plausible, but choice C is also a reasonable correct yes-answer, making the choices non-unique. | P2: Các triple đúng với món rau muống xào tỏi trong ảnh và hỗ trợ kết luận món rau có thành phần thực vật, phù hợp với lựa chọn A. | P3: Không nên chấp nhận vì A và C đều hợp lý, còn khẳng định món hoàn toàn không có thành phần động vật không được ảnh hoặc triples chứng minh."
P0,human_llm_disagreement,11467,image000535,test,dietary_restrictions,DROP,KEEP,medium,answer_not_visually_verifiable;dietary_ambiguity;multiple_plausible_choices;pass_disagreement;unsupported_food_fact;weak_distractors,"P1: Question matches the image, but the animal-derived filling in chả giò is not visible or guaranteed; vegan suitability is ambiguous and some choices are weak. | P2: Các triple đều phù hợp để hỗ trợ đáp án C: chả giò thường có thịt lợn, và thịt lợn là thành phần không phù hợp với chế độ thuần thực vật. | P3: Không nên tự động giữ vì đáp án dựa vào giả định chả giò có thịt lợn, điều này không thấy rõ trong ảnh và Pass 1/Pass 2 đang bất đồng."
P0,human_llm_disagreement,11567,image000644,test,dietary_restrictions,DROP,KEEP,high,irrelevant_triples;pass_disagreement;poor_vqa_support;unsupported_food_fact;unsupported_ingredient,"P1: Question matches the image and dietary qtype; D is correct because the central bowl visibly contains pork/xá xíu and crispy pork fat, so it is not vegan. | P2: Các triples không hỗ trợ đúng câu hỏi thuần thực vật; ảnh và mô tả cho thấy thành phần động vật chính là thịt xá xíu/tóp mỡ, không phải tôm hay vị mặn. | P3: DROP vì triples_used sai/không liên quan và hai pass bất đồng; đáp án đúng dựa vào thịt xá xíu/tóp mỡ trong ảnh chứ không phải tôm."
P0,human_llm_disagreement,11610,image000698,test,dietary_restrictions,DROP,KEEP,medium,gold_incorrect;incomplete_support;no_correct_choice;pass_disagreement;uniqueness_false;unsupported_vegan_claim,"P1: Gold C is not valid because strawberries on the table are also plant-based/vegan, so the top-left mushroom dish is not the unique non-animal option. | P2: Các triple đúng và liên quan đến món nấm xào, nhưng chưa hỗ trợ trực tiếp phần so sánh với thịt chân giò hoặc tính 'duy nhất'. | P3: DROP vì đáp án C sai/không duy nhất: dâu tây cũng là lựa chọn thuần thực vật, trong khi triples không chứng minh tính duy nhất hay vegan tuyệt đối của món nấm xào."
P0,human_llm_disagreement,11671,image000790,test,dietary_restrictions,DROP,KEEP,medium,multiple_correct_choices;pass_disagreement;unsupported_specific_ingredient;visual_ingredient_uncertain;weak_dietary_tag,"P1: Question matches the image and C is plausible for chả giò, but D may also be correct because the mentioned dipping sauce can contain fish sauce, and animal ingredients are not visually certain. | P2: Các triples liên quan trực tiếp đến chả giò và thành phần thịt lợn, hỗ trợ đáp án món không phù hợp với chế độ thuần thực vật. | P3: Route to REVIEW because C and D are both plausible, the pork ingredient is not visually confirmed, and the verifier passes disagree."
P0,human_llm_disagreement,11777,image001159,test,dietary_restrictions,DROP,KEEP,medium,answerable_despite_incomplete_triples;incomplete_support;indirect_dietary_fact;pass_disagreement,"P1: Question correctly refers to the pork dish on the left and green bean with meat dish on the right; neither is fully plant-based, so answer B is correct. | P2: Các triple đúng và liên quan đến đĩa thịt luộc, nhưng chưa có triple xác nhận đĩa đậu que bên phải có thịt nên không đủ hỗ trợ đầy đủ đáp án B. | P3: Nên REVIEW vì hai pass bất đồng và triples chỉ chứng minh món bên trái có thịt lợn, chưa hỗ trợ đầy đủ món đậu que xào thịt bên phải."
P0,human_llm_disagreement,11983,image001333,test,dietary_restrictions,DROP,KEEP,medium,ambiguous_target;pass_disagreement;question_answerable_despite_flawed_reference;spatial_mismatch;unsupported_reason_detail,"P1: The target dish is likely thịt ba chỉ luộc and the vegan answer is correct, but the question's spatial reference says it is left of the lòng lợn bowl, which does not match the image clearly. | P2: Các triple đúng với món thịt ba chỉ luộc trong khay tre và hỗ trợ đáp án không phù hợp thuần thực vật vì là món mặn từ động vật. | P3: Route to REVIEW because the question mislocates the target tray and the two verifier passes disagree, even though the intended answer is likely non-vegan pork."
P0,human_llm_disagreement,12017,image001372,test,dietary_restrictions,DROP,KEEP,medium,dietary_status_ambiguous;pass_disagreement;spatial_relation_error;specific_ingredient_not_verified;unsupported_specific_ingredient;wrong_gold_answer,"P1: Canh rau appears plant-based, but it is to the right/upper-right of the muối ớt bowl, so the correct choice should be C, not A. | P2: Triple về rau muống là thực vật hợp lý, nhưng việc bát canh chắc chắn chứa rau muống không đủ bằng chứng từ ảnh/VQA. | P3: Reject because the labeled answer has the wrong left/right relation, and the triples add unsupported ingredient evidence."
P0,human_llm_disagreement,12047,image002206,test,dietary_restrictions,DROP,KEEP,medium,ambiguous_choice;answer_not_supported;answer_not_supported_by_triples;insufficient_support;irrelevant_triples;pass_disagreement;spatial_mismatch,"P1: Gold B is the best vegan-looking option, but the spatial clue more directly points near the shrimp crackers, and choice C is visually/semantically ambiguous as possibly vegetarian. | P2: Triples are factually plausible but only describe gỏi tôm thịt/pork, not the correct vegan option rau xào tỏi or its position. | P3: DROP vì hai pass bất đồng, triples không hỗ trợ đáp án rau xào tỏi, và mô tả vị trí/độ chay của các lựa chọn còn mơ hồ."
P0,human_llm_disagreement,14146,image001924,test,dietary_restrictions,DROP,KEEP,high,ambiguous_answer_rationale;multiple_correct_choices;pass_disagreement;unsupported_or_weak_triple,"P1: Answer A is correct because the bowl contains shrimp/egg, but D may also be correct since the dipping sauce is nước mắm, an animal-derived fish sauce. | P2: The bowl visibly contains shrimp, an animal-derived ingredient, so the meal is not suitable for a fully plant-based/vegan diet. | P3: Không nên giữ vì A và D đều có thể đúng: bát mì có tôm/trứng, còn nước mắm cũng có nguồn gốc động vật; hai pass trước cũng bất đồng."
P0,human_llm_disagreement,14148,image001927,test,dietary_restrictions,DROP,KEEP,medium,dietary_mismatch;dietary_tag_too_broad;gold_answer_wrong;insufficient_support_for_answer_d;pass_disagreement;unsupported_triples,"P1: Món cải ngồng xào dầu hào ở góc trên trái không phù hợp thuần thực vật do có dầu hào, nên chỉ rau củ thập cẩm góc trên phải là đáp án đúng. | P2: Triples only support the top-right mixed vegetables and do not verify the top-left oyster-sauce greens or fully establish vegan suitability. | P3: Answer D should be rejected because oyster sauce makes the top-left dish non-vegan, while triples only weakly support the top-right dish."
P0,human_llm_disagreement,14174,image001961,test,dietary_restrictions,DROP,KEEP,high,incomplete_triples_for_disambiguation;multiple_correct_choices;pass_disagreement,"P1: Question matches the image, and tofu is plant-based, but rau sống is also fully plant-based, so both C and D can be correct. | P2: Các triple đúng và liên quan: đậu hũ là thành phần chính của món đậu hủ tẩm hành và phù hợp chế độ ăn chay/thuần thực vật hơn các món có gan hoặc mọc. | P3: Both tofu dish and raw vegetables are plant-based, so answer C is not uniquely correct; Pass 1 and Pass 2 also disagree."
P0,human_llm_disagreement,14188,image001971,test,dietary_restrictions,DROP,KEEP,medium,ambiguous_vegan_status;gold_answer_wrong;irrelevant_or_misaligned_triples;pass_disagreement;unsupported_food_fact;unsupported_meat_detail;wrong_gold_answer,"P1: Món bên trái đĩa thịt luộc là canh cải màu xanh lá nhạt; mô tả/food_items không nêu thịt băm, nên đáp án A không được hỗ trợ và B có vẻ đúng hơn. | P2: Triples support that the soup contains pork/minced meat, so it is not suitable for a plant-based diet; the image shows a light green soup left of the boiled pork plate. | P3: Reject: món bên trái là Canh cải màu xanh lá nhạt; triples tự thêm thịt băm/thịt lợn không được hỗ trợ, khiến đáp án A không đáng tin."
P0,human_llm_disagreement,14350,image002209,test,dietary_restrictions,DROP,KEEP,high,irrelevant_triples;unsupported_reasoning;wrong_gold_answer;wrong_referent,"P1: Món bên phải cạnh rau lang luộc là củ kiệu muối có nguồn gốc thực vật nên phù hợp ăn thuần thực vật; đáp án đúng phải là B, không phải A. | P2: The triples support roasted pork, but the question’s location points to the pickled củ kiệu beside the rau lang, so they are unsuitable. | P3: The dish to the right of the boiled sweet potato leaves is likely pickled củ kiệu, a plant-based item, so the gold answer A and pork-related triples are incorrect."
P0,human_llm_disagreement,590,image000105,test,dish_classification,DROP,KEEP,high,answer_spatial_mismatch;no_fully_correct_choice;position_mismatch;triple_insufficient_for_question;wrong_answer,"P1: Món ở góc trên bên trái là nem rán/món khô, nhưng nó nằm phía trên bát chè đậu đỏ chứ không phải đối diện chéo, nên đáp án B không đúng hoàn toàn. | P2: Triple đúng: nem rán là món khô, nhưng đáp án B có quan hệ vị trí không phù hợp vì nem rán nằm phía trên/cùng bên trái so với bát chè đậu đỏ, không phải đối diện chéo. | P3: Đáp án B chỉ đúng phần món khô; quan hệ vị trí với bát chè đậu đỏ sai, và không có lựa chọn nào đúng đầy đủ."
P0,human_llm_disagreement,835,image000243,test,dish_classification,DROP,KEEP,high,irrelevant_triple;pass_disagreement;unsupported_answer_by_triple;wrong_dish_for_question,"P1: Question matches the described bottom-left dark fish dish; gold answer B correctly identifies it as món kho and below-left of the central dipping sauce, with no competing correct choices. | P2: Triple không hỗ trợ câu hỏi vì món cần xác định là cá kho ở góc dưới bên trái, không phải thịt heo quay. | P3: DROP vì triple duy nhất nói về thịt heo quay/món quay, không hỗ trợ câu hỏi về cá kho ở góc dưới bên trái, và Pass 1/Pass 2 bất đồng."
P0,human_llm_disagreement,2674,image002209,test,dish_classification,DROP,KEEP,high,answerable_without_triples;irrelevant_triple;pass_disagreement;wrong_dish_for_question,"P1: Question matches the image and described top-left dish; it is a soup/canh, and the distractors are distinct dish categories with only one correct answer. | P2: Triple không hỗ trợ câu hỏi vì nói về thịt heo quay, trong khi món cần phân loại ở góc trên bên trái là món canh. | P3: DROP vì triples_used nói về Thịt heo quay/Món Quay, không hỗ trợ câu hỏi về món canh ở góc trên bên trái, và Pass 1/Pass 2 bất đồng."
P0,human_llm_disagreement,3576,image000637,test,dish_classification,DROP,KEEP,high,answerable_without_valid_triple;irrelevant_support;pass_disagreement;wrong_dish_focus,"P1: Question correctly refers to the bánh xèo below the chả giò plate; D is the only matching dish classification and choices are distinct. | P2: The support triple describes Phở, while the question requires classifying bánh xèo located below the chả giò. | P3: DROP vì triple hỗ trợ nói về Phở, không phải bánh xèo được hỏi, và Pass 1/Pass 2 mâu thuẫn."
P0,human_llm_disagreement,3810,image000797,test,dish_classification,DROP,KEEP,medium,ambiguous_answer;mixed_choice_types;multiple_plausible_choices;not_fully_visual;pass_disagreement;taxonomy_ambiguity,"P1: Question matches the image, but the item is nem rán, which could plausibly be classified as both món khô and món cuốn; choices mix category types. | P2: Triple đúng: món vàng nâu ngay dưới bát nước dùng là nem rán, phù hợp nhóm món khô trong các lựa chọn. | P3: Nem rán dưới bát có thể được gán là món khô hoặc món cuốn tùy taxonomy, và hai pass đã bất đồng nên không nên silently accept."
P0,human_llm_disagreement,7703,image001008,test,dish_classification,DROP,KEEP,medium,ambiguous_dish_class;gold_answer_likely_wrong;multiple_plausible_choices;pass_disagreement;unsupported_food_fact,"P1: Question matches the shrimp with lemongrass in the image, but in a family meal this dish is more plausibly a main dish than an appetizer, making the gold answer C invalid/ambiguous. | P2: Triple correctly identifies Tôm hấp sả as the dish in the upper-right of the tray and matches the VQA answer category Món khai vị. | P3: Không nên chấp nhận vì đáp án C dựa vào triple phân loại không được ảnh chứng minh, trong khi tôm hấp sả cũng hợp lý là món chính trong bữa cơm gia đình."
P0,human_llm_disagreement,7711,image001013,test,dish_classification,DROP,KEEP,high,irrelevant_triple;pass_disagreement;unsupported_answer_evidence;wrong_dish_support,"P1: Question correctly refers to the bottom-right fish in tomato sauce; gold answer B is correct and choices are distinct cooking-method categories. | P2: The triple is factually plausible but irrelevant to the VQA, which needs support for Cá sốt cà chua as a món sốt. | P3: DROP vì triple_used nói về Chả rán thay vì Cá sốt cà chua, không hỗ trợ đáp án B và hai pass trước đang bất đồng."
P0,human_llm_disagreement,7906,image001166,test,dish_classification,DROP,KEEP,high,not_supporting_answer;pass_disagreement;unsupported_triple;wrong_dish_type,"P1: Question matches the top-center miến dish; answer D is correct and choices are distinct dish categories with only one best answer. | P2: Triple đi đúng món nhưng phân loại sai/nghiêng sang không liên quan; câu hỏi cần xác định đây là món miến. | P3: VQA visually appears valid, but triples_used is wrong/irrelevant and Pass 1 vs Pass 2 disagree, so the row should not be silently accepted."
P0,human_llm_disagreement,8011,image000499,test,dish_classification,DROP,KEEP,high,choices_not_same_type;classification_depends_on_food_knowledge;pass_disagreement,"P1: Question and gold answer match the top dish (gà rang lá chanh) as a savory dish, but choices mix broad meal categories with a cooking method like 'Món xào'. | P2: Triple correctly identifies Gà rang lá chanh as a savory main dish, matching the top yellow-brown dish with lime leaves and supporting answer D. | P3: Route to REVIEW because the verifiers disagree and the options mix classification levels, even though D is likely correct."
P0,human_llm_disagreement,8413,image000785,test,dish_classification,DROP,KEEP,high,label_mismatch;pass_disagreement;triple_not_directly_supportive,"P1: Question accurately refers to the front-center red beans and rice dish; answer A is correct and choices are clear single-category alternatives. | P2: Triple is relevant to the central red beans and rice dish, but its target does not directly support the answer choice 'Món cơm'. | P3: Visual answer A is plausible, but the triple target 'Món chính' does not directly match 'Món cơm' and the verifier passes disagree, so this should be reviewed."
P0,human_llm_disagreement,8632,image000901,test,dish_classification,DROP,KEEP,high,answerable_without_triples;irrelevant_triple;pass_disagreement;wrong_dish_focus,"P1: Question correctly refers to the bottom-right gỏi cuốn with shrimp and vegetables; answer C is the only suitable dish classification. | P2: Triple không hỗ trợ câu hỏi vì món cần phân loại là gỏi cuốn, không phải gà chiên. | P3: DROP vì triples_used nói về gà chiên, không hỗ trợ câu hỏi phân loại gỏi cuốn ở góc dưới bên phải, và hai verifier trước bất đồng."
P0,human_llm_disagreement,8705,image000007,test,dish_classification,DROP,KEEP,high,irrelevant_triple;not_answer_supporting;pass_disagreement;target_mismatch,"P1: Question, image description, food items, and dish_classification qtype align with bánh cuốn; answer A is correct and the other choices are distinct food categories. | P2: The image shows bánh cuốn and answer A, but the triple says it is a breakfast dish, which is not useful support for the asked classification. | P3: Answer A seems correct from the image, but the supporting triple is mismatched and Pass 1/Pass 2 disagree, so this row should be reviewed rather than silently accepted."
P0,human_llm_disagreement,9113,image000159,test,dish_classification,DROP,KEEP,high,answer_not_supported_by_triples;irrelevant_triple;pass_disagreement;wrong_support_dish,"P1: Question matches the image and description; the central lower dark-brown dish is Thịt kho tộ, correctly classified as Món kho. | P2: Triple đúng về món canh nhưng không liên quan và không hỗ trợ câu hỏi về Thịt kho tộ thuộc món kho. | P3: DROP vì triple_used nói về món canh, không liên quan đến câu hỏi phân loại Thịt kho tộ là món kho."
P0,human_llm_disagreement,9305,image000241,test,dish_classification,DROP,KEEP,high,answerable_without_triples;does_not_support_answer;irrelevant_triple;pass_disagreement,"P1: Question matches the image and described central mixed noodle dish; answer C is correct and choices are distinct food-category types. | P2: Triple không hỗ trợ phân loại món chính trong tô bánh đa trộn; nó chỉ nói về chén trứng vịt lộn bên trái. | P3: DROP vì triple chỉ nói về trứng vịt lộn bên trái, không hỗ trợ phân loại món chính trong tô trung tâm."
P0,human_llm_disagreement,9370,image000276,test,dish_classification,DROP,KEEP,medium,ambiguous_spatial_relation;choices_multiple_plausible;pass_disagreement;qtype_mismatch;triple_insufficient_for_answer,"P1: Question matches the image content, but qtype is not dish classification and the gold answer D is ambiguous because the stir-fried water spinach is more clearly beside/right of the pork and above the soup; choice C can also be interpreted as plausible. | P2: Triple correctly identifies Rau muống xào tỏi as a stir-fried dish, matching the top-right item referenced in the VQA. | P3: Không nên tự động chấp nhận vì câu hỏi thực chất hỏi vị trí, đáp án D mơ hồ với C, và triple chỉ hỗ trợ loại món xào chứ không đủ để xác nhận quan hệ không gian."
P0,human_llm_disagreement,9694,image000450,test,dish_classification,DROP,KEEP,high,choices_not_parallel;pass_disagreement,"P1: Question and gold answer match the image: the top-right dish is trứng luộc dầm mắm, a món mặn; however choices mix broad category, cooking method, soup, and dessert, so they are not fully same-type. | P2: Triple correctly identifies the top-right dish as trứng luộc dầm mắm and classifies it as a savory dish, matching the VQA answer. | P3: Gold answer appears correct, but Pass 1/2 disagree and the choices mix non-parallel food classifications, so this should be reviewed rather than silently kept."
P0,human_llm_disagreement,9742,image000453,test,dish_classification,DROP,KEEP,high,ambiguous_dish_classification;choices_mixed_type;gold_answer_ambiguous;no_clear_correct_choice;pass_disagreement;unsupported_food_fact,"P1: The question correctly points to the steamed shrimp, but classifying it as an appetizer is not clearly supported, and the choices mix course types with cooking/category labels. | P2: Triple correctly links the orange-pink circular dish (Tôm hấp) to the answer choice Món khai vị and supports the VQA. | P3: Không nên tự động giữ vì ảnh chỉ cho thấy tôm hấp, còn phân loại là món khai vị không được hỗ trợ rõ và hai pass trước mâu thuẫn."
P0,human_llm_disagreement,10024,image001251,test,dish_classification,DROP,KEEP,high,answerable_without_triple;irrelevant_triple;pass_disagreement;wrong_dish_support,"P1: Question matches the lower-left dark brown beef dish in the image, and the correct dish category is món kho; choices are comparable and only C is correct. | P2: Triple is factually plausible but irrelevant to the asked dish, which is bò kho tàu thuộc món kho. | P3: DROP vì triple được dùng nói về Su hào xào cà rốt, không hỗ trợ món Bò kho tàu trong câu hỏi, và hai pass trước bất đồng."
P0,human_llm_disagreement,10052,image001255,test,dish_classification,DROP,KEEP,high,irrelevant_triple;pass_disagreement;unsupported_grounding;wrong_dish_context,"P1: Question matches the top-left soup dish in the image; the correct classification is món canh, and all choices are distinct dish categories with only one correct answer. | P2: Triple không hỗ trợ câu hỏi vì hỏi về món canh phía trên bên trái, không phải Gà rang gừng. | P3: DROP vì triples_used nói về Gà rang gừng trong khi câu hỏi hỏi món canh củ quả hầm xương ở góc trên trái; Pass 1 và Pass 2 cũng bất đồng."
P0,human_llm_disagreement,10253,image001924,test,dish_classification,DROP,KEEP,high,answerable_without_valid_triple;does_not_support_answer;irrelevant_triple;pass_disagreement,"P1: Question, image description, food items, and qtype align; nước mắm tỏi ớt is correctly classified as a dipping condiment, and the choices are distinct. | P2: Triple không liên quan đến chén nước mắm tỏi ớt và không hỗ trợ phân loại 'Món gia vị chấm'. | P3: DROP vì triple_used không hỗ trợ đáp án C và Pass 1/Pass 2 bất đồng rõ ràng."
P0,human_llm_disagreement,10679,image001583,test,dish_classification,DROP,KEEP,high,ambiguous_category;multiple_correct_choices;pass_disagreement,"P1: Món bên phải là sườn xào chua ngọt; đáp án D 'Món mặn' đúng nhưng C 'Món xào' cũng đúng, nên lựa chọn có nhiều đáp án hợp lệ. | P2: Triple đúng: món ở phía bên phải là Sườn xào chua ngọt và phù hợp phân loại là món mặn trong ngữ cảnh VQA. | P3: Không nên chấp nhận vì món sườn xào chua ngọt vừa là món xào vừa là món mặn, nên có nhiều đáp án hợp lệ."
P0,human_llm_disagreement,1011,image001465,test,flavor_profile,DROP,KEEP,medium,ambiguous_flavor;answer_not_verifiable;irrelevant_triple;not_visually_answerable;pass_disagreement;unsupported_flavor_fact;wrong_subject,"P1: Question matches the central crab dish, but the dominant flavor and dipping sauce taste cannot be verified from the image, so the gold answer is ambiguous. | P2: Triple chọn đúng hướng vị mặn nhưng gắn sai món; câu hỏi nhắm tới cua ở trung tâm và nước chấm bên trái, không phải mì xào. | P3: The answer relies on unverifiable flavor inference, and the only triple is about mì xào rather than the central crab dish."
P0,human_llm_disagreement,7029,image001641,test,flavor_profile,DROP,KEEP,high,multiple_plausible_choices;pass_disagreement;triple_overrides_visual_evidence;visual_text_answer_mismatch;wrong_gold_answer,"P1: Question matches the image, but mentioning the lemon and chili points to a spicy-sour flavor, so A is more correct than gold answer D. | P2: Triple đúng và phù hợp với VQA vì hủ tiếu Nam Vang thường có nước dùng đậm đà, ngọt thanh, hỗ trợ trực tiếp đáp án D. | P3: The question highlights lemon and chili, so A is at least as plausible as D; the gold answer relies on a generic triple rather than the visual cue."
P0,human_llm_disagreement,7174,image001801,test,flavor_profile,DROP,KEEP,medium,choices_not_parallel;choices_not_same_type;flavor_texture_mixed;pass_disagreement;unsupported_food_fact_partial,"P1: Question matches the fried fish in the image and B is the closest answer, but the choices mix flavor with texture/mouthfeel, especially 'giòn rụm'. | P2: Triple đúng và hữu ích: cá chiên thường có đặc trưng giòn rụm, béo/ngậy, phù hợp đáp án B. | P3: Nên REVIEW vì đáp án B hợp lý nhất cho cá chiên nhưng câu hỏi về hương vị lại dùng 'giòn rụm' là kết cấu, và hai lượt verifier không thống nhất."
P0,human_llm_disagreement,7498,image001333,test,flavor_profile,DROP,KEEP,medium,ambiguous_answer;ambiguous_flavor_profile;item_name_mismatch;multiple_plausible_choices;pass_disagreement,"P1: Question locates the boiled pork belly tray, but its flavor could be both mild/naturally sweet and fatty/rich, so A and B are both plausible; 'tôm rim thịt' also mismatches the listed/image item. | P2: Triple correctly identifies the dish in the left bamboo tray as boiled pork belly and supports the answer about its light, naturally sweet flavor. | P3: Nên REVIEW vì hai pass bất đồng, câu hỏi gọi sai món 'tôm rim thịt', và thịt ba chỉ luộc có thể được hiểu là béo ngậy hoặc thanh ngọt tự nhiên."
P0,human_llm_disagreement,7513,image001341,test,flavor_profile,DROP,KEEP,high,pass_disagreement;triple_misaligned_with_visual_context;unsupported_food_fact;wrong_gold_answer,"P1: Question matches the image and flavor-profile qtype, but the main chả cá with mắm tôm/herbs is best described as salty-pungent and savory, not 'vị ngọt dai thanh tao'. | P2: Triple phù hợp với món chả cá trong chảo và hỗ trợ trực tiếp lựa chọn hương vị 'ngọt, dai' của đáp án C. | P3: The image and question emphasize chả cá eaten with mắm tôm and herbs, making A more plausible than C; prior verifier outputs also directly disagree."
P0,human_llm_disagreement,7518,image001342,test,flavor_profile,DROP,KEEP,high,ambiguous_visual_evidence;no_clear_correct_choice;pass_disagreement;unsupported_triple;wrong_answer,"P1: Image and question match chả cá, but the gold answer 'vị ngọt đậm, dai giòn' is not the characteristic flavor; the dish is more savory/aromatic/rich with fish sauce, herbs, turmeric, and peanuts. | P2: Triple correctly captures the characteristic sweet and chewy flavor/texture of chả cá and supports choice D for this VQA. | P3: Passes disagree, and answer D relies on an unsupported flavor triple; chả cá is not most characteristically 'vị ngọt đậm, dai giòn', with no clear correct option provided."
P0,human_llm_disagreement,8297,image000698,test,flavor_profile,DROP,KEEP,medium,answer_questionable;multiple_plausible_choices;pass_disagreement;question_subjective;subjective_flavor_question;unsupported_triple_fact,"P1: Question correctly points to the top-left mushroom dish, but its flavor cannot be verified visually and the saucy stir-fry may be more đậm đà than thanh đạm. | P2: Triple đúng món nấm xào ở góc trên bên trái và hỗ trợ trực tiếp đáp án vị thanh đạm. | P3: Không nên silently accept vì hương vị của nấm xào không thể xác minh bằng ảnh, và món xào có sốt có thể là thanh đạm hoặc đậm đà."
P0,human_llm_disagreement,8332,image000716,test,flavor_profile,DROP,KEEP,medium,ambiguous_condiment;ambiguous_visual_reference;answer_mismatch_risk;irrelevant_triples_used;pass_disagreement;wrong_answer,"P1: Câu hỏi khớp vị trí gà luộc nhưng chén gia vị ở trung tâm phía dưới dễ là tương ớt hoặc muối tiêu chanh; khi kết hợp không thể là 'vị ngọt thanh tự nhiên', nên đáp án vàng không đúng. | P2: Triple về Gà luộc có vị ngọt tự nhiên là đúng và hỗ trợ đáp án C, nhưng câu hỏi nhắc gia vị ở trung tâm phía dưới có thể là tương ớt/muối tiêu chanh nên đáp án khá mơ hồ. | P3: Không nên giữ vì câu hỏi phụ thuộc vào chén gia vị mơ hồ ở trung tâm phía dưới, trong khi triple chỉ nói vị tự nhiên của gà luộc và không hỗ trợ phần 'kết hợp với gia vị'."
P0,human_llm_disagreement,8552,image000847,test,flavor_profile,DROP,KEEP,medium,ambiguous_flavor;leading_question_context;multiple_plausible_answers;pass_disagreement;subjective_flavor;unsupported_food_fact;weak_gold_answer,"P1: The image location is correct, but the flavor question is subjective: upper-right is boiled chicken, while answer A seems driven by the grapes rather than the chicken. | P2: Triple đúng và phù hợp: gà luộc ở góc trên bên phải thường có vị ngọt tự nhiên, khớp với đáp án A. | P3: REVIEW vì câu hỏi hương vị mang tính suy đoán, đáp án A bị ảnh hưởng bởi nho, và hai pass trước không thống nhất."
P0,human_llm_disagreement,8666,image000928,test,flavor_profile,DROP,KEEP,high,choice_type_mismatch;multiple_plausible_choices;pass_disagreement;spatial_flavor_leap;unsupported_food_fact;wrong_gold_answer,"P1: Question generally matches the image and food items, but gold answer D is not the best flavor profile; it mixes taste with texture, while A is more plausible for chả cá with lạc and mắm tôm. | P2: Triple correctly supports the selected flavor profile for chả cá in this VQA. | P3: DROP vì đáp án D dựa trên triple hương vị không chắc chắn, trộn vị với kết cấu, trong khi A hợp lý hơn với chả cá, lạc rang và mắm tôm; Pass 1 và Pass 2 cũng mâu thuẫn."
P0,human_llm_disagreement,10366,image001971,test,flavor_profile,DROP,KEEP,high,irrelevant_support;pass_disagreement;unsupported_food_fact;wrong_subject,"P1: Question correctly identifies the light green soup near the orange carrot juice and sliced boiled meat; its main flavor is plausibly light/mild, and the other flavor choices are distinct. | P2: Triple không hỗ trợ đúng món được hỏi; câu hỏi cần đặc điểm vị của canh cải màu xanh lá nhạt, không phải thịt luộc. | P3: DROP vì triple dùng sai món: hỏi Canh cải nhưng bằng chứng lại là flavorProfile của Thịt luộc; Pass 1 và Pass 2 cũng mâu thuẫn."
P0,human_llm_disagreement,10533,image002064,test,flavor_profile,DROP,KEEP,medium,choice_type_mismatch;incomplete_triple_support;ingredient_context_ignored;multiple_plausible_choices;pass_disagreement;wrong_gold,"P1: Câu hỏi đúng món cá chiên bên trái trên xoài xanh, nhưng đáp án D thiên về kết cấu/béo ngậy và bỏ qua vị chua của xoài; các lựa chọn không đồng nhất kiểu hương vị. | P2: Triple correctly supports the fried fish dish's dominant crispy and rich/fatty flavor profile, matching choice D. | P3: Không nên chấp nhận âm thầm vì Pass 1 và Pass 2 mâu thuẫn, và đáp án D chỉ dựa vào cá chiên mà bỏ qua xoài xanh được nêu trực tiếp trong câu hỏi."
P0,human_llm_disagreement,266,image001333,test,food_pairings,DROP,KEEP,high,ambiguous_choices;pass_disagreement;unsupported_triple_for_image;visual_answer_conflict;wrong_gold,"P1: Question matches the image, but the visible/listed dipping sauce is nước mắm, so gold answer C mắm tôm is not supported and A is also a plausible/correct choice. | P2: Triple correctly supports the VQA: thịt ba chỉ luộc is traditionally served with mắm tôm, matching answer C. | P3: Không nên chấp nhận vì ảnh hiển thị nước mắm/nước mắm tỏi ớt và cả A lẫn C đều có thể hợp lý, trong khi hai pass trước mâu thuẫn nhau."
P0,human_llm_disagreement,924,image001412,test,food_pairings,DROP,KEEP,medium,choice_ambiguity;multiple_plausible_answers;not_visually_grounded;pass_disagreement,"P1: Question matches the image and A is plausible for thịt kho, but dưa giá and củ kiệu are also traditional pairings, so choices are ambiguous. | P2: Triple is factually correct and directly supports the VQA: thịt kho is commonly served with cải chua to balance richness. | P3: Không nên chấp nhận vì các đáp án đồ chua như cải chua, dưa giá và củ kiệu đều có thể hợp lý với thịt kho, và hai verifier đang bất đồng."
P0,human_llm_disagreement,1106,image001536,test,food_pairings,DROP,KEEP,medium,irrelevant_triple;multiple_plausible_choices;pass_disagreement;wrong_subject,"P1: Question correctly identifies the brown dish as sườn xào chua ngọt on the left tray, and cơm trắng is the best traditional pairing though other side dishes are somewhat plausible. | P2: Triple points to the correct pairing target but supports the wrong dish for this VQA. | P3: Route to REVIEW because the supporting triple is for Canh Chua instead of Sườn xào chua ngọt, and the prior verifier passes disagree."
P0,human_llm_disagreement,1390,image001682,test,food_pairings,DROP,KEEP,medium,ambiguous_pairing;multiple_plausible_answers;pass_disagreement;unsupported_specific_pairing;visual_evidence_insufficient,"P1: Món ở góc dưới phải đúng là thịt ba chỉ luộc; mắm tôm là đáp án hợp lý nhưng nước mắm tỏi ớt cũng là gia vị chấm rất phổ biến nên lựa chọn chưa hoàn toàn đơn nhất. | P2: Triple correctly links the bottom-right boiled pork belly dish to mắm tôm, matching the VQA answer and traditional pairing. | P3: Không nên silently accept vì thịt ba chỉ luộc có thể chấm mắm tôm hoặc nước mắm tỏi ớt, ảnh không hiển thị gia vị chấm, và Pass 1/Pass 2 đang bất đồng."
P0,human_llm_disagreement,2618,image002186,test,food_pairings,DROP,KEEP,high,ambiguous_food_pairing;ambiguous_pairing;incomplete_triple_support;multiple_correct_choices;pass_disagreement,"P1: A is plausible for pho, but B is also a traditional and visible accompaniment, so the choices contain multiple correct answers. | P2: Triple đúng và phù hợp: phở thường được phục vụ kèm rau thơm, hỗ trợ trực tiếp cho đáp án A. | P3: Không nên chấp nhận vì A và B đều là món/ nguyên liệu ăn kèm phở hợp lý, đồng thời hai lượt kiểm định trước mâu thuẫn nhau."
P0,human_llm_disagreement,2817,image002334,test,food_pairings,DROP,KEEP,medium,ambiguous_pairing;answer_incorrect;pass_disagreement;position_mismatch_in_question;spatial_mismatch,"P1: The soup is to the right/upper-right of the rice pot, not to its left; several listed foods could also pair with rice. | P2: Triple đúng và hữu ích vì canh chua thường ăn cùng cơm trắng, nhưng câu hỏi có vẻ sai vị trí vì tô canh nằm bên phải niêu cơm trong ảnh. | P3: Reject vì đáp án D đúng về pairing với cơm nhưng sai vị trí: tô canh nằm bên phải niêu cơm, không phải bên trái."
P0,human_llm_disagreement,3516,image000596,test,food_pairings,DROP,KEEP,high,answer_type_cue;choices_not_same_type;pass_disagreement;visual_evidence_partly_inferred,"P1: Question and gold answer fit the image: nem rán is typically paired with nước mắm pha, but the choices mix condiment, side dishes, and soup, making A too type-obvious. | P2: Triple is factually correct and directly supports that nem rán is traditionally served with nước mắm pha. | P3: Route to REVIEW because Pass 1 and Pass 2 disagree, and the answer is made too obvious by the condiment wording while the choices mix different food types."
P0,human_llm_disagreement,3579,image000637,test,food_pairings,DROP,KEEP,high,ambiguous_negative_condition;ambiguous_pairing;answer_conflict;choices_not_same_type;irrelevant_or_incomplete_triple;pass_disagreement,"P1: Gold B is plausible for phở, but fresh herbs/greens also appear with or are traditionally served with bánh xèo/chả giò, so the 'không xuất hiện' condition is false/ambiguous; choices are not same-type. | P2: Triple đúng và hữu ích: phở thường được ăn kèm rau thơm tươi, phù hợp với đáp án B. | P3: Reject: đáp án B có thể đúng với phở, nhưng điều kiện 'không xuất hiện trong các món chiên rán' sai/mơ hồ vì bánh xèo/chả giò thường ăn kèm rau và ảnh cũng có rau xanh gần món chiên."
P0,human_llm_disagreement,4307,image000332,test,food_pairings,DROP,KEEP,high,answer_mismatch;irrelevant_triple;pass_disagreement;weak_support,"P1: Question matches the image and food_pairings context; herbs and bean sprouts are visibly served with the bun thit nuong and are the only correct choice. | P2: The question asks which accompanying ingredient balances grilled meat and noodles; the supporting triple should point to herbs and bean sprouts, not the fish sauce. | P3: Answer A is visually plausible, but triples_used support the dipping sauce rather than the herbs and bean sprouts, and Pass 1/Pass 2 disagree."
P0,human_llm_disagreement,4652,image001954,test,food_pairings,DROP,KEEP,high,ambiguous_spatial_reference;irrelevant_or_insufficient_triples;multiple_correct_choices;pass_disagreement,"P1: Gold answer is visually correct, but choices B and D both refer to the nem ran, so there are multiple correct answers. | P2: Triple is factually correct and relevant: nem rán is shown with nước mắm dipping sauce in the image. | P3: Reject: B and D duplicate nem ran, the spatial cue may point to bun instead, and the verifier passes disagree."
P0,human_llm_disagreement,6732,image001408,test,food_pairings,DROP,KEEP,medium,ambiguous_dipping_sauce;answer_not_visually_verifiable;multiple_plausible_choices;pass_disagreement;triple_not_sufficient_for_visual_answer;visual_ambiguity,"P1: The image shows a red/dark dipping sauce, but it is not clearly identifiable as nước mắm gừng; tương ớt ngọt or another chili-based sauce is also plausible. | P2: Triple đúng và hữu ích: cơm gà thường được phục vụ kèm nước mắm gừng, phù hợp với câu hỏi và đáp án D. | P3: REVIEW vì nước chấm màu đỏ trong ảnh không đủ rõ để xác định là nước mắm gừng; tương ớt ngọt cũng hợp lý và hai verifier đã bất đồng."
P0,human_llm_disagreement,7018,image001633,test,food_pairings,DROP,KEEP,medium,ambiguous_answer;multiple_plausible_choices;pass_disagreement;triple_may_bias_answer;visual_evidence_ambiguous,"P1: Câu hỏi khớp món xôi xanh trong ảnh, nhưng 'Dừa nạo' và 'Nước cốt dừa' đều hợp lý để tạo vị béo truyền thống nên đáp án không đủ rõ. | P2: Triple correctly links the green xôi vị lá dứa in the image/VQA to dừa nạo, matching the correct answer and traditional pairing. | P3: REVIEW vì đáp án A và D đều hợp lý cho xôi vị lá dứa, ảnh không xác nhận nguyên liệu kèm, và hai pass trước bất đồng."
P0,human_llm_disagreement,7152,image001790,test,food_pairings,DROP,KEEP,medium,answer_not_in_image;generic_triple_overrides_image;image_answer_mismatch;image_pairing_mismatch;pass_disagreement;unsupported_visual_pairing,"P1: Món tôm rim thịt đúng là ở góc dưới bên phải, nhưng trong ảnh ăn kèm cơm hoa đậu biếc chứ không phải cơm trắng, nên đáp án vàng không khớp với food_items/image. | P2: Triple correctly supports that tôm rim thịt, a salty braised dish at the lower right, is commonly eaten with rice; among choices, cơm trắng is the appropriate pairing. | P3: Ảnh cho thấy tôm rim thịt ăn cùng cơm hoa đậu biếc chứ không phải cơm trắng, trong khi hai pass trước cũng mâu thuẫn nên cần REVIEW."
P0,human_llm_disagreement,7276,image001235,test,food_pairings,DROP,KEEP,high,choice_not_same_type;irrelevant_triples;multiple_plausible_choices;pass_disagreement;wrong_support,"P1: Question and answer match the image; canh bí xanh is the best answer, but choice D 'Món ăn khác' is not a same-type concrete food option. | P2: Triple không hỗ trợ đáp án C; cần tri thức về canh bí xanh ăn kèm cơm để làm dịu vị mặn/khô. | P3: Do not silently accept: supporting triple is irrelevant to answer C, prior passes disagree, and cucumber is also a plausible balancing side."
P0,human_llm_disagreement,7337,image001251,test,food_pairings,DROP,KEEP,medium,ambiguous_choices;irrelevant_triples_used;multiple_plausible_answers;possible_visual_label_ambiguity;weak_answer_support,"P1: Câu hỏi phù hợp ảnh, nhưng cả bò kho tàu và ba chỉ luộc đều có thể dùng với cơm trắng và su hào xào cà rốt, nên lựa chọn không thật sự đơn nhất. | P2: Triple đúng về món xào ăn với cơm nhưng không đủ hỗ trợ chọn đáp án A; cần triple về bò kho tàu ăn kèm cơm trắng. | P3: Không nên chấp nhận silently vì cả bò kho tàu và ba chỉ luộc đều hợp lý để ăn với cơm trắng, trong khi triple chỉ nói su hào xào cà rốt ăn với cơm và không chứng minh đáp án A."
P0,human_llm_disagreement,7633,image000942,test,food_pairings,DROP,KEEP,medium,ambiguous_visual_evidence;answer_not_in_food_items;choice_type_mismatch;pass_disagreement;weak_visual_grounding,"P1: Gold answer is plausible for gà luộc, but C is a condiment while other choices are dishes and it is not listed in food_items. | P2: Triple đúng và hỗ trợ trực tiếp đáp án: gà luộc thường ăn kèm muối tiêu chanh, phù hợp với chén gia vị trong ảnh. | P3: Route to REVIEW because the answer is a condiment not in food_items, visual evidence for muối tiêu chanh is ambiguous, and the two verifier passes disagree."
P0,human_llm_disagreement,7642,image000945,test,food_pairings,DROP,KEEP,high,ambiguous_pairing;answer_not_visible;choices_not_in_image;external_knowledge_only;pass_disagreement,"P1: Question references the chicken correctly, but the gold answer and all choices are not visible food items in the image, making the pairing ambiguous. | P2: Triple correctly supports the VQA answer: gà rang muối is commonly served with rau sống to balance flavor, even though rau sống is not visible in the image. | P3: Reject because the answer and choices are not visually grounded, Pass 1 and Pass 2 disagree, and the row depends on unsupported external pairing knowledge rather than the image."
P0,human_llm_disagreement,8228,image000655,test,food_pairings,DROP,KEEP,medium,answer_not_in_image;choices_mismatched;extra_unsupported_target;irrelevant_or_overgeneral_triple;pass_disagreement;unsupported_food_fact;unsupported_pairing,"P1: Cá kho is a plausible Vietnamese pairing but it is not shown or listed; the visible pairing is with dishes like thịt kho trứng, rau muống, tép rang, canh, and xà lách. | P2: Triple is useful for answer D, but includes an unsupported specific dish 'Canh cua' not shown or required by the VQA. | P3: Reject: đáp án Cá kho không xuất hiện trong ảnh, triple có chi tiết không được hỗ trợ, và hai lượt kiểm định trước không thống nhất."
P0,human_llm_disagreement,8669,image000928,test,food_pairings,DROP,KEEP,high,irrelevant_triple;pass_disagreement;unsupported_food_fact;wrong_support,"P1: Question matches the image and description; rau sống is clearly placed with cucumber at the upper left and is the only correct choice. | P2: Triple không liên quan đến nguyên liệu được hỏi là rau sống và còn nêu nước mắm không rõ trong ảnh/VQA. | P3: Answer visually looks correct, but the supporting triple is irrelevant and partly unsupported, and the two verifier passes disagree."
P0,human_llm_disagreement,8725,image000019,test,food_pairings,DROP,KEEP,medium,ambiguous_answer;irrelevant_triples_used;multiple_plausible_choices;pass_disagreement;subject_mismatch;weak_answer_support;weak_vqa_support,"P1: Question matches the image and food_pairings type, but the meat around the dipping bowls is described as thịt nướng, for which both muối tiêu chanh and nước mắm tỏi ớt are plausible/visible accompaniments, so gold A is not clearly unique. | P2: Triple về gà luộc không khớp với món được hỏi là đĩa thịt nướng bao quanh chén nước chấm. | P3: DROP vì câu hỏi nhắm tới thịt nướng nhưng triple lại nói về gà luộc, trong khi nhiều lựa chọn nước chấm đều hợp lý nên đáp án A không được hỗ trợ duy nhất."
P0,human_llm_disagreement,9035,image000128,test,food_pairings,DROP,KEEP,medium,ambiguous_choices;answer_conflict;image_answer_conflict;multiple_plausible_choices;pass_disagreement;triple_not_grounded_in_image,"P1: Question matches the shrimp in the image, but the tray shows brown rice, making A plausible while the gold answer B relies on general tradition rather than the image. | P2: Triple đúng và phù hợp: tôm rim thường được ăn kèm cơm trắng trong bữa cơm Việt, hỗ trợ trực tiếp cho đáp án. | P3: Không nên chấp nhận im lặng vì mâm có cơm gạo lứt rõ ràng, trong khi đáp án B dựa vào kiến thức truyền thống ngoài ảnh và hai pass đang mâu thuẫn."
P0,human_llm_disagreement,9227,image000206,test,food_pairings,DROP,KEEP,high,ambiguous_pairing;multiple_plausible_choices;not_visually_answerable;pass_disagreement;unsupported_triple,"P1: Question refers to the left-side meat correctly, but the asked pairing is not visible and xá xíu can plausibly pair with rice, bánh mì, bún, or xôi, so answer C is not uniquely valid. | P2: Triple correctly supports the VQA: thịt xá xíu is the meat dish on the left and cơm trắng is a traditional balancing pairing in Vietnamese meals. | P3: Không nên chấp nhận vì đáp án cơm trắng không xuất hiện trong ảnh, nhiều lựa chọn đều hợp lý với xá xíu, và hai pass trước mâu thuẫn nhau."
P0,human_llm_disagreement,9254,image000215,test,food_pairings,DROP,KEEP,high,ambiguous_question;invalid_choice;multiple_plausible_answers;non_discriminative_triple;pass_disagreement,"P1: Câu hỏi trộn tiêu chí vị trí phía trên với việc ăn kèm cơm; ba chỉ kho dừa cũng rất thường ăn với cơm, và lựa chọn D không phải món trong ảnh. | P2: Triple đúng và phù hợp: món móng giò hầm củ quả ở phía trên thường có thể dùng kèm cơm trắng trong bữa cơm truyền thống. | P3: Nên DROP vì hai pass mâu thuẫn, câu hỏi mơ hồ và nhiều món trong ảnh đều có thể ăn với cơm trắng."
P0,human_llm_disagreement,9973,image001181,test,food_pairings,DROP,KEEP,medium,ambiguous_condiment;answer_not_visually_supported;knowledge_only_answer;pass_disagreement,"P1: Question matches the boiled pork dish, but the image/description only shows generic nước chấm, not enough evidence to confirm specifically nước mắm. | P2: Triple đúng và hữu ích: thịt luộc thường được dùng kèm nước mắm trong bữa cơm Việt, phù hợp với câu hỏi và đáp án. | P3: Không nên silently accept vì ảnh chỉ cho thấy nước chấm chung, không đủ bằng chứng thị giác để xác nhận đó là nước mắm, và hai pass đang bất đồng."
P0,human_llm_disagreement,10252,image001924,test,food_pairings,DROP,KEEP,high,irrelevant_triple;pass_disagreement;unsupported_answer_support;wrong_support_item,"P1: Question matches the image and qtype; the lower-right side dish is nước mắm tỏi ớt, traditionally used to add seasoning and richness, so D is correct. | P2: The triple is factually related to Mì Quảng pairings but does not support the asked item, which is the dipping/seasoning sauce used to tăng độ đậm đà. | P3: Row should not be silently accepted because the answer may be correct visually, but the only triple supports bánh đa/bánh tráng, not the lower-right nước mắm tỏi ớt."
P0,human_llm_disagreement,10289,image001940,test,food_pairings,DROP,KEEP,high,answerable_without_triples;irrelevant_triple;pass_disagreement;unsupported_food_item,"P1: Question matches the image and description; the meat and cà pháo plate is opposite the bò xào area and pairs naturally with fermented mắm tôm. | P2: Triple không hỗ trợ VQA vì câu hỏi cần xác định thịt luộc và cà pháo đối diện bò xào, không phải quan hệ cơm niêu với cá kho/canh cua. | P3: DROP vì triple không liên quan và có món không được hỗ trợ, trong khi hai pass trước cũng mâu thuẫn rõ ràng."
P0,human_llm_disagreement,10478,image002026,test,food_pairings,DROP,KEEP,high,choice_not_same_type;inferential_question;multiple_plausible_choices;pass_disagreement,"P1: Question and gold answer fit the image, but choice D is an object, not a food item, so the choices are not same-type. | P2: Triple đúng và hữu ích: rau muống luộc thường ăn kèm nước mắm/chén chấm ở giữa, hỗ trợ lựa chọn C trong ngữ cảnh ảnh. | P3: Không nên silently accept vì hai pass bất đồng, đáp án D không cùng loại, và câu hỏi dựa vào suy luận ẩm thực với nhiều lựa chọn hợp lý như cơm trắng hoặc rau muống luộc."
P0,human_llm_disagreement,10515,image002056,test,food_pairings,DROP,KEEP,high,ambiguous_choices;answer_conflict;not_grounded_in_image;unsupported_triple;wrong_condiment;wrong_gold_answer,"P1: Question matches the image, but the visible dipping sauce paired with the fish is nước mắm tỏi ớt, not nước tương gừng; choices also allow culinary ambiguity. | P2: Triple không phù hợp với ảnh/VQA: món chấm thấy rõ là nước mắm tỏi ớt, không phải nước tương hoặc nước tương gừng. | P3: Reject: đáp án gán D không khớp ảnh; gia vị thấy rõ là nước mắm tỏi ớt (A), còn triple về nước tương không được ảnh hỗ trợ."
P0,human_llm_disagreement,10700,image001673,test,food_pairings,DROP,KEEP,medium,ambiguous_pairing;answer_not_image_supported;knowledge_leak;pass_disagreement;triple_not_visually_supported,"P1: Bánh xèo ở góc dưới phải được thấy kèm rau xanh và nước chấm, không thấy rõ bánh tráng; các lựa chọn cũng lẫn thành phần của món khác nên đáp án C không được ảnh hỗ trợ chắc chắn. | P2: Triple is culturally relevant and supports the VQA answer, though bánh tráng is more evident in the lower-left pairing than directly visible in the bánh xèo panel. | P3: Không nên chấp nhận vì đáp án C dựa vào kiến thức/triple hơn là bằng chứng ảnh; bánh tráng không thấy rõ cạnh bánh xèo và hai pass đã bất đồng."
P0,human_llm_disagreement,193,image001287,test,ingredient_category,DROP,KEEP,medium,category_imprecise;gold_answer_incorrect;no_exact_correct_choice;pass_disagreement;unsupported_food_category,"P1: Question matches the top-left dish măng xào, but bamboo shoot is a plant/vegetable ingredient, not specifically a leafy vegetable, so answer D is not correct. | P2: Món góc trên trái là măng xào; nguyên liệu chính là măng, nhưng gán măng vào 'Rau Lá' hơi không chính xác dù phù hợp nhất với đáp án D. | P3: Món góc trên trái là măng xào, nhưng măng không phải rau lá; triple phân loại sai và đáp án D không chính xác."
P0,human_llm_disagreement,290,image001348,test,ingredient_category,DROP,KEEP,medium,category_ambiguous;irrelevant_triples;pass_disagreement;unsupported_food_fact;weak_visual_support;wrong_gold_answer,"P1: The lower-left bowl is chè bưởi, whose key ingredient is pomelo/fruit peel, so the correct category should be C, not D. | P2: Triples point toward the answer but are weak for this image/VQA because the visible chè bưởi components are not clearly đậu xanh and the đậu xanh→ngũ cốc category is ambiguous. | P3: Reject: bát phía dưới bên trái là chè bưởi, nên nhóm chính hợp lý là rau củ quả (C), trong khi đáp án D dựa vào triples đậu xanh/ngũ cốc yếu và không phù hợp hình ảnh."
P0,human_llm_disagreement,382,image001389,test,ingredient_category,DROP,KEEP,medium,ambiguous_target_ingredient;multiple_plausible_choices;pass_disagreement,"P1: Question matches the top soup, but 'thành phần quan trọng nhất' is ambiguous because the dish contains both ribs and leafy greens; both meat and vegetables could be plausible. | P2: Các triple đúng và hỗ trợ trực tiếp: bát canh phía trên là canh rau cải nấu sườn, sườn thuộc nhóm thịt. | P3: Không nên silently accept vì Pass 1/2 bất đồng và câu hỏi mơ hồ: trong bát canh rau cải nấu sườn, cả sườn và rau cải đều có thể được xem là thành phần quan trọng."
P0,human_llm_disagreement,506,image000064,test,ingredient_category,DROP,KEEP,medium,answer_not_visible;category_mismatch;image_evidence_limited;pass_disagreement;protein_mismatch;triple_choice_mismatch;ungrounded_question,"P1: Câu hỏi hỏi nguồn đạm chính nhưng hình không cho thấy rõ thịt/cá; đáp án B không được hỗ trợ bởi ảnh và canh chua truyền thống thường dùng cá/tôm hơn là thịt. | P2: Triple về cá trong canh chua phù hợp với kiến thức món ăn, nhưng gán cá vào nhóm 'Thịt' chưa chuẩn và thành phần đạm không thấy rõ trong ảnh. | P3: Reject: đáp án B không khớp triple về cá, nguồn đạm không thấy rõ trong ảnh, và hai pass trước không thống nhất."
P0,human_llm_disagreement,535,image000078,test,ingredient_category,DROP,KEEP,high,invalid_food_category;main_ingredient_mismatch;misleading_triples;no_correct_choice;unsupported_food_fact;wrong_answer_support;wrong_gold_answer,"P1: Món góc trên trái là ốc nấu chuối đậu có ốc nguồn gốc động vật, nên không thể cùng với đậu phụ được xem là món chay; đáp án C sai và các lựa chọn không có đáp án đúng rõ ràng. | P2: Đậu phụ là thực phẩm chay, nhưng Ốc nấu chuối đậu có ốc nên không thể dùng triple về đậu phụ để kết luận cả hai món đều thuộc nhóm chay. | P3: Gold answer C is invalid because Ốc nấu chuối đậu contains snails, so it is not vegetarian; the supporting triples omit the key animal ingredient."
P0,human_llm_disagreement,558,image000087,test,ingredient_category,DROP,KEEP,high,answer_mismatch;unsupported_food_fact;wrong_gold_answer;wrong_ingredient_category,"P1: Món ở góc dưới bên trái là cá kho cà chua, thuộc nhóm thủy hải sản và nằm đối diện ngang với bát lạc, nên đáp án đúng là D chứ không phải A. | P2: Món góc dưới trái là cá kho cà chua; nguyên liệu chính là cá nên nhóm đúng là thủy hải sản, không phải thịt. | P3: Không nên chấp nhận vì đáp án A dựa trên triple sai: cá thuộc nhóm thủy hải sản, nên lựa chọn đúng là D."
P0,human_llm_disagreement,895,image000282,test,ingredient_category,DROP,KEEP,high,irrelevant_triples;misleading_ingredient_focus;pass_disagreement;wrong_support_category,"P1: Question matches the image and description: the dish lower-left of the central beef stir-fry is bánh chưng, a starch-rich food, so answer A is correct and the choices are distinct. | P2: The triples focus on pork/meat, but the VQA answer depends on bánh chưng as a starch-rich food mainly from glutinous rice. | P3: Không nên chấp nhận vì đáp án A đúng theo hình/miêu tả, nhưng triples_used lại hỗ trợ sai hướng sang thịt lợn/chất đạm và Pass 1, Pass 2 bất đồng."
P0,human_llm_disagreement,945,image001424,test,ingredient_category,DROP,KEEP,medium,ambiguous_category;answer_not_visually_verifiable;multiple_plausible_choices;pass_disagreement;unsupported_food_fact,"P1: The baskets do show gỏi cuốn, but the visible ingredients do not clearly establish animal protein as the core nutritional category; starch from rice paper and fiber from vegetables are also plausible. | P2: Các triple phù hợp để hỗ trợ đáp án C vì gỏi cuốn thường có thịt heo, thuộc nhóm chất đạm từ động vật. | P3: Không nên chấp nhận vì đáp án C dựa vào giả định gỏi cuốn có thịt heo, trong khi hình không xác minh rõ và các nhóm tinh bột/rau củ cũng hợp lý."
P0,human_llm_disagreement,1024,image001479,test,ingredient_category,DROP,KEEP,high,answerable_without_triples;does_not_support_answer;irrelevant_triples;pass_disagreement,"P1: Question matches the image and ingredient-category qtype; hủ tiếu hải sản is the only left-side option primarily associated with seafood. | P2: Triples are about gỏi cuốn and pork, while the correct answer depends on hủ tiếu hải sản being seafood on the left side. | P3: DROP vì triples_used không liên quan đến đáp án Hủ tiếu hải sản và Pass 1/Pass 2 đang mâu thuẫn."
P0,human_llm_disagreement,1091,image001527,test,ingredient_category,DROP,KEEP,medium,ambiguous_choices;category_label_imprecise;irrelevant_or_insufficient_triples;multiple_plausible_choices;pass_disagreement;unsupported_food_fact;wrong_gold_answer,"P1: Món góc dưới bên trái là khổ qua xào trứng, không cùng nhóm thực phẩm với thịt heo luộc; đáp án D nói cùng nhóm nên sai, và các lựa chọn B/C đều có phần đúng về vị trí. | P2: Triple về trứng trong khổ qua xào trứng là đúng, nhưng gán ingredientCategory của trứng là Thịt không chính xác về nhãn danh mục dù có thể nhằm chỉ cùng nhóm đạm với thịt heo. | P3: Reject: đáp án D dựa vào triple sai/không chuẩn rằng trứng thuộc nhóm thịt, trong khi câu hỏi có nhiều diễn giải vị trí hợp lý và Pass 1/Pass 2 cũng bất đồng."
P0,human_llm_disagreement,1107,image001536,test,ingredient_category,DROP,KEEP,high,answerable_despite_bad_triples;irrelevant_support;pass_disagreement;unsupported_food_fact;wrong_category;wrong_dish,"P1: Question correctly refers to the brown dish on the lower right of the left tray, which is sườn xào chua ngọt and belongs to the meat category; choices are parallel and only D is correct. | P2: Triples discuss canh chua and fish, while the question asks about sườn xào chua ngọt, which belongs to the meat group. | P3: DROP vì triples_used sai món và sai/không phù hợp về phân loại nguyên liệu, đồng thời Pass 1 và Pass 2 bất đồng."
P0,human_llm_disagreement,1172,image001570,test,ingredient_category,DROP,KEEP,high,ambiguous_category;incomplete_support;invalid_choices;pass_disagreement;wrong_gold;wrong_or_ambiguous_gold,"P1: Món góc dưới trái là cá kho nghệ nên không nên gán là nhóm thịt; món canh củ dền nấu sườn cũng có sườn nên không rõ là nhóm thực vật, khiến đáp án A và các lựa chọn không hợp lệ. | P2: Các triple đúng và hỗ trợ xác định cá kho nghệ thuộc nhóm thịt, nhưng chưa có triple về món canh ở góc trên bên trái để hỗ trợ phần so sánh. | P3: Không nên giữ vì đáp án A gán món canh sườn là thực vật dù có sườn, triples không hỗ trợ món canh, và hai pass trước bất đồng."
P0,human_llm_disagreement,1281,image001614,test,ingredient_category,DROP,KEEP,high,ambiguous_location;ambiguous_reference;irrelevant_triples;overlapping_choices;pass_disagreement;wrong_answer,"P1: Món ở phía trên bên phải so với nồi thịt kho tiêu nhiều khả năng là cá kho tộ, thuộc nhóm động vật/hải sản, không phải rau lá; lựa chọn B và D cũng chồng lấn. | P2: The referenced dish is rau cải luộc, whose ingredient is rau cải and it belongs to the leafy vegetable category, supporting answer A. | P3: Không nên chấp nhận vì vị trí được hỏi nhiều khả năng là cá kho tộ ở góc trên phải, không phải rau cải luộc; triples_used không khớp và đáp án B/D chồng lấn."
P0,human_llm_disagreement,1465,image001731,test,ingredient_category,DROP,KEEP,medium,answer_wording_ambiguity;category_mismatch;irrelevant_support;irrelevant_triples;minor_wording_ambiguity;pass_disagreement;unsupported_food_fact,"P1: Question matches the image and C is the best answer, but wording is slightly ambiguous because fish/shrimp/pork are better described broadly as animal protein rather than the same 'hải sản và thịt đỏ' group. | P2: Các triples không hỗ trợ đúng hai món được hỏi và phân loại cá chưa chính xác cho đáp án protein/hải sản-thịt. | P3: DROP vì triples_used sai/không liên quan đến hai món được hỏi và phân loại cá là thịt đỏ không chính xác, dù đáp án C là lựa chọn gần đúng nhất."
P0,human_llm_disagreement,1523,image001753,test,ingredient_category,DROP,KEEP,high,category_mismatch;irrelevant_triples;pass_disagreement;unsupported_food_fact;wrong_food_focus,"P1: Question matches the bottom-left meat dish and bottom-right egg dish; answer A is correct and the distractors are same-type with only one valid answer. | P2: Triples mention mướp luộc, while the question requires identifying bottom-left thịt kho as meat/red meat and bottom-right trứng chiên as egg-based food. | P3: DROP vì triples_used nói về mướp luộc, không hỗ trợ câu hỏi về thịt kho và trứng chiên; hai pass cũng bất đồng."
P0,human_llm_disagreement,1537,image001760,test,ingredient_category,DROP,KEEP,medium,ambiguous_main_ingredient;incomplete_triples;multiple_plausible_answers;pass_disagreement,"P1: Món góc trên trái là canh khổ qua nhồi thịt, có cả rau củ và thịt; nếu hỏi nhóm thực phẩm chính thì D cũng hợp lý, nên đáp án A không rõ ràng. | P2: Các triple đúng và hỗ trợ trực tiếp việc xác định canh khổ qua nhồi thịt thuộc nhóm thực phẩm từ thịt động vật. | P3: Route to REVIEW because the dish can reasonably be classified by meat stuffing or bitter melon vegetable, and the two prior passes disagree."
P0,human_llm_disagreement,1637,image001814,test,ingredient_category,DROP,KEEP,high,answer_supported_without_triples;irrelevant_support;irrelevant_triples;pass_disagreement;wrong_dish_reference,"P1: Question matches the bottom-row center dish, which is nấm kho sả/mushrooms and fits the vegetable group; choices are distinct with only D correct. | P2: Triples mention nấm kim châm chiên giòn ở hàng trên, không hỗ trợ món chính giữa hàng dưới là nấm kho sả. | P3: DROP vì câu hỏi hỏi món nấm kho sả ở giữa hàng dưới, nhưng triples_used lại nói về nấm kim châm chiên giòn ở hàng trên; Pass 1 và Pass 2 cũng bất đồng."
P0,human_llm_disagreement,1705,image001850,test,ingredient_category,DROP,KEEP,high,answer_mismatch;ingredient_category_mismatch;no_correct_choice;triple_answer_mismatch;unsupported_food_fact;wrong_gold_answer;wrong_ingredient_category,"P1: Món góc trên bên trái là đậu hũ, nguyên liệu chính thuộc nhóm đậu/đạm thực vật và nằm phía trên niêu cơm, nên đáp án D sai và các lựa chọn không có đáp án đúng rõ ràng. | P2: The tofu dish is visible at the upper left and tofu is the main ingredient, but classifying tofu as Ngũ Cốc is factually wrong; it is soybean/legume-based. | P3: DROP vì món góc trên trái là đậu hũ làm từ đậu nành/nhóm đậu hoặc đạm thực vật, không phải ngũ cốc; đáp án D và triple phân loại nguyên liệu đều sai."
P0,human_llm_disagreement,2620,image002186,test,ingredient_category,DROP,KEEP,medium,answer_not_clearly_observable;irrelevant_triples;pass_disagreement;visual_ambiguity;wrong_support_for_answer,"P1: Question matches the image layout, but the lower-right gỏi cuốn does not clearly show seafood as its main observable ingredient, so answer B is uncertain. | P2: Các triple nói về thịt bò trong phở, không hỗ trợ câu hỏi về điểm chung hải sản giữa món phía trên tô phở và gỏi cuốn. | P3: DROP vì triple hỗ trợ sai/không liên quan và bằng chứng thị giác cho hải sản trong gỏi cuốn không đủ rõ ràng."
P0,human_llm_disagreement,2809,image002330,test,ingredient_category,DROP,KEEP,high,answer_mismatch;invalid_triple;wrong_category;wrong_gold_answer,"P1: Món ở góc trên cùng bên phải là cá kho dưa chua, thành phần chính là cá nên thuộc nhóm hải sản, không phải nhóm thịt. | P2: Món ở góc trên bên phải là cá kho dưa chua; thành phần chính là cá, phù hợp nhóm hải sản hơn nhóm thịt. | P3: Món góc trên bên phải là cá kho dưa chua; cá thuộc nhóm hải sản nên đáp án D và triple phân loại cá là thịt đều sai."
P0,human_llm_disagreement,3376,image000496,test,ingredient_category,DROP,KEEP,medium,ambiguous_food_group;multiple_possible_answers;pass_disagreement;question_triple_misalignment;shortcut_visual_cue;unsupported_food_fact,"P1: Gold D is plausible because tiết canh is animal-derived, but 'cùng nhóm thực phẩm chính' is too broad since vịt luộc and thịt băm nhỏ are also animal/protein dishes. | P2: Triples correctly support that tiết canh contains animal blood and belongs to the animal/meat food group, matching the VQA answer. | P3: REVIEW vì câu hỏi dùng nhóm thực phẩm quá rộng và có nhiều đáp án động vật hợp lý; hơn nữa cue vị trí/màu sắc đủ chọn D mà không cần triples."
P0,human_llm_disagreement,3403,image000504,test,ingredient_category,DROP,KEEP,medium,answer_partially_correct_only;incorrect_ingredient_category;ingredient_category_mismatch;no_fully_correct_choice;passes_agree_on_review_issue;unsupported_ingredient_category,"P1: Món góc trên bên trái là mướp xào và đúng là nằm bên trái đĩa đậu phụ rán, nhưng mướp không phải 'rau lá' nên đáp án B không hoàn toàn chính xác. | P2: Mướp xào is correctly identified and is left of the fried tofu, but classifying mướp as 'Rau Lá' is botanically/category-wise questionable. | P3: B đúng về vị trí nhưng sai nhóm thực phẩm; mướp không phải rau lá, nên không có lựa chọn hoàn toàn đúng."
P0,human_llm_disagreement,3432,image000535,test,ingredient_category,DROP,KEEP,medium,ambiguous_filling;multiple_plausible_choices;not_visually_verifiable;pass_disagreement;unsupported_food_fact,"P1: The image shows fried spring rolls, lettuce, and dipping sauce, but the filling is not visible, so the dominant ingredient group cannot be verified and could vary. | P2: Các triple liên quan trực tiếp đến chả giò và nhóm nguyên liệu chính, hỗ trợ đáp án nhóm thịt. | P3: Không thể thấy phần nhân bên trong chả giò, trong khi chả giò có nhiều biến thể nhân khác nhau; đáp án dựa vào triple hơn là bằng chứng hình ảnh."
P0,human_llm_disagreement,3587,image000644,test,ingredient_category,DROP,KEEP,high,contradicts_answer;hallucinated_ingredient;invalid_triples_used;pass_disagreement,"P1: Question matches the image and ingredient-category qtype; starch, vegetables, and meat are visible/plausible, while crustaceans do not appear. | P2: Triple chính nói Cao lầu có tôm là sai với ảnh/VQA, vì câu hỏi cần xác định nhóm giáp xác không xuất hiện. | P3: DROP vì triples_used bịa tôm/giáp xác và mâu thuẫn trực tiếp với đáp án A; Pass 1 và Pass 2 cũng bất đồng."
P0,human_llm_disagreement,3663,image000698,test,ingredient_category,DROP,KEEP,medium,category_mismatch;incomplete_triples_used;misclassified_ingredients;no_clear_correct_choice;no_correct_choice;pass_disagreement;unsupported_food_category;wrong_gold_answer,"P1: Question matches the image, but the gold answer is incorrect: pork trotter is not typically white meat, and stir-fried mushrooms are not leafy vegetables. | P2: Triple về nguyên liệu nấm là đúng, nhưng nhãn 'Rau Lá' cho nấm không thật chính xác về dinh dưỡng dù có liên quan đến lựa chọn đáp án. | P3: Reject: đáp án vàng và lựa chọn đều dựa trên phân loại sai/không chắc chắn như chân giò là thịt trắng và nấm là rau lá; triples cũng thiếu thông tin về món thịt."
P0,human_llm_disagreement,3811,image000797,test,ingredient_category,DROP,KEEP,medium,ambiguous_food_group;multiple_plausible_choices;pass_disagreement;unsupported_instance_ingredient,"P1: Question matches the nem ran below the bowl, and meat can be a plausible main filling, but nem ran also includes starch wrapper and vegetables, making the food-group answer somewhat ambiguous. | P2: Món phía dưới bát nước dùng là nem rán; nem rán thường có thịt lợn và thịt lợn thuộc nhóm thịt, hỗ trợ đáp án D. | P3: Nem rán is visible, but its filling is not visually verifiable and the dish mixes starch, vegetables, and often meat; because Pass 1 and Pass 2 disagree, route to REVIEW."
P0,human_llm_disagreement,3876,image000827,test,ingredient_category,DROP,KEEP,high,category_mismatch;no_exact_correct_choice;pass_disagreement;unsupported_triple;wrong_category,"P1: Món ở góc dưới bên phải là su su xào tỏi, thuộc nhóm rau/củ quả chứ không phải rau lá; các lựa chọn không có đáp án chính xác. | P2: Món ở góc dưới bên phải là su su xào tỏi, nhưng phân loại su su là 'rau lá' không thật chính xác. | P3: Reject: món góc dưới bên phải là su su xào tỏi, nhưng su su không phải rau lá và lựa chọn đúng chính xác không có trong đáp án."
P0,human_llm_disagreement,3885,image000830,test,ingredient_category,DROP,KEEP,high,irrelevant_triples;metadata_question_mismatch;pass_disagreement;wrong_food_item,"P1: Question matches the image and description; the lower-left dish is tofu with scallions, a plant-protein food, located below-left of the central dipping sauce, so A is uniquely correct. | P2: The triples concern rau muống, while the VQA asks about đậu phụ tẩm hành at the lower-left, whose main ingredient belongs to plant protein. | P3: DROP because the correct visual answer is A, but the triples_used describe rau muống/rau lá instead of đậu phụ, and Pass 1 vs Pass 2 disagree."
P0,human_llm_disagreement,4508,image000465,test,ingredient_category,DROP,KEEP,high,answer_support_conflict;category_mismatch;pass_disagreement;unsupported_food_fact;wrong_gold_answer,"P1: Đĩa bên trái chén nước chấm là chả cá, thành phần chính là cá nên thuộc nhóm hải sản, không phải nhóm thịt. | P2: The dish is chả cá and fish is the main ingredient, but classifying fish as 'Thịt' is questionable because 'Hải sản' is an available and more appropriate category. | P3: Gold answer C is not reliable: the left dish is chả cá, and fish should map to seafood when 'Nhóm hải sản' is an option."
P0,human_llm_disagreement,4520,image001875,test,ingredient_category,DROP,KEEP,medium,ambiguous_ingredient_category;category_mismatch;gold_answer_incorrect;gold_answer_incorrect_or_contestable;incomplete_support;irrelevant_or_incomplete_triples;pass_disagreement;unsupported_food_fact;weak_visual_evidence,"P1: A không đúng rõ ràng vì bát canh góc trên trái chủ yếu thấy rau/dứa và có thể là canh cá, không thể kết luận thuộc nhóm thịt như đĩa thịt kho. | P2: Triples are relevant to the soup but visually weak and the fish-to-meat category is questionable; they also do not support the pork dish or stir-fried seafood/vegetables. | P3: Không nên chấp nhận vì đáp án A dựa vào việc xem cá trong canh là nhóm thịt, trong khi hình không thấy rõ cá trong bát canh và các lựa chọn lại phân biệt hải sản với thịt."
P0,human_llm_disagreement,4529,image001879,test,ingredient_category,DROP,KEEP,medium,ambiguous_ingredient_category;ambiguous_visual_evidence;multiple_plausible_choices;multiple_possible_categories;pass_disagreement;unsupported_triples;wrong_gold,"P1: Question matches the top-left canh chua, but gold answer 'Nhóm thịt' is not clearly correct; canh chua may involve seafood/fish and vegetables, making choices ambiguous. | P2: Các triple đều liên quan trực tiếp đến món canh chua ở phía trên bên trái và hỗ trợ đáp án nhóm thịt theo ngữ cảnh VQA. | P3: Không nên chấp nhận vì đáp án 'Nhóm thịt' mâu thuẫn với lựa chọn 'Nhóm hải sản' cho cá, hình ảnh không xác nhận nguyên liệu cá/thịt, và hai lượt kiểm định trước bất đồng."
P0,human_llm_disagreement,4762,image002034,test,ingredient_category,DROP,KEEP,medium,ambiguous_location;pass_disagreement;possible_multiple_correct;spatial_relation_not_supported_by_triples,"P1: Góc dưới bên trái có thể hiểu là rau muống xào hoặc rổ rau sống; đáp án C hợp lý nhưng A cũng có thể đúng một phần về nhóm rau lá và vị trí đối diện cá kho. | P2: Các triple xác định đúng rau muống xào có nguyên liệu rau muống và thuộc nhóm rau lá, phù hợp để hỗ trợ đáp án C. | P3: Không nên silently accept vì vị trí góc dưới bên trái mơ hồ và cả A/C đều có thể hợp lý tùy cách hiểu món được hỏi."
P0,human_llm_disagreement,4957,image002166,test,ingredient_category,DROP,KEEP,high,category_mismatch;incomplete_support;incomplete_triple_support;pass_disagreement;unsupported_food_fact,"P1: Question matches the central noodle dish and pork belly in the image; answer A is the only plausible same-type category/balance option, while other choices are clearly incorrect. | P2: Triple về nấm trong mì là đúng, nhưng phân loại nấm thành rau lá không chính xác và chưa hỗ trợ đầy đủ phần tinh bột/cân bằng với thịt ba chỉ. | P3: Không nên silently accept vì Pass 1/2 bất đồng và triple gán nấm vào rau lá sai/không được hỗ trợ, trong khi đáp án A dựa cả vào nhóm tinh bột chưa có triple hỗ trợ."
P0,human_llm_disagreement,5547,image001013,test,ingredient_category,DROP,KEEP,high,irrelevant_triples;pass_disagreement;unsupported_food_fact;wrong_support,"P1: Question correctly refers to the fish in tomato sauce and boiled pork; main categories are seafood then meat, matching choice C. | P2: The triples discuss chả rán and egg, while the VQA needs support for fish as seafood and boiled pork as meat. | P3: Answer C is visually plausible, but the supporting triples are irrelevant and contain a wrong/unsupported category fact, so the row should not be silently accepted."
P0,human_llm_disagreement,5551,image001015,test,ingredient_category,DROP,KEEP,medium,ambiguous_question;category_mismatch;invalid_choices;pass_disagreement;unsupported_food_fact;wrong_answer,"P1: Gold answer A is not supported: the top-center dish is broccoli/cauliflower with squid, not leafy vegetables, and combining with sườn rim makes meat more plausible; choices are mismatched and ambiguous. | P2: Triple 1 matches the image, but classifying súp lơ as 'Rau Lá' is imprecise even though it supports the intended answer. | P3: Reject: đáp án A dựa trên phân loại sai 'súp lơ = rau lá' và câu hỏi mơ hồ khi kết hợp thêm sườn rim."
P0,human_llm_disagreement,5620,image001057,test,ingredient_category,DROP,KEEP,medium,ambiguous_target;gold_answer_mismatch;gold_answer_mismatch_risk;multiple_plausible_answers;pass_disagreement;spatial_ambiguity;triples_do_not_disambiguate_target,"P1: Món ở bên phải đĩa rau luộc trong ảnh có thể là cá kho, nên đáp án D hợp lý hơn C; câu hỏi định vị mơ hồ vì thịt luộc cũng nằm phía phải/phía trên phải. | P2: Triples correctly support Thịt luộc as pork/meat, but the phrase 'bên phải so với đĩa rau luộc' is slightly ambiguous because cá kho is also to the right. | P3: Không nên accept vì vị trí 'bên phải đĩa rau luộc' có thể chỉ Cá kho hoặc Thịt luộc; đáp án D cũng hợp lý và hai verifier đã bất đồng."
P0,human_llm_disagreement,5643,image001063,test,ingredient_category,DROP,KEEP,high,answerable_despite_bad_triples;broad_ambiguous_choice;heterogeneous_choices;pass_disagreement;unsupported_food_fact;wrong_ingredient_category,"P1: Question and gold answer match the lower-left egg-and-greens soup, but choice D is a broad protein category while others are specific ingredient groups, making the options not fully same-type. | P2: Món góc dưới bên trái là canh rau cải nấu trứng; trứng là nguyên liệu đúng, nhưng phân loại trứng là thịt là sai và gây nhiễu cho đáp án. | P3: DROP vì triple phân loại trứng là thịt là sai, trong khi đáp án vẫn có thể suy ra từ ảnh/câu hỏi nên dữ liệu hỗ trợ không đáng tin."
P0,human_llm_disagreement,5651,image001066,test,ingredient_category,DROP,KEEP,medium,answer_depends_on_imprecise_category;category_mismatch;category_slightly_imprecise;pass_disagreement;unsupported_food_fact,"P1: Question matches the image and D is the only correct position/category choice, though gỏi dưa leo is more broadly vegetables than specifically leafy greens. | P2: Triple vị trí/nguyên liệu chính đúng hướng, nhưng phân loại dưa leo là 'Rau Lá' không chính xác về mặt thực phẩm. | P3: Không nên silently accept vì triple phân loại dưa leo là 'Rau Lá' không chính xác và hai verifier trước đã bất đồng."
P0,human_llm_disagreement,5803,image001181,test,ingredient_category,DROP,KEEP,high,ambiguous_visual_evidence;desc_mismatch;description_visual_conflict;image_answer_mismatch;no_correct_choice;pass_disagreement;unsupported_triples,"P1: Trong ảnh, đĩa phía dưới bên trái là tôm/hải sản chứ không phải thịt luộc; đáp án B không đúng và không có lựa chọn nào vừa đúng nhóm vừa đúng vị trí. | P2: Các triple đúng và hữu ích: thịt luộc làm từ thịt lợn, thuộc nhóm thịt, phù hợp với đáp án B về đĩa phía dưới bên trái. | P3: Không nên chấp nhận: ảnh cho thấy đĩa phía dưới bên trái giống tôm/hải sản, trong khi đáp án và triples dựa trên thịt luộc; Pass 1 và Pass 2 cũng mâu thuẫn."
P0,human_llm_disagreement,5847,image001210,test,ingredient_category,DROP,KEEP,high,answer_supported_despite_bad_triples;irrelevant_support;irrelevant_triples;pass_disagreement;wrong_target_condiment,"P1: Question correctly identifies the lower-left dipping bowl as nước mắm, whose characteristic ingredient source is seafood/fish; choices are distinct food categories with only one correct answer. | P2: The image question targets nước mắm below the purple-gray mắm tôm bowl, but the triples support mắm tôm/shrimp instead. | P3: Không nên chấp nhận vì câu hỏi nhắm tới nước mắm, nhưng triples_used lại nói về mắm tôm/tôm; hai pass cũng bất đồng."
P0,human_llm_disagreement,5933,image001251,test,ingredient_category,DROP,KEEP,high,category_mismatch;gold_answer_imprecise;no_exact_correct_choice;pass_disagreement;unsupported_food_fact,"P1: Question correctly targets the top-left su hào xào cà rốt dish, but its main ingredients are vegetables/root-stem vegetables, not specifically 'rau lá', so the gold answer is imprecise and no choice is exactly correct. | P2: Món trên bên trái đúng là su hào xào cà rốt, nhưng phân loại cà rốt là 'Rau Lá' không chính xác dù đáp án gần nhất trong lựa chọn là nhóm rau. | P3: Không nên chấp nhận vì đáp án D dựa trên phân loại sai: cà rốt/su hào không phải rau lá, và không có lựa chọn đúng chính xác."
P0,human_llm_disagreement,5961,image001260,test,ingredient_category,DROP,KEEP,high,answer_support_mismatch;irrelevant_support;irrelevant_triples;pass_disagreement;wrong_dish,"P1: Question matches the image and description; the lower-left dark brown dish is cá kho, whose main ingredient is fish/seafood, so answer B is correct. | P2: The triples support pork/meat soup, while the VQA asks about the bottom-left cá kho dish, which belongs to seafood. | P3: DROP vì triples_used hỗ trợ món canh thịt lợn, không phải món cá kho ở góc dưới bên trái; Pass 1 và Pass 2 cũng bất đồng."
P0,human_llm_disagreement,6145,image001236,test,ingredient_category,DROP,KEEP,high,pass_disagreement;triples_misleading;unsupported_food_fact;wrong_ingredient_category,"P1: Question and description match the image; the lower-left dish is mướp đắng xào trứng with vegetables and egg, while meat is not present, so answer A is correct. | P2: Món bên trái là mướp đắng xào trứng nên có rau củ và trứng, không có thịt; triple phân loại trứng gà là thịt bị sai. | P3: Answer A is visually plausible, but the supporting triple wrongly classifies egg as meat and Pass 1/Pass 2 disagree, so this row should not be silently accepted."
P0,human_llm_disagreement,6209,image001372,test,ingredient_category,DROP,KEEP,high,annotation_mismatch;irrelevant_triples;no_answer_support;pass_disagreement,"P1: Question matches the visible central boiled chicken and pink-red meat below it; both belong to the animal meat category, and choices are distinct food groups. | P2: The triples describe vegetable soup/rau muống, while the question requires support for chicken and red meat belonging to the animal meat group. | P3: DROP vì triples_used không hỗ trợ câu hỏi về gà luộc và món thịt màu hồng đỏ; Pass 1 và Pass 2 cũng mâu thuẫn."
P0,human_llm_disagreement,8731,image000020,test,ingredient_category,DROP,KEEP,high,contradicts_answer;irrelevant_triples;not_image_grounded;pass_disagreement;wrong_ingredient,"P1: Question matches the central noodle bowl and visible meat protein; answer A is appropriate and choices are distinct food categories. | P2: The triples focus on shrimp/seafood, but the visible main protein is meat and the correct category is red meat. | P3: DROP vì đáp án A có thể đúng theo ảnh, nhưng triples_used lại nói về tôm/hải sản và mâu thuẫn trực tiếp với đáp án."
P0,human_llm_disagreement,9304,image000241,test,ingredient_category,DROP,KEEP,medium,category_mismatch;irrelevant_triples;multiple_plausible_choices;pass_disagreement;unsupported_food_fact;weak_support,"P1: Question matches the visible noodle bowl and side egg; D is the best answer because starch noodles and grilled meat dominate, though crab/egg make the category slightly simplified. | P2: Triple về trứng vịt lộn đúng một phần nhưng không hỗ trợ đủ cho VQA; đáp án D cần bằng chứng từ bánh đa/tinh bột và thịt nướng/thịt. | P3: Route to REVIEW because the answer D is visually plausible, but the supporting triples are irrelevant/partly wrong and choice A is also plausible due to noodles plus riêu cua."
P0,human_llm_disagreement,10022,image001251,test,ingredient_category,DROP,KEEP,high,answer_mismatch;no_exact_correct_choice;pass_disagreement;unsupported_triple;wrong_ingredient_category,"P1: Question correctly points to su hào xào cà rốt, but the main ingredients are vegetables/root-stem vegetables, not specifically 'rau lá'. | P2: Triple về nguyên liệu cà rốt đúng, nhưng phân loại cà rốt thành 'Rau Lá' là sai; chỉ có thể hỗ trợ đáp án D theo nghĩa rộng là nhóm rau. | P3: Món phía trên trái là su hào xào cà rốt thuộc nhóm rau/củ, không phải rau lá; đáp án D và triple phân loại cà rốt là rau lá đều sai."
P0,human_llm_disagreement,10865,image001753,test,ingredient_category,DROP,KEEP,medium,category_mismatch;gold_answer_inaccurate;no_exact_correct_choice;pass_disagreement;unsupported_food_fact,"P1: Món góc trên bên phải là mướp luộc, thuộc nhóm rau/quả rau chứ không phải rau lá, nên đáp án C không chính xác. | P2: Triple 1 correctly identifies the dish ingredient, but triple 2 over-specifies mướp as 'Rau Lá' even though it is not a leafy vegetable. | P3: Không nên chấp nhận vì mướp luộc không phải rau lá, triple phân loại sai và các lựa chọn thiếu đáp án chính xác."
P0,human_llm_disagreement,11053,image001809,test,ingredient_category,DROP,KEEP,medium,ambiguous_target;answer_mismatch;overlapping_choices;pass_disagreement;possible_answer_mismatch;triples_do_not_resolve_question,"P1: Vị trí phía dưới đĩa đậu hũ không xác định rõ một món ăn; có thể là gói gia vị hoặc chén nước mắm, nên đáp án B không được xác nhận và lựa chọn A/C cũng chồng lấn. | P2: Triple correctly identifies the shrimp and peas dish; shrimp is an animal-derived ingredient supporting answer B, though the spatial wording is slightly ambiguous. | P3: The referenced dish below the tofu is not uniquely identifiable, and the two previous passes disagree, so the row should not be silently accepted."
P0,human_llm_disagreement,11279,image000315,test,ingredient_category,DROP,KEEP,high,ambiguous_category;duplicate_choices;incomplete_triples;multiple_correct;pass_disagreement,"P1: Món trung tâm dưới là tôm rim thịt ba chỉ nên nhóm nguyên liệu mơ hồ giữa hải sản và thịt; A và C trùng nhau khiến đáp án không hợp lệ. | P2: Các triples đúng và hữu ích để hỗ trợ nhóm nguyên liệu thịt của món tôm rim thịt ba chỉ trong ảnh/VQA. | P3: Không nên chấp nhận vì A và C trùng nhau, món có cả tôm và thịt ba chỉ nên nhóm nguyên liệu mơ hồ, và hai pass đang bất đồng."
P0,human_llm_disagreement,11360,image000405,test,ingredient_category,DROP,KEEP,high,irrelevant_triples;pass_disagreement;poor_vqa_support;unsupported_food_fact;wrong_ingredient_category,"P1: Question matches the central thịt kho tàu and lower-left cá kho; answer A is the only correct same-type choice about the main ingredient category. | P2: Triples focus on egg instead of the main pork ingredient, and incorrectly classify egg as meat, so they do not support answer A. | P3: DROP vì triples_used sai/không liên quan: trứng vịt không phải nhóm thịt và không hỗ trợ đáp án về thành phần chính của món thịt kho tàu."
P0,human_llm_disagreement,11453,image000504,test,ingredient_category,DROP,KEEP,high,category_mismatch;no_fully_correct_choice;pass_disagreement;unsupported_food_fact;wrong_category,"P1: Món góc trên bên trái là mướp xào, thuộc nhóm rau quả/rau củ chứ không phải rau lá; đáp án A chỉ đúng phần chất xơ nhưng sai loại nguyên liệu. | P2: Triple về nguyên liệu chính đúng, nhưng phân loại mướp là 'Rau Lá' không chính xác dù phù hợp với đáp án lựa chọn. | P3: Mướp xào is visually identifiable, but mướp is not 'rau lá'; since answer A relies on this wrong category and no option is fully correct, the row should be dropped."
P0,human_llm_disagreement,11468,image000535,test,ingredient_category,DROP,KEEP,medium,ambiguous_answer;hidden_ingredient;irrelevant_visual_grounding;pass_disagreement;unsupported_food_fact,"P1: The image shows chả giò, lettuce, and dipping sauce, but the filling inside the rolls is not visible, so meat cannot be verified and other categories remain plausible. | P2: Các triple liên kết chả giò với thịt lợn và phân loại thịt lợn là nhóm thịt, phù hợp để hỗ trợ đáp án C. | P3: Reject: phần nhân chả giò không nhìn thấy được, có nhiều loại nhân hợp lý, và hai pass trước bất đồng rõ ràng."
P0,human_llm_disagreement,11559,image000637,test,ingredient_category,DROP,KEEP,medium,ambiguous_main_category;incomplete_support_for_chagio;irrelevant_or_incomplete_triples;multiple_plausible_answers;pass_disagreement;uncertain_specific_ingredient;unsupported_chagio_classification,"P1: Question matches the image, but classifying phở and chả giò by a single main food group is ambiguous: phở can be viewed as starch/noodles or meat, and chả giò can involve both wrapper and meat filling, so gold C is not clearly valid. | P2: Triples only support pho as meat-based and do not support the cha gio classification; beef is not visually certain. | P3: Reject: đáp án C không được hỗ trợ chắc chắn vì phở/chả giò có thể phân loại theo tinh bột hoặc thịt, và triples chỉ nói về phở chứ không chứng minh chả giò thuộc nhóm thịt."
P0,human_llm_disagreement,11568,image000644,test,ingredient_category,DROP,KEEP,medium,ingredient_not_visible;invalid_choices;kb_dependency;pass_disagreement;question_image_mismatch;unsupported_entity;unsupported_ingredient;unsupported_triple;unverifiable_spatial_relation;wrong_answer,"P1: Tôm không xuất hiện trong ảnh, mô tả hay food_items; món trong tô là Cao lầu với thịt, tóp mỡ, rau, chanh, ớt nên đáp án B không được hỗ trợ. | P2: Triple về Tôm là hải sản đúng và hỗ trợ đáp án B, nhưng việc Cao Lầu có Tôm không được xác nhận trực tiếp từ ảnh hoặc danh sách món. | P3: DROP vì Tôm không xuất hiện trong ảnh/danh sách món, quan hệ vị trí là không kiểm chứng được, và hai pass trước bất đồng."
P0,human_llm_disagreement,11627,image000716,test,ingredient_category,DROP,KEEP,medium,insufficient_support;insufficient_triple_support;irrelevant_triple;irrelevant_triples;minor_ambiguity_main_ingredient;minor_visual_category_ambiguity;pass_disagreement,"P1: Question matches the image and identified dishes; answer A is acceptable because both dishes include chicken/offal as key ingredients, though the lower-left dish is visually also strongly vegetable-based. | P2: The category mapping for chicken meat is useful, but the dish-level evidence should mention Đỗ xào lòng gà and Gỏi gà rather than Gà luộc. | P3: REVIEW vì triples_used nói về Gà luộc chứ không trực tiếp hỗ trợ hai món được hỏi, và hai pass trước đã bất đồng."
P0,human_llm_disagreement,11792,image001166,test,ingredient_category,DROP,KEEP,medium,category_mismatch;incomplete_support;ingredient_category_mismatch;irrelevant_or_incomplete_triples;no_valid_choice;pass_disagreement;unsupported_food_fact;wrong_gold_answer,"P1: Món phía trên là miến nấu mộc nhĩ, chủ yếu thuộc nhóm tinh bột/nấm chứ không phải rau lá; chân gà sả tắc là nhóm thịt, nên đáp án B sai và không có lựa chọn đúng rõ ràng. | P2: Triple về nguyên liệu mộc nhĩ đúng, nhưng phân loại mộc nhĩ là rau lá không chắc/chưa chính xác và chưa hỗ trợ món góc dưới bên trái. | P3: Reject: đáp án B dựa trên phân loại sai mộc nhĩ là rau lá, triples thiếu hỗ trợ cho món chân gà, và không có lựa chọn đúng rõ ràng."
P0,human_llm_disagreement,11809,image001181,test,ingredient_category,DROP,KEEP,high,answer_not_supported;no_correct_choice;pass_disagreement;position_mismatch;unsupported_triples;visual_evidence_conflict,"P1: Trong ảnh, đĩa phía dưới bên trái là tôm chứ không phải thịt luộc, còn đĩa bên phải là rau muống; vì vậy câu hỏi và đáp án D không khớp ảnh. | P2: Các triple phù hợp: đĩa phía dưới bên trái là thịt luộc, nguyên liệu chính là thịt lợn và thuộc nhóm thịt, hỗ trợ đáp án D. | P3: Ảnh không hỗ trợ rõ rằng đĩa phía dưới bên trái là thịt luộc; nó giống tôm, nên đáp án D và triples về thịt lợn không đáng tin."
P0,human_llm_disagreement,11843,image001231,test,ingredient_category,DROP,KEEP,high,incomplete_support;pass_disagreement;unsupported_answer_fact,"P1: Question, image description, food items, qtype, answer, and choices are consistent; only D correctly identifies the bottom dish as meat and its position below the vegetable dish. | P2: Các triple đúng và liên quan đến món rau muống xào tỏi, nhưng chưa hỗ trợ phần món sườn rim ở dưới thuộc nhóm thịt. | P3: Route to REVIEW because triples_used do not support the bottom sườn rim being meat/red meat, and Pass 1/Pass 2 disagree."
P0,human_llm_disagreement,11855,image001237,test,ingredient_category,DROP,KEEP,medium,ambiguous_choices;incomplete_triples;pass_disagreement;visual_dominance_conflict,"P1: Question matches the top-left dish, and A is plausible because lòng gà/trứng non are animal protein, but D is also plausible since đậu cove visually dominates the dish. | P2: Các triple đúng và hỗ trợ trực tiếp việc xác định món phía trên bên trái là lòng gà xào đậu cove, với thành phần chủ đạo thuộc nhóm thịt. | P3: Không nên silently accept vì đáp án A và D đều hợp lý: triples chỉ hỗ trợ lòng gà là thịt, nhưng đậu cove nhìn rất nổi bật và câu hỏi hỏi nhóm chiếm ưu thế."
P0,human_llm_disagreement,11868,image001244,test,ingredient_category,DROP,KEEP,high,ambiguous_spatial_relation;duplicate_choices;multiple_correct_choices;pass_disagreement,"P1: Gold answer is correct, but choices B and C are duplicates and essentially also describe the same upper-right position as A. | P2: Các triple đúng và hữu ích để xác định món phía trên là gà rang lá chanh, nguyên liệu chính là thịt gà thuộc nhóm thịt; quan hệ vị trí được hỗ trợ trực tiếp từ ảnh. | P3: Không nên chấp nhận vì đáp án B và C bị trùng, A/B/C đều hợp lý về vị trí, và hai pass trước mâu thuẫn nhau."
P0,human_llm_disagreement,11881,image001251,test,ingredient_category,DROP,KEEP,medium,answer_too_specific;category_mismatch;no_exact_correct_choice;pass_disagreement;unsupported_food_fact,"P1: Món phía trên bên trái là su hào xào cà rốt thuộc nhóm rau/củ, không phải rau lá; các lựa chọn không có đáp án chính xác. | P2: Đĩa trên bên trái đúng là su hào xào cà rốt, nhưng phân loại cà rốt thành 'Rau Lá' không chính xác dù lựa chọn B có thể đang dùng để chỉ nhóm rau nói chung. | P3: Không nên chấp nhận vì đáp án B dựa trên triple sai: cà rốt không phải rau lá, và các lựa chọn không có nhóm rau/củ chính xác."
P0,human_llm_disagreement,11928,image001287,test,ingredient_category,DROP,KEEP,medium,category_imprecise;pass_disagreement;triple_category_imprecise;unsupported_food_fact;wrong_ingredient_category,"P1: Món góc trên trái là măng xào; măng là rau/củ non giàu chất xơ, không phải nhóm rau lá như đáp án A nêu. | P2: Triple về nguyên liệu măng đúng với món ở góc trên trái, nhưng phân loại măng là rau lá hơi sai/không chính xác dù vẫn hướng tới nhóm rau so với gà nướng. | P3: Reject: đáp án A dựa trên triple sai/không chính xác khi phân loại măng là rau lá, và hai pass trước cũng không đồng thuận."
P0,human_llm_disagreement,11932,image001289,test,ingredient_category,DROP,KEEP,high,ambiguous_choices;incorrect_gold_category;pass_disagreement;taxonomy_mismatch;unsupported_food_category,"P1: Question matches the image, but khoai mỡ is a tuber/starchy root, not a cereal; choices B and C are potentially ambiguous. | P2: Các triple xác định đúng món canh khoai mỡ và phân loại khoai mỡ vào nhóm cung cấp tinh bột/ngũ cốc theo lựa chọn C. | P3: Không nên tự động giữ vì Pass 1/2 bất đồng và khoai mỡ là củ giàu tinh bột, không rõ thuộc 'ngũ cốc', khiến B và C đều có thể được chọn."
P0,human_llm_disagreement,11999,image001348,test,ingredient_category,DROP,KEEP,medium,ambiguous_dominant_ingredient;multiple_plausible_choices;pass_disagreement;questionable_food_fact;unsupported_triples;wrong_answer,"P1: Câu hỏi khớp ảnh và vị trí bát chè bưởi phía dưới bên trái, nhưng thành phần chủ đạo thuộc nhóm rau củ quả/trái cây hơn là họ ngũ cốc, nên đáp án đúng phải là C. | P2: Các triple phù hợp với bát chè bưởi ở phía dưới bên trái và hỗ trợ đáp án nhóm ngũ cốc/đậu. | P3: Không nên silently accept vì hai pass mâu thuẫn, triple đậu xanh→ngũ cốc đáng ngờ và ảnh không chứng minh rõ đậu xanh là thành phần chủ đạo của bát chè bưởi."
P0,human_llm_disagreement,12036,image001479,test,ingredient_category,DROP,KEEP,high,ingredient_mismatch;pass_disagreement;triples_not_required_for_answer;unsupported_food_fact,"P1: Question matches the top-right gỏi cuốn in the image; the transparent rolls with pink shrimp make answer A correct and the other choices refer to different items. | P2: Triples đi đúng hướng về nhóm hải sản, nhưng nguyên liệu nên là tôm tươi/ tôm hồng trong gỏi cuốn, không phải tôm khô. | P3: Answer A is visually plausible, but triples_used contain unsupported 'Tôm Khô' and Pass 1/Pass 2 disagree, so this should be reviewed rather than silently accepted."
P0,human_llm_disagreement,14349,image002208,test,ingredient_category,DROP,KEEP,high,ambiguous_spatial_relation;duplicate_choices;multiple_correct;pass_disagreement,"P1: Question and gold answer match the image, but choices A and D are identical, creating multiple correct answers. | P2: Các triple đúng và hỗ trợ nhóm nguyên liệu của tô canh rau ngót; tuy nhiên lựa chọn A và D bị trùng nội dung. | P3: Không nên accept vì A và D trùng nhau và đều đúng với vị trí tô canh so với đĩa thịt, đồng thời Pass 1 và Pass 2 bất đồng quyết định."
P0,human_llm_disagreement,14351,image002209,test,ingredient_category,DROP,KEEP,medium,ambiguous_category;gold_answer_questionable;incomplete_support;irrelevant_triples;mixed_dish;pass_disagreement;spatial_reference_ambiguous,"P1: Món phía trên bên trái chén nước chấm là canh hoa thiên lý nấu mọc, một món hỗn hợp rau và mọc nên không rõ thuộc nhóm thịt; vì vậy đáp án A không chắc đúng và lựa chọn có thể gây nhập nhằng. | P2: Triples correctly support that thịt heo quay is a meat dish, but they do not cover the opposite dish/rau củ part of the VQA. | P3: Không nên chấp nhận vì hai pass bất đồng, vị trí phía trên bên trái chén nước chấm có thể là canh hoa thiên lý nấu mọc chứ không phải heo quay, và triples_used không hỗ trợ đầy đủ câu hỏi."
P0,human_llm_disagreement,330,image001372,test,ingredients,DROP,KEEP,medium,ambiguous_position;ambiguous_spatial_relation;bad_gold;multiple_plausible_choices;pass_disagreement;unsupported_ingredient;unsupported_triple,"P1: Bát canh thấy rõ nhưng không đủ căn cứ xác định là rau muống; vị trí so với chén muối ớt cũng là phía trên/phải nên lựa chọn dễ mơ hồ. | P2: Triple phù hợp với đáp án VQA vì bát canh được xác định là canh rau muống; tuy nhiên triple chỉ hỗ trợ thành phần, không hỗ trợ quan hệ vị trí với chén muối ớt. | P3: Không nên chấp nhận vì đáp án phụ thuộc vào giả định canh rau muống không chắc từ ảnh, đồng thời vị trí so với chén muối ớt khiến cả A và B đều có thể đúng."
P0,human_llm_disagreement,419,image000020,test,ingredients,DROP,KEEP,medium,ambiguous_choices;multiple_plausible_answers;pass_disagreement;requires_external_knowledge;visual_evidence_insufficient,"P1: Question matches the image context, and shrimp is a common Mi Quang ingredient not visible, but chicken/fish can also be common variants, making choices potentially ambiguous. | P2: Triple is factually correct and directly supports the VQA answer: shrimp is a common ingredient in Mì Quảng though not visible in the image. | P3: Should be reviewed because shrimp is plausible, but chicken/beef/fish variants can also be plausible and the image does not disambiguate."
P0,human_llm_disagreement,509,image000064,test,ingredients,DROP,KEEP,medium,ambiguous_food_variant;external_knowledge_required;not_visually_verifiable;pass_disagreement,"P1: Question matches canh chua context, but asks for a typical hidden protein ingredient not clearly visible in the image; fish is plausible, choices are mostly same-type. | P2: Triple đúng và hữu ích: canh chua thường có cá làm nguyên liệu chính tạo vị ngọt thanh và nguồn protein, phù hợp với đáp án D. | P3: REVIEW vì đáp án dựa vào kiến thức món canh chua thường có cá, không phải bằng chứng nhìn thấy rõ trong ảnh, và Pass 1/Pass 2 đang bất đồng."
P0,human_llm_disagreement,533,image000078,test,ingredients,DROP,KEEP,high,incomplete_support;irrelevant_triple;partly_interpretive_question;pass_disagreement,"P1: Câu hỏi khớp ảnh và mô tả; đáp án D đúng vì nghệ tạo màu vàng đặc trưng cho ốc nấu chuối đậu, các lựa chọn còn lại là thành phần khác không gây nhập nhằng. | P2: Triple is related to the top-left dish but misses the key ingredients needed to justify answer D: nghệ tươi và chuối xanh. | P3: Đáp án D có vẻ đúng theo ảnh và kiến thức món ăn, nhưng triple không hỗ trợ nghệ/chuối xanh và hai pass trước bất đồng nên nên đưa vào REVIEW."
P0,human_llm_disagreement,683,image000159,test,ingredients,DROP,KEEP,high,does_not_support_answer;irrelevant_triples;pass_disagreement;wrong_support,"P1: Question matches the image and qtype; both the soup and braised pork visibly contain scallions and red chili, making D correct and the other choices not jointly correct. | P2: Triple mentions shrimp in the soup, but the question asks for ingredients appearing in both the soup and the pork dish; the supporting evidence should be hành lá and ớt. | P3: Answer D appears visually plausible, but the row should not be accepted because the provided triple is irrelevant and Pass 1/Pass 2 disagree."
P0,human_llm_disagreement,693,image000162,test,ingredients,DROP,KEEP,high,irrelevant_triple;no_vqa_support;pass_disagreement;unsupported_food_fact;wrong_food_item,"P1: Question matches the image and description; bitter melon is the bitter ingredient in the bottom dish and it is to the left of the three-compartment sauce tray. | P2: Triple nói về cá chiên nên không hỗ trợ câu hỏi về mướp đắng và vị trí món ăn so với khay nước chấm. | P3: DROP vì triples_used sai/không liên quan đến câu hỏi về mướp đắng xào thịt bò, và Pass 1 với Pass 2 bất đồng."
P0,human_llm_disagreement,828,image000241,test,ingredients,DROP,KEEP,high,answerable_without_triples;does_not_support_answer;irrelevant_triple;pass_disagreement,"P1: Question matches the central bowl and asks for visible ingredients; D correctly identifies riêu cua and grilled pork, with no other valid choice. | P2: The only triple is irrelevant to the VQA, which asks about riêu cua and grilled pork in the central bowl. | P3: Drop vì triple duy nhất không liên quan đến câu hỏi về tô trung tâm và không hỗ trợ đáp án D."
P0,human_llm_disagreement,832,image000242,test,ingredients,DROP,KEEP,medium,ambiguous_visual;gold_answer_unverified;multiple_plausible_choices;pass_disagreement;unsupported_ingredient;unsupported_triple,"P1: Món góc trên bên phải là canh rau nhưng ảnh/desc không đủ xác nhận là rau muống; chỉ phần đối diện với ức gà nướng là đúng. | P2: Triple đúng và hữu ích: món canh rau ở góc trên bên phải là canh rau muống, hỗ trợ chọn đáp án A. | P3: Không nên silently accept vì loại rau trong canh không được xác nhận rõ; A/B đều có thể hợp lý và hai pass đang mâu thuẫn."
P0,human_llm_disagreement,842,image000248,test,ingredients,DROP,KEEP,medium,ambiguous_choices;answer_not_verifiable;answer_not_visually_verifiable;multiple_chicken_options;multiple_plausible_choices;pass_disagreement;unsupported_specific_ingredient,"P1: Món góc trên trái là gà hầm thuốc bắc, nhưng không thể xác định là gà Đông Tảo; các lựa chọn A và C đều là thịt gà nên gây nhập nhằng. | P2: Triple phù hợp với câu hỏi và đáp án: món góc trên trái là gà hầm thuốc bắc, nguyên liệu thịt được hỏi là Gà Đông Tảo. | P3: Không thể xác minh từ ảnh rằng món gà hầm thuốc bắc dùng Gà Đông Tảo thay vì thịt gà thường, và hai pass trước còn mâu thuẫn."
P0,human_llm_disagreement,1084,image001525,test,ingredients,DROP,KEEP,medium,irrelevant_triple;pass_disagreement;requires_culinary_inference;slight_inference;unsupported_food_fact,"P1: Question matches the central vegetable soup in the image; answer A is reasonable, though the broth-sweetness part requires culinary inference rather than direct visual evidence. | P2: Triple không hỗ trợ câu hỏi về món canh rau củ ở trung tâm mâm. | P3: Không nên chấp nhận vì triple dùng sai món, hai verifier bất đồng, và phần 'nguyên liệu tạo ngọt nước dùng' không được chứng minh bằng hình ảnh."
P0,human_llm_disagreement,1110,image001536,test,ingredients,DROP,KEEP,medium,ambiguous_ingredient;answer_not_visually_verifiable;multiple_plausible_choices;pass_disagreement;unsupported_triple_fact;visual_ambiguity,"P1: Question matches the left-side soup location, but the main ingredient of the canh chua is not clearly verifiable from the image; both fish and shrimp are plausible. | P2: Triple correctly supports that the canh chua in the left tray is made with fish, matching the VQA answer. | P3: Không nên tự động chấp nhận vì nguyên liệu chính của canh chua không thể xác minh rõ bằng hình ảnh, cá và tôm đều hợp lý, và hai pass đang mâu thuẫn."
P0,human_llm_disagreement,1254,image001603,test,ingredients,DROP,KEEP,high,answerable_without_triples;does_not_support_answer;irrelevant_triple;pass_disagreement,"P1: Question matches the right-side soup in the image; the soup contains meat, carrots, and potatoes and is above the red chili sauce bowl, so A is correct and choices are unambiguous. | P2: Triple không hỗ trợ câu hỏi về món canh súp rau củ bên phải và vị trí so với chén tương ớt. | P3: DROP vì triple dùng sai món và không hỗ trợ câu hỏi về canh súp rau củ; hai pass cũng đang bất đồng."
P0,human_llm_disagreement,1285,image001615,test,ingredients,DROP,KEEP,high,irrelevant_triple;pass_disagreement;unsupported_grounding;wrong_food_item_for_question,P1: Question matches the lower-right pork stir-fry with orange carrots; answer A is correct and other choices are same-type with no extra correct answer. | P2: Triple không liên quan đến món được hỏi; VQA cần thông tin cà rốt và vị trí đĩa thịt heo xào so với bát cơm. | P3: DROP vì triple dùng sai món và không hỗ trợ câu hỏi về thịt heo xào cà rốt; hai pass trước cũng mâu thuẫn.
P0,human_llm_disagreement,1334,image001641,test,ingredients,DROP,KEEP,medium,answerable_without_supporting_triple;irrelevant_support;irrelevant_triples_used;pass_disagreement;subjective_contrast;subjective_visual_contrast,"P1: Câu hỏi phù hợp ảnh và đáp án A hợp lý, nhưng cụm 'tương phản nhất' hơi chủ quan dù các lựa chọn còn lại không thỏa điều kiện trong tô/xen kẽ thịt. | P2: Triple về tôm đúng với ảnh nhưng không hỗ trợ trả lời câu hỏi về gan heo màu nâu xám. | P3: DROP vì triple dùng về tôm không hỗ trợ câu hỏi/đáp án về gan heo, và hai pass trước bất đồng."
P0,human_llm_disagreement,1382,image001679,test,ingredients,DROP,KEEP,high,insufficient_vqa_support;irrelevant_support;pass_disagreement,"P1: Question matches the image and description; the bottom-right dish is tôm rim thịt and the diagonally opposite top-left soup is mainly green. | P2: Triple đúng về canh súp lơ nhưng không hữu ích để trả lời câu hỏi về tôm rim thịt và màu xanh lá của món đối diện. | P3: Answer C is visually plausible, but the supporting triple is irrelevant and previous passes disagree, so this row should be reviewed rather than silently accepted."
P0,human_llm_disagreement,1522,image001753,test,ingredients,DROP,KEEP,high,irrelevant_triple;pass_disagreement;unsupported_answer;wrong_food_item,"P1: Question correctly refers to the lower-left braised meat dish; fish sauce and caramelized sugar are the appropriate ingredients for its dark color and rich flavor. | P2: Triple đúng về món mướp luộc nhưng không liên quan đến câu hỏi về thịt kho và nguyên liệu nước mắm, đường thắng. | P3: DROP vì triple nói về mướp luộc, không hỗ trợ câu hỏi về thịt kho; hai pass cũng bất đồng rõ ràng."
P0,human_llm_disagreement,1557,image001784,test,ingredients,DROP,KEEP,high,answer_not_supported_by_triples;irrelevant_support;pass_disagreement,"P1: Question matches the image and description; the diagonally opposite item to the bitter melon dish is the chili fish sauce, and answer B is correct with clear single-choice options. | P2: Triple đúng về ảnh nhưng không hữu ích cho câu hỏi vì đáp án cần nguyên liệu ớt trong chén nước mắm ở góc đối diện. | P3: DROP vì đáp án B có thể đúng theo ảnh, nhưng triples_used không hỗ trợ đáp án và hai lượt verifier trước bất đồng rõ ràng."
P0,human_llm_disagreement,1576,image001796,test,ingredients,DROP,KEEP,high,no_fully_correct_choice;pass_disagreement;triple_insufficient_for_answer;wrong_spatial_relation,"P1: Món góc dưới trái đúng là mực xào ớt chuông trên xà lách, nhưng nó nằm bên trái/cùng hàng với đĩa xôi chiên gà quay, không phải đối diện theo đường chéo. | P2: Triple đúng và liên quan: món mực xào ớt chuông ở góc dưới bên trái có ớt chuông nhiều màu, hỗ trợ lựa chọn A. | P3: Reject: answer A has correct squid/pepper visual evidence but wrong position; the dish is left of the xôi chiên gà quay, not diagonal opposite, and Pass 1/Pass 2 disagree."
P0,human_llm_disagreement,1598,image001801,test,ingredients,DROP,KEEP,high,answer_not_supported_by_triples;irrelevant_triple;pass_disagreement;tautological_ingredient;wrong_target_dish,"P1: Question matches the image and qtype; the opposite dish is sliced golden fried egg, whose main ingredient is chicken or duck eggs, and choices are same-type with only one correct answer. | P2: The VQA asks about the main ingredient of the yellow cut fried egg dish, but the only triple concerns fried fish and does not support the answer. | P3: DROP vì triple_used sai mục tiêu và không hỗ trợ câu hỏi về trứng chiên; Pass 1 và Pass 2 cũng bất đồng rõ ràng."
P0,human_llm_disagreement,1612,image001806,test,ingredients,DROP,KEEP,high,irrelevant_triples_used;pass_disagreement;visual_ambiguity;wrong_supporting_ingredient,"P1: Question matches the image and description; the bottom dish gets its red color from tomatoes and is below the boiled pork plate. | P2: The triple is factually plausible for the dish but does not support the asked answer; it should point to cà chua, not măng. | P3: Route to REVIEW because the supporting triple names măng instead of the red ingredient cà chua, and the two verifier passes disagree."
P0,human_llm_disagreement,2663,image002206,test,ingredients,DROP,KEEP,medium,ambiguous_main_ingredient;ambiguous_visual_evidence;compound_choices;irrelevant_triple;pass_verifiers_reject;ungrounded_ingredient;unsupported_ingredient;wrong_subject_for_question,"P1: Vị trí phía dưới đĩa gỏi là đúng, nhưng nguyên liệu chính 'thịt lợn' của món xào không thể xác định chắc từ ảnh hoặc mô tả. | P2: Triple is factually plausible but irrelevant because it targets gỏi tôm thịt instead of the lower-right món xào needed for this VQA. | P3: Reject: triple không hỗ trợ món xào góc dưới phải, nguyên liệu thịt lợn không xác định được từ ảnh, và cả Pass 1/2 đều DROP."
P0,human_llm_disagreement,2670,image002208,test,ingredients,DROP,KEEP,high,irrelevant_triple;pass_disagreement;unsupported_question_fact;wrong_dish_support,"P1: Question matches the image and description; A correctly identifies lặc lày and trứng non in the lower-right dish relative to the central dipping sauce, with no other valid choices. | P2: Triple is factually plausible but irrelevant to answering the question about lặc lày, trứng non, and the dish position. | P3: DROP vì triple dùng sai món và không hỗ trợ câu hỏi; Pass 1/Pass 2 cũng bất đồng, nên không nên silently accept."
P0,human_llm_disagreement,2722,image002246,test,ingredients,DROP,KEEP,high,answerable_without_triple;irrelevant_triple;not_answer_support;pass_disagreement,"P1: Question matches the image and description; the vinegar bowl clearly contains white garlic cloves and red chili slices in clear vinegar, and only choice A is correct. | P2: Triple nói về thịt bò trong phở, không hỗ trợ nhận diện tỏi trắng, ớt đỏ và nước giấm trong chén giấm tỏi ớt. | P3: Visual answer A is clear, but the provided triple about beef in pho is irrelevant to the garlic-chili vinegar question, and Pass 1/Pass 2 disagree."
P0,human_llm_disagreement,2816,image002334,test,ingredients,DROP,KEEP,medium,answer_not_visually_verifiable;knowledge_based_question;multiple_plausible_choices;pass_disagreement;triple_insufficient_for_visual_grounding,"P1: Question matches the canh chua bowl, but the main protein is not clearly visible; fish is plausible but shrimp or ribs could also fit canh chua with tomato and dọc mùng. | P2: Triple phù hợp với câu hỏi và đáp án: canh chua thường có cá kết hợp với cà chua và dọc mùng. | P3: Không nên silent accept vì đáp án dựa vào kiến thức thường gặp về canh chua hơn là bằng chứng hình ảnh rõ ràng, và cá/tôm/sườn đều có thể hợp lý."
P0,human_llm_disagreement,3379,image000496,test,ingredients,DROP,KEEP,high,irrelevant_triple;pass_disagreement;unsupported_ingredient;wrong_food_item,P1: Question matches the image and description; pineapple pieces are visible in the lower-right stir-fried dish and uniquely fit the sour-sweet flavor clue. | P2: Triple không hỗ trợ câu hỏi về miếng dứa vàng trong đĩa lòng xào và còn nêu thành phần không thấy trong ảnh. | P3: DROP vì câu hỏi trả lời được bằng ảnh nhưng triples_used sai/không liên quan và hai pass trước bất đồng.
P0,human_llm_disagreement,3480,image000567,test,ingredients,DROP,KEEP,high,answerable_without_triples;irrelevant_triple;pass_disagreement;wrong_food_item,"P1: Question matches the lower-left stir-fried rau muống dish; the red and green pepper slices are visible and the distractors refer to other dishes. | P2: Triple nói về thịt kho trứng, không hỗ trợ trả lời câu hỏi về nguyên liệu ớt đỏ và xanh trong món rau muống xào. | P3: Reject because the only triple is about thịt kho trứng/trứng and does not support the rau muống xào pepper question, with Pass 1 and Pass 2 disagreeing."
P0,human_llm_disagreement,3654,image000696,test,ingredients,DROP,KEEP,high,generic_triple_not_image_grounded;multiple_plausible_choices;not_visually_verifiable;pass_disagreement,"P1: The question identifies the bottom golden-brown chả giò correctly, but its filling is not visible and several choices could plausibly be ingredients. | P2: Triple correctly links chả giò to pork, matching the bottom golden-brown dish and supporting answer C. | P3: The answer depends on unseen filling and generic recipe knowledge, while several options are plausible; Pass 1 and Pass 2 also disagree."
P0,human_llm_disagreement,3686,image000716,test,ingredients,DROP,KEEP,high,irrelevant_triple;pass_disagreement;unsupported_triples_used;wrong_food_item,"P1: Question correctly refers to the bottom-left dish of đỗ xào lòng gà; the crunchy green beans/đỗ are the intended ingredient, and other choices are distinct non-correct items. | P2: Triple không hỗ trợ câu hỏi vì món cần xét là đỗ xào lòng gà ở góc dưới bên trái, không phải gà luộc. | P3: DROP vì triples_used nói về gà luộc, không hỗ trợ câu hỏi về đỗ xào lòng gà ở góc dưới bên trái, và Pass 1/Pass 2 bất đồng."
P0,human_llm_disagreement,3710,image000734,test,ingredients,DROP,KEEP,high,irrelevant_to_question;irrelevant_triples;minor_compound_choice;not_answer_supporting;pass_disagreement,"P1: Question matches the image and description; answer A is correct for the top-right items, though the correct choice is a compound option while the question asks singularly. | P2: Triple không hỗ trợ xác định nguyên liệu ở góc phải phía trên là hành lá trắng xanh và ớt đỏ tươi. | P3: DROP because the supporting triple is irrelevant to the asked visual evidence, and the two prior verifier passes disagree."
P0,human_llm_disagreement,3816,image000806,test,ingredients,DROP,KEEP,high,insufficient_answer_support;insufficient_answer_support_from_triples;irrelevant_triples_used;pass_disagreement,"P1: Question matches the central pho bowl and visible ingredients; green scallions on the surface are clearly the correct answer, with no other choice also correct. | P2: Triple đúng vì phở bò có thịt bò trong ảnh, nhưng không hỗ trợ trực tiếp đáp án về hành lá phủ xanh trên bề mặt. | P3: The image clearly supports B, but triples_used do not support the asked ingredient and Pass 1/Pass 2 disagree, so this should be reviewed rather than silently accepted."
P0,human_llm_disagreement,4283,image000315,test,ingredients,DROP,KEEP,high,answer_supported_without_triples;choices_not_same_type;incomplete_support;pass_disagreement;question_typo,"P1: Question and answer match the central tôm rim thịt ba chỉ, but choices mix ingredients with dish names and the question has a typo. | P2: Triple is factually correct and relevant to the central dish, but it only supports tôm and omits thịt ba chỉ needed for the full answer. | P3: Route to REVIEW because prior passes disagree, choices are inconsistent, the question has a typo, and triples_used incompletely supports the full answer."
P0,human_llm_disagreement,4484,image000450,test,ingredients,DROP,KEEP,high,answerable_without_triples;does_not_support_answer;irrelevant_triple;pass_disagreement,"P1: Question matches the image and qtype; the central brown-red small dish is lạc rang, located above the thịt kho, and only choice C is correct. | P2: Triple đúng về món thịt kho nhưng không hỗ trợ xác định lạc rang hay vị trí phía trên đĩa thịt kho. | P3: DROP vì triple_used không liên quan đến lạc rang hay vị trí của nó, và Pass 1/Pass 2 đang mâu thuẫn."
P0,human_llm_disagreement,4618,image001924,test,ingredients,DROP,KEEP,medium,ambiguous_choices;ambiguous_visual_evidence;does_not_support_answer;irrelevant_triple;pass_agreement_drop;question_semantic_issue;unverifiable_attribute,"P1: The image supports a yellow boiled egg, but the claim that it creates natural sweetness is not visually verifiable and another yellow item, the bánh đa, makes the choices ambiguous. | P2: Triple về tôm không giúp trả lời câu hỏi cần xác định nguyên liệu màu vàng là trứng luộc. | P3: DROP vì đáp án trứng luộc có thể nhìn thấy nhưng lý do 'tạo vị ngọt tự nhiên' không kiểm chứng được, có lựa chọn vàng khác hợp lý, và triple về tôm không hỗ trợ câu hỏi."
P0,human_llm_disagreement,4669,image001961,test,ingredients,DROP,KEEP,high,irrelevant_triple;no_answer_support;pass_disagreement,"P1: Question matches the image and ingredients; the yellow corn and orange carrot pieces are the correct contrasting ingredients in the soup. | P2: Triple nói về đậu hủ tẩm hành, không hỗ trợ đáp án về ngô vàng và cà rốt cam trong bát canh. | P3: Answer B is visually plausible, but the supporting triple is irrelevant to the soup question, and Pass 1/Pass 2 disagree."
P0,human_llm_disagreement,4746,image002019,test,ingredients,DROP,KEEP,high,answerable_without_triples;does_not_support_answer;irrelevant_triple;pass_disagreement,"P1: Question matches the image and asks about the bottom-left bun bowl; cucumber slices are visible there and are the correct fresh, crunchy ingredient. | P2: Triple nói về thịt bò trong phở, không hỗ trợ câu hỏi về dưa leo trong bát bún ở góc dưới trái. | P3: Answer D is visually plausible, but the supporting triple is irrelevant and Pass 1/Pass 2 disagree, so the row should not be silently accepted."
P0,human_llm_disagreement,4759,image002034,test,ingredients,DROP,KEEP,high,insufficient_support;irrelevant_triples_used;minor_spatial_ambiguity;pass_disagreement,"P1: Question matches the image and listed food items; rau muống xào is dark green with garlic and is below/slightly left of the central dipping sauce, with no competing correct choices. | P2: Triple đúng về món rau muống xào nhưng không hỗ trợ trực tiếp câu hỏi về tỏi và vị trí so với chén nước chấm. | P3: Route to REVIEW because the provided triple does not support garlic or location, and Pass 1/Pass 2 disagree despite the answer being visually plausible."
P0,human_llm_disagreement,4792,image002064,test,ingredients,DROP,KEEP,high,irrelevant_triple;pass_disagreement;unsupported_food_fact;wrong_food_item,"P1: Question matches the bottom eggplant dish in the image; the main ingredient is clearly cà tím and choices are distinct single-ingredient options. | P2: Triple không hỗ trợ câu hỏi vì món cần xác định là cà tím nướng mỡ hành, còn triple lại nói về cá chiên. | P3: DROP vì triple sai/không liên quan đến món cà tím nướng mỡ hành và Pass 1–Pass 2 bất đồng."
P0,human_llm_disagreement,4837,image002082,test,ingredients,DROP,KEEP,high,irrelevant_triple;pass_disagreement;unsupported_food_fact;wrong_answer_support,P1: Question correctly refers to the lower-left gà kho gừng dish; ginger is the intended ingredient and the choices are same-type with only one correct answer. | P2: Câu hỏi hỏi nguyên liệu cay nồng khử mùi của món gà kho gừng ở góc dưới trái; triple chỉ nêu thịt gà nên không hỗ trợ đáp án Gừng. | P3: DROP vì triple duy nhất không hỗ trợ đáp án Gừng và hai verifier trước đã bất đồng rõ ràng.
P0,human_llm_disagreement,5718,image001132,test,ingredients,DROP,KEEP,high,ingredient_visual_ambiguity;irrelevant_triple;pass_disagreement;wrong_subject,"P1: Question matches the described bottom-left thịt kho tộ; pork and position below the nem lụi make B uniquely correct. | P2: Triple đúng hướng về nguyên liệu thịt lợn nhưng gán cho Nem lụi, không hỗ trợ trực tiếp món thịt kho tộ ở góc dưới bên trái. | P3: Do Pass 1 và Pass 2 bất đồng, và triple gán nguyên liệu thịt lợn cho Nem lụi thay vì Thịt kho tộ, hàng này cần REVIEW thay vì tự động KEEP."
P0,human_llm_disagreement,5762,image001159,test,ingredients,DROP,KEEP,medium,irrelevant_triple;pass_disagreement;unsupported_ingredient_inference;wrong_food_item,"P1: Question matches the top-center canh cá nấu măng with orange broth; C is plausible, though the exact ingredients are inferred rather than directly visible. | P2: Triple không liên quan đến món canh cá nấu măng hoặc đáp án C về cà chua và nghệ. | P3: DROP vì triples_used hoàn toàn không liên quan đến món canh cá nấu măng và Pass 1/Pass 2 bất đồng rõ ràng."
P0,human_llm_disagreement,5796,image001175,test,ingredients,DROP,KEEP,high,pass_disagreement;spatial_relation_error;triple_insufficient_for_question;wrong_gold_answer,"P1: The dish is boiled pork and is to the right of the pickled eggplant bowl, but not above it; choice A is more accurate than gold D. | P2: Triple đúng và hữu ích: món thịt luộc trong ảnh được chế biến từ thịt lợn, phù hợp với câu hỏi về nguyên liệu chính. | P3: Gold D có quan hệ vị trí không đúng; A hợp lý hơn vì đĩa thịt lợn nằm bên phải bát cà pháo, không rõ là phía trên."
P0,human_llm_disagreement,5904,image001237,test,ingredients,DROP,KEEP,high,irrelevant_triples;not_answer_support;pass_disagreement,"P1: Question matches the image and ingredients; the yellow-orange component is trứng non paired with đậu cove, and other choices are clearly incorrect same-type food pairings. | P2: Triple về lòng gà đúng với món ăn nhưng không hỗ trợ câu hỏi cần xác định trứng non và đậu cove. | P3: Answer D is visually plausible, but the supporting triple is irrelevant and Pass 1/Pass 2 disagree, so the row should not be silently accepted."
P0,human_llm_disagreement,6063,image000945,test,ingredients,DROP,KEEP,high,ambiguous_visual_evidence;incomplete_support;pass_disagreement;unsupported_ingredient_fact,"P1: Question matches the visible gà rang muối and đậu cove xào tỏi; answer D is the only plausible ingredient comparison with bột chiên and tỏi băm. | P2: Triple is correct and relevant because gà rang muối uses chicken, but it only supports part of the answer and misses bột chiên and tỏi băm needed for this VQA. | P3: Route to REVIEW because the supporting triple is incomplete, Pass 1 and Pass 2 disagree, and answer D depends on ingredient facts not fully supported by the triple or image."
P0,human_llm_disagreement,6330,image001479,test,ingredients,DROP,KEEP,medium,gold_answer_not_supported;irrelevant_or_biasing_triple;multiple_plausible_choices;partial_support_only;pass_disagreement;unsupported_triple_fact,"P1: The image/description supports shrimp and greens in the top-right spring rolls, but pork is not clearly visible or mentioned, making C plausible and gold answer D unsupported. | P2: Triple is relevant and supports choice D, though it only covers pork and does not mention shrimp or greens. | P3: Reject: evidence supports tôm và rau xanh for the top-right gỏi cuốn, while thịt heo is not visible/described, making D unsupported and C plausible."
P0,human_llm_disagreement,6821,image001514,test,ingredients,DROP,KEEP,high,answer_support_mismatch;irrelevant_triples_used;pass_disagreement,"P1: Question matches the image and ingredient qtype; the central stew visibly contains cordyceps and goji berries, and other choices are plausible but not correct. | P2: Triple đúng về lá ngải cứu trong món hầm nhưng không hỗ trợ lựa chọn D là nấm đông trùng hạ thảo và kỷ tử. | P3: Answer D appears visually plausible, but the provided triple supports ngải cứu rather than đông trùng hạ thảo/kỷ tử, and the verifier passes disagree."
P0,human_llm_disagreement,9194,image000199,test,ingredients,DROP,KEEP,high,irrelevant_triple;pass_disagreement;unsupported_answer_by_triple;wrong_food_item,"P1: Question matches the top soup and asks for its protein ingredient; the visible/name-listed component is thịt viên, and other choices are plausible but not correct. | P2: The VQA asks about the protein in the top soup, but the triple only describes the frog dish, so it does not support the answer. | P3: DROP vì triple nói về món ếch xào măng cay, không hỗ trợ câu hỏi về thành phần đạm trong tô canh phía trên."
P0,human_llm_disagreement,9782,image000248,test,ingredients,DROP,KEEP,high,does_not_support_answer;irrelevant_triple;pass_disagreement;unsupported_food_fact,"P1: Question matches the top-right fish dish; tomato and ginger are visible and fit the color contrast/deodorizing clue, while other choices are from different roles or dishes. | P2: Triple không liên quan đến món cá góc trên bên phải và không hỗ trợ đáp án D. | P3: DROP vì triples_used hoàn toàn không liên quan đến món cá góc trên bên phải và không hỗ trợ đáp án D, đồng thời Pass 1 và Pass 2 bất đồng."
P0,human_llm_disagreement,10071,image001260,test,ingredients,DROP,KEEP,high,irrelevant_support;unsupported_triple_for_question;wrong_food_item;wrong_gold_answer,"P1: The question correctly refers to the bottom-left cá kho dish, but its main ingredient is fish/seafood, so the correct answer should be B, not C. | P2: Triple dùng sai món: câu hỏi nói về cá kho ở góc dưới trái, không phải canh mướp thịt viên. | P3: Không nên chấp nhận: món góc dưới trái là cá kho nên đáp án đúng phải là B Hải sản, trong khi triple lại nói về canh mướp thịt viên."
P0,human_llm_disagreement,10257,image001927,test,ingredients,DROP,KEEP,high,generic_ingredient;insufficient_support;insufficient_triple_support;pass_disagreement,"P1: Question correctly targets the top-right dish, whose visible ingredients are baby corn, brown mushrooms, and asparagus; answer B is uniquely correct. | P2: Triple đúng hướng nhưng quá chung chung, không đủ hỗ trợ đáp án B về các nguyên liệu cụ thể. | P3: Đáp án B có vẻ đúng theo hình, nhưng triple quá chung và Pass 1/Pass 2 bất đồng nên không nên silently accept."
P0,human_llm_disagreement,10935,image001784,test,ingredients,DROP,KEEP,high,answerable_without_triple;irrelevant_triple;pass_disagreement;wrong_answer_support,"P1: Question matches the bottom-left stir-fried vegetable dish; roasted peanuts are visible and provide the notable pale yellow contrast against the greens, while other options refer to other dishes. | P2: Triple không liên quan đến đĩa rau xào góc dưới bên trái và không hỗ trợ đáp án B là lạc rang vàng nhạt. | P3: DROP vì triple dùng sai món và không hỗ trợ đáp án B, đồng thời Pass 1 và Pass 2 đã bất đồng rõ ràng."
P0,human_llm_disagreement,11034,image001806,test,ingredients,DROP,KEEP,high,answer_supported_despite_bad_triple;pass_disagreement;wrong_subject,"P1: Question matches the bottom dish (sườn xào măng); the main ingredient is sườn heo, and the other choices are same-type meat options with only one correct answer. | P2: Triple supports the correct ingredient 'sườn heo' but names the dish incorrectly; the image/VQA refers to sườn xào măng, not sườn kho. | P3: Route to REVIEW because the visual answer is likely B, but the supporting triple names the wrong dish and Pass 1/Pass 2 disagree."
P0,human_llm_disagreement,7348,image001255,test,origin_locality,DROP,KEEP,medium,ambiguous_origin;overlapping_choices;pass_disagreement;unsupported_origin_fact;weak_visual_grounding,"P1: Question correctly points to gà rang gừng in the image, but its regional origin is not uniquely verifiable as Miền Bắc; choices also overlap because Miền Tây is within Miền Nam. | P2: Triple correctly identifies the pictured top-center dish as Gà rang gừng and supports the answer that it is associated with Miền Bắc. | P3: Reject vì nguồn gốc vùng miền của gà rang gừng không được chứng minh rõ, lựa chọn có chồng lấn, và Pass 1/Pass 2 bất đồng."
P0,human_llm_disagreement,7785,image001079,test,origin_locality,DROP,KEEP,medium,not_visually_answerable;origin_ambiguous;pass_disagreement;unsupported_triple,"P1: Câu hỏi khớp ảnh và món bên trái là dưa cải chua xào, nhưng nguồn gốc vùng miền của món này không đặc trưng rõ ràng và có thể gây nhiều đáp án đúng. | P2: Triple matches the left dish identified as Dưa cải chua xào and supports the correct regional answer Miền Bắc. | P3: Không nên chấp nhận vì hai pass mâu thuẫn, nguồn gốc vùng miền của dưa cải chua xào không xác định rõ bằng hình ảnh và triple Miền Bắc có vẻ không đủ căn cứ."
P0,human_llm_disagreement,8253,image000667,test,origin_locality,DROP,KEEP,high,no_valid_choice;pass_disagreement;wrong_spatial_relation,"P1: The item is gỏi cuốn and Southern origin is plausible, but it is above/right of the phở bò bowl, not above/left; no choice combines the correct origin and position. | P2: Triple correctly supports that gỏi cuốn originates from Southern Vietnam/Nam Bộ, which is relevant to the VQA. | P3: Reject: the origin fact is plausible, but the keyed choice has the wrong spatial relation, and no option gives both Southern origin and above-right position."
P0,human_llm_disagreement,8476,image000827,test,origin_locality,DROP,KEEP,medium,ambiguous_origin;insufficient_support;multiple_plausible_choices;not_visually_answerable;pass_disagreement;too_broad_origin;unsupported_triple,"P1: Câu hỏi xác định đúng món su su xào tỏi trong ảnh, nhưng nguồn gốc vùng miền của món này không thể suy ra từ ảnh và có thể gắn với nhiều vùng như miền núi phía Bắc hoặc Đà Lạt/Tây Nguyên. | P2: The image identifies the dish as su su xào tỏi, but the triple only gives Vietnam as origin, which is not specific enough to justify choice B. | P3: Không nên chấp nhận vì ảnh chỉ nhận diện được món su su xào tỏi, còn nguồn gốc vùng miền không suy ra được và triple chỉ ghi chung là Việt Nam."
P0,human_llm_disagreement,8488,image000830,test,origin_locality,DROP,KEEP,medium,ambiguous_origin;multiple_plausible_choices;not_image_answerable;pass_disagreement;unsupported_origin_triple,"P1: Question correctly points to the top-left rau muống luộc, but its country of origin is ambiguous and not verifiable from the image; Vietnam is plausible as a dish context but not a clear unique origin. | P2: Triple đúng và phù hợp: món ở góc trên bên trái là rau muống luộc, được xem là món ăn Việt Nam. | P3: The dish is identifiable, but its national origin is ambiguous and not provable from the image; prior passes also disagree."
P0,human_llm_disagreement,8667,image000928,test,origin_locality,DROP,KEEP,high,overbroad_origin_region;pass_disagreement;requires_external_knowledge;weak_triple_support;weak_vqa_support,"P1: The image and description clearly show chả cá with typical accompaniments, and chả cá is associated with Northern Vietnam/Hanoi, so answer C is correct. | P2: The image and VQA point to chả cá, whose relevant origin for the choices is Miền Bắc, but the triple only says Việt Nam. | P3: Route to REVIEW because the answer is plausible, but triples_used only say Việt Nam and do not justify selecting Miền Bắc."
P0,human_llm_disagreement,9033,image000128,test,origin_locality,DROP,KEEP,high,ambiguous_origin;does_not_support_answer;gold_not_supported;multiple_plausible_choices;pass_disagreement;target_too_broad;triple_too_broad;visual_origin_not_inferable,"P1: Question matches the visible tôm rim dish, but tôm rim is not uniquely or reliably from Miền Bắc; it is common across regions, making the gold answer and choices ambiguous. | P2: Triple identifies the correct dish but gives only country-level origin, so it cannot support the regional answer Miền Bắc. | P3: Reject: đáp án Miền Bắc không được hỗ trợ bởi hình ảnh hoặc triple; tôm rim có thể thuộc nhiều vùng và triple chỉ nói nguồn gốc Việt Nam."
P0,human_llm_disagreement,9109,image000159,test,origin_locality,DROP,KEEP,high,irrelevant_subject;irrelevant_triples;not_supporting_answer;pass_verifiers_agree_drop;too_broad_origin;unsupported_answer;wrong_gold_answer,"P1: Món nâu đậm là thịt kho tộ, thường gắn với Nam Bộ/miền Tây Nam Bộ, nên đáp án đúng phải là C chứ không phải D. | P2: The triple is irrelevant to the target dish and too broad for the regional-origin VQA. | P3: Gold answer D is unsupported and likely incorrect; the relevant dish is Thịt kho tộ, while the only triple concerns a different soup and gives only broad origin."
P0,human_llm_disagreement,9205,image000201,test,origin_locality,DROP,KEEP,medium,ambiguous_origin;answer_by_position;insufficient_support;multiple_plausible_choices;too_broad_origin;too_broad_triple;unsupported_regional_origin,"P1: Image and position match: the dark green dish is at the top above the fish sauce, but the claimed regional origin of rau muống xào is not visually verifiable and somewhat ambiguous. | P2: Triple đúng hướng nhưng không đủ cụ thể để hỗ trợ đáp án D về nguồn gốc Miền Bắc Việt Nam. | P3: Không nên chấp nhận vì nguồn gốc Miền Bắc của rau muống xào không được ảnh hoặc triple hỗ trợ; triple chỉ nói Việt Nam và món này phổ biến nhiều vùng."
P0,human_llm_disagreement,9253,image000215,test,origin_locality,DROP,KEEP,medium,not_visually_answerable;origin_unsupported;pass_disagreement;too_broad_region;triple_too_broad;unsupported_origin_locality;weak_vqa_support,"P1: Question matches the top dish visually, but the claimed origin region cannot be verified from the image or dish name; gold D is unsupported. | P2: Triple đúng hướng về nguồn gốc món ăn nhưng target quá chung, không đủ hỗ trợ lựa chọn D trong câu hỏi. | P3: Không nên chấp nhận vì ảnh chỉ nhận diện được món phía trên, không chứng minh được nguồn gốc vùng đồng bằng sông Hồng; triple chỉ ghi 'Việt Nam' nên không hỗ trợ đáp án D."
P0,human_llm_disagreement,9291,image000235,test,origin_locality,DROP,KEEP,medium,ambiguous_locality;multiple_plausible_choices;origin_not_visually_verifiable;overlapping_choices;pass_disagreement;unsupported_food_origin_fact,"P1: Question matches the central fried carp in the image, but its regional origin is not visually verifiable and choices overlap because Miền Tây is part of Miền Nam. | P2: Triple correctly supports the VQA answer: the central dish is Cá chép chiên giòn and the provided origin region matches Miền Bắc. | P3: Không nên silent accept vì hai pass bất đồng, nguồn gốc vùng miền không thể xác minh bằng ảnh và lựa chọn Miền Tây/Miền Nam bị chồng lấn."
P0,human_llm_disagreement,9430,image000315,test,origin_locality,DROP,KEEP,medium,ambiguous_origin;irrelevant_or_too_broad_triple;multiple_plausible_choices;not_visually_answerable;pass_decision_mismatch;too_broad_origin;unsupported_regional_answer;weak_vqa_support,"P1: The center-bottom dish matches the description, but its regional origin is not uniquely inferable and tôm rim thịt ba chỉ can plausibly be associated with multiple Vietnamese regions, including both northern and southern cuisine. | P2: Triple is directionally related to origin but too generic to justify the answer D for this regional VQA. | P3: Không có bằng chứng hình ảnh hay triple đủ cụ thể để xác nhận món này gắn với Đồng bằng sông Hồng; nhiều vùng khác cũng hợp lý."
P0,human_llm_disagreement,9763,image000242,test,origin_locality,DROP,KEEP,high,ambiguous_answer;generic_food_origin;multiple_plausible_choices;pass_disagreement;too_broad_origin_region;unsupported_regional_origin,"P1: Câu hỏi khớp ảnh nhưng 'canh rau' là món quá phổ biến ở nhiều vùng, không thể xác định chắc nguồn gốc Miền Bắc từ ảnh hay mô tả. | P2: Triple đúng hướng về nguồn gốc món canh rau nhưng target quá rộng, không hỗ trợ trực tiếp đáp án Miền Bắc. | P3: Không thể suy ra chắc 'Miền Bắc' từ ảnh hoặc triple vì canh rau là món phổ biến toàn quốc và triple chỉ ghi nguồn gốc Việt Nam."
P0,human_llm_disagreement,10048,image001255,test,origin_locality,DROP,KEEP,medium,ambiguous_origin;not_visually_answerable;pass_disagreement;unsupported_triple_fact,"P1: Question correctly identifies gà rang gừng in the image, but its regional origin is ambiguous and not uniquely supported by the choices. | P2: Triple correctly identifies the pictured central top dish as Gà rang gừng and supports its origin as Miền Bắc. | P3: The dish is visually identifiable, but its regional origin is ambiguous and depends on an unsupported triple; Pass 1 and Pass 2 also disagree."
P0,human_llm_disagreement,10259,image001927,test,origin_locality,DROP,KEEP,high,ambiguous_origin;multiple_plausible_choices;not_visually_answerable;pass_disagreement;unsupported_food_fact,"P1: Món rau củ xào thập cẩm là món generic, không có nguồn gốc quốc gia rõ ràng từ ảnh; Việt Nam không thể xác nhận chắc chắn và các lựa chọn khác cũng có thể hợp lý. | P2: Triple correctly supports that Rau củ xào thập cẩm is associated with Vietnam, matching the VQA answer. | P3: Generic mixed stir-fried vegetables cannot visually establish Vietnamese origin, and the two verifier passes strongly disagree."
P0,human_llm_disagreement,10477,image002026,test,origin_locality,DROP,KEEP,medium,answer_not_directly_supported;answer_not_supported_by_triple;irrelevant_spatial_context;multiple_plausible_choices;pass_disagreement;too_broad_origin_region,"P1: Question correctly refers to the dark green rau muống at upper left and central nước mắm with cà pháo; Northern Vietnam is a plausible cultural locality, though not visually provable. | P2: Triple đúng hướng về nguồn gốc nhưng quá chung, không đủ hỗ trợ lựa chọn Miền Bắc Việt Nam trong câu hỏi. | P3: Không nên tự động KEEP vì triple chỉ nói Việt Nam, không chứng minh Miền Bắc; rau muống phổ biến nhiều vùng và Pass 1/Pass 2 đang bất đồng."
P0,human_llm_disagreement,10938,image001784,test,origin_locality,DROP,KEEP,medium,ambiguous_regionality;pass_disagreement;too_broad_origin_region;unverifiable_origin,"P1: Image and description match the top-left bitter melon dish, but its regional origin is not visually inferable and 'Mướp đắng trộn ớt chuông' is not clearly unique to Northern Vietnam. | P2: Triple đúng hướng về nguồn gốc nhưng quá chung, không đủ hỗ trợ lựa chọn Miền Bắc Việt Nam. | P3: The image can identify the dish, but neither visual evidence nor the provided triple supports the specific regional answer Miền Bắc Việt Nam."
P0,human_llm_disagreement,10951,image001790,test,origin_locality,DROP,KEEP,medium,origin_ambiguous;origin_not_unique;passes_route_review;too_broad_origin_region;triple_too_broad;unsupported_answer_region;visual_evidence_insufficient,"P1: Question matches the visible bottom-right tôm rim thịt dish and choices are region-type, but the dish is common across Vietnam so Miền Trung is plausible rather than uniquely certain. | P2: Triple đúng hướng về nguồn gốc của Tôm rim thịt nhưng target 'Việt Nam' không hỗ trợ lựa chọn vùng miền D: Miền Trung. | P3: Không nên KEEP vì ảnh chỉ xác định được món tôm rim thịt, còn nguồn gốc Miền Trung không được hỗ trợ bởi triple và cũng không phải lựa chọn duy nhất rõ ràng."
P0,human_llm_disagreement,11496,image000567,test,substitution_rules,DROP,KEEP,medium,ambiguous_current_ingredient;ambiguous_main_ingredient;knowledge_dependent_answer;not_visually_grounded;pass_disagreement;unsupported_current_ingredient,"P1: Question references the top-left dish correctly, but the image/metadata do not specify the current egg type, so choosing chicken egg as a lighter same-size substitute is not reliably answerable. | P2: Các triple phù hợp với câu hỏi thay trứng trong món thịt kho trứng bằng trứng gà để có vị thanh hơn, dù loại trứng hiện tại là trứng vịt chủ yếu dựa vào ngữ cảnh món ăn. | P3: Reject vì ảnh không chứng minh trứng hiện tại là trứng vịt, câu hỏi mơ hồ về nguyên liệu chính, và hai pass trước bất đồng."
P1,llm_review,471,image000042,test,allergen_restrictions,REVIEW,KEEP,low,location_mismatch;pass_disagreement;weak_visual_grounding,"P1: Bánh mì có trong ảnh nhưng không nằm ở vị trí trung tâm; đáp án gluten vẫn hợp lý vì bánh mì làm từ bột mì. | P2: Các triple đúng và hỗ trợ trực tiếp đáp án gluten vì bánh mì làm từ bột mì, nguồn chứa gluten. | P3: Bánh mì có trong ảnh và gluten là đáp án hợp lý, nhưng mô tả vị trí 'trung tâm' sai và hai pass trước không thống nhất nên nên đưa vào REVIEW."
P1,llm_review,495,image000054,test,allergen_restrictions,REVIEW,KEEP,low,multiple_plausible_choices;visual_allergen_overlap,"P1: Câu hỏi khớp ảnh tô Mì Quảng có tôm màu cam; đáp án động vật có vỏ là đúng và các lựa chọn cùng loại dị ứng, không mơ hồ. | P2: The central bowl visibly contains orange shrimp, and shrimp is a crustacean/shellfish allergen matching choice D. | P3: Although shrimp supports D, visible peanuts make C a plausible allergen answer, so the row should be reviewed rather than silently accepted."
P1,llm_review,922,image001412,test,allergen_restrictions,REVIEW,KEEP,low,incorrect_gold_answer;missing_food_link;unsupported_allergen;unsupported_triple;visual_evidence_insufficient,"P1: Món ở góc dưới bên trái là thịt kho, không thấy trứng và danh sách món cũng không ghi thịt kho trứng, nên đáp án B không được hỗ trợ. | P2: Triple is not suitable support for the VQA because it does not connect the bottom-left dish (thịt kho) to trứng. | P3: Không có bằng chứng hình ảnh hoặc metadata cho thấy món thịt kho góc dưới trái chứa trứng; triple chỉ nói trứng là dị ứng, không liên kết với món ăn."
P1,llm_review,1198,image001584,test,allergen_restrictions,REVIEW,KEEP,low,allergen_mismatch;answer_choice_issue;missing_correct_choice;pass_disagreement;taxonomy_mismatch;unsupported_triple;wrong_answer,"P1: Món bên phải là mực nhồi thịt; mực thuộc nhóm nhuyễn thể/hải sản, không phải nhóm giáp xác, nên đáp án D không chính xác và thiếu lựa chọn đúng. | P2: Món bên phải là mực nhồi thịt, nhưng gán mực vào nhóm giáp xác là sai phân loại; cần xem lại nhãn dị ứng/đáp án. | P3: Reject: món bên phải là mực nhồi thịt; mực không thuộc nhóm giáp xác, đáp án đúng bị thiếu và triples_used chứa phân loại dị ứng sai."
P1,llm_review,3401,image000503,test,allergen_restrictions,REVIEW,KEEP,low,allergen_ambiguous;gold_ambiguous;gold_not_supported;missing_correct_choice;missing_direct_allergen_choice;pass_disagreement;spatial_context_irrelevant;unsupported_food_fact,"P1: Món ở góc trên bên phải là cá chiên; dị ứng chính được hỗ trợ là cá, không có trong lựa chọn, còn gluten từ chiên xù không chắc chắn từ ảnh. | P2: The top-right dish is cá chiên xù; breading/bột chiên xù commonly contains wheat gluten, supporting answer A. | P3: Should be reviewed because the top-right dish is fish, gluten is only an assumed coating allergen, and the two verifier passes disagree."
P1,llm_review,4378,image000385,test,allergen_restrictions,REVIEW,KEEP,low,ingredient_assumption_not_visually_supported;visual_food_identity_not_definitive;wheat_vs_gluten_mismatch,"P1: Question correctly identifies the right-side golden fried squid; breaded/fried coating likely contains wheat flour, so B is the valid allergen-risk answer and other choices are clearly incorrect. | P2: Các triple phù hợp với món mực chiên xù trong ảnh và hỗ trợ đúng nguy cơ dị ứng do bột chiên xù thường chứa gluten/bột mì. | P3: Route to REVIEW because the answer is plausible, but the wheat-flour risk relies on assumed breading ingredients and the image cannot confirm squid or wheat/gluten content."
P1,llm_review,4796,image002067,test,allergen_restrictions,REVIEW,KEEP,low,answer_requires_visual_inference;unsupported_specific_food_fact,"P1: Question matches the bottom-right clay pot dish; the visible yellow-orange oval eggs are the allergen-relevant ingredient for egg allergy, and choices are distinct components with only A correct. | P2: Các triple phù hợp với món thịt kho tàu trong nồi đất có trứng màu vàng cam, là thành phần gây dị ứng trứng. | P3: The correct choice is likely A, but the triple claims duck egg specifically, which is not visually verifiable; route to review rather than silently accept."
P1,llm_review,5915,image001243,test,allergen_restrictions,REVIEW,KEEP,low,allergen_ambiguity;triples_not_required;unsupported_allergen_fact,"P1: Question matches the image and asks for the dish above the central dipping sauce; the correct dish is fried battered squid, and choices are clear single dish options. | P2: Các triples phù hợp: món phía trên là mực tẩm bột chiên giòn, và bột chiên có thể chứa gluten nên hỗ trợ lựa chọn A. | P3: Answer A is visually clear, but the allergen reasoning is weak because gluten in the batter is not visually supported and squid itself is another plausible allergen."
P1,llm_review,6011,image000614,test,allergen_restrictions,REVIEW,KEEP,low,answerable_without_full_triple_support;incomplete_triples_used;missing_bottom_right_dish_support;missing_explicit_bottom_right_dish_support,"P1: Question matches the image and qtype; both referenced dishes contain shrimp/shellfish, so answer C is correct and choices are unambiguous. | P2: Các triple đúng và liên quan: tôm rim có tôm, tôm là giáp xác gây dị ứng; tuy nhiên chưa nêu rõ món tôm xào rau củ ở góc dưới bên phải cũng chứa tôm. | P3: Answer C is visually plausible, but triples_used do not support the bottom-right shrimp dish, so route to REVIEW rather than silently accept."
P1,llm_review,8893,image000078,test,allergen_restrictions,REVIEW,KEEP,low,incomplete_allergen_coverage;multiple_plausible_allergens;visual_evidence_somewhat_ambiguous,"P1: Question matches the top-left turmeric broth dish; tofu in ốc nấu chuối đậu makes soy the relevant allergen, and other choices are distinct allergen types. | P2: Các triple phù hợp: món ốc nấu chuối đậu có đậu phụ, và đậu phụ liên quan đến dị ứng đậu nành, hỗ trợ đáp án B. | P3: REVIEW vì món ốc nấu chuối đậu có thể gợi dị ứng hải sản/ốc ngoài đậu nành, trong khi triples chỉ xét đậu phụ nên đáp án B không hoàn toàn không tranh cãi."
P1,llm_review,9690,image000449,test,allergen_restrictions,REVIEW,KEEP,low,missing_correct_choice;pass1_pass2_agree_drop;unsupported_triple;wrong_allergen_category;wrong_allergen_group,"P1: Món chính là cháo trai; trai là nhuyễn thể/hai mảnh vỏ, không phải giáp xác, nên đáp án C không chính xác và các lựa chọn thiếu nhóm dị ứng đúng. | P2: Triple đầu đúng với món cháo trai, nhưng triple dị ứng chính sai vì trai là nhuyễn thể hai mảnh vỏ chứ không phải giáp xác. | P3: DROP: món có trai là nhuyễn thể/hai mảnh vỏ, không phải giáp xác; đáp án C và triple dị ứng đều sai, đồng thời lựa chọn đúng không có trong đáp án."
P1,llm_review,11450,image000503,test,allergen_restrictions,REVIEW,KEEP,low,unsupported_food_fact;visual_ambiguity,"P1: Question matches the image and description: the top-right dish is fried fish with a crispy coating, and the diagonally opposite safer option is the boiled vegetables at the bottom. | P2: Triples correctly support that cá chiên xù has a crispy breadcrumb coating containing gluten, matching the allergen-restriction question. | P3: Route to REVIEW because the fish appears fried, but the breadcrumb/gluten coating is not visually certain from the image."
P1,llm_review,11529,image000614,test,allergen_restrictions,REVIEW,KEEP,low,incomplete_triple_support;missing_bottom_right_support;pass_disagreement,"P1: Question matches the image and food items; both top-left and bottom-right dishes contain shrimp, so a crustacean-allergic diner should avoid both. | P2: Các triple đều đúng và liên quan: tôm rim có tôm, tôm thuộc nhóm dị ứng giáp xác. Tuy nhiên chúng chỉ hỗ trợ món góc trên trái, chưa có triple cho món tôm xào rau củ ở góc dưới phải. | P3: REVIEW vì đáp án B hợp lý theo ảnh, nhưng triples_used chỉ chứng minh món góc trên trái có tôm và thiếu triple hỗ trợ món góc dưới phải cũng chứa tôm."
P1,llm_review,11591,image000670,test,allergen_restrictions,REVIEW,KEEP,low,incomplete_allergen_scope;limited_triple_coverage;multiple_unsafe_items_present;pass_disagreement,"P1: D is correct because it contains shrimp, but the image/food list also includes other crustacean-related items like tôm rim and mắm tôm, so the allergen advice may be incomplete. | P2: Both triples correctly support avoiding the shrimp soup because shrimp is a crustacean allergen. | P3: D is visually and factually supported, but the row should be reviewed because the meal also contains other shrimp/crustacean-related items not covered by the choices/triples."
P1,llm_review,11728,image000895,test,allergen_restrictions,REVIEW,KEEP,low,ambiguous_visual_evidence;generic_ingredient_triple;location_specific_support_weak,"P1: Question matches the image and description: both the top-left and bottom-right gỏi cuốn visibly contain shrimp/crustacean, so answer B is correct and choices are distinct. | P2: Both referenced dishes are gỏi cuốn with visible shrimp, and shrimp is a crustacean allergen, so the triples support choosing both. | P3: Bottom-right gỏi cuốn may contain shrimp, but the evidence is not explicit enough to silently accept both locations as crustacean-containing."
P1,llm_review,11851,image001236,test,allergen_restrictions,REVIEW,KEEP,low,allergen_relation_mismatch;awkward_allergen_framing;medically_invalid_premise;pass_disagreement;unsupported_food_fact,"P1: Question matches the lower-left mướp đắng xào trứng dish and B is the best answer, though framing bacteria in poultry as an allergy risk is medically awkward. | P2: Món góc dưới bên trái là mướp đắng xào trứng, nhưng Salmonella không phải chất gây dị ứng mà là nguy cơ vi khuẩn liên quan đến trứng/gia cầm. | P3: Route to REVIEW because the visual identification is fine, but the allergen premise and triple incorrectly treat Salmonella as an allergen."
P1,llm_review,12066,image002255,test,allergen_restrictions,REVIEW,KEEP,low,choice_safety_overclaim;pass_disagreement;possible_multiple_allergen_items;possible_multiple_correct_allergen_items;visual_allergen_ambiguity,"P1: Gold C is plausible because tôm hấp is crustacean and bánh bèo may share shrimp topping, but choices overclaim safety and bánh khọt also visibly appears to contain shrimp. | P2: Both triples support the VQA: shrimp is a crustacean allergen, and bánh bèo is linked to shrimp as an ingredient/topping in this context. | P3: C is plausible, but Pass 1/2 disagree and the image suggests bánh khọt may also contain shrimp, so the row should be reviewed rather than silently accepted."
P1,llm_review,14211,image001999,test,allergen_restrictions,REVIEW,KEEP,low,insufficient_negative_support;multiple_plausible_correct_choices;visual_evidence_incomplete,"P1: Question matches the image and allergen qtype; D is the visible shrimp-topped bánh bèo, while other choices are distinct wrapped or central cakes. | P2: Both triples correctly support that bánh bèo with shrimp topping should be avoided by someone allergic to crustaceans. | P3: Bánh bèo visibly has shrimp-like topping, but other Huế cakes may also contain shrimp hidden inside, so the single-answer allergen question is not fully safe to accept."
P1,llm_review,196,image001288,test,cooking_technique,REVIEW,KEEP,low,irrelevant_or_insufficient_triples;unsupported_food_fact,"P1: Question matches the image and qtype; the correct cooking technique for thịt kho trứng is braising/simmering with caramel color and seasoning, and the choices are distinct single cooking methods. | P2: Triple đúng với hình và ngữ cảnh: đĩa rau cải bên trái là rau luộc, hỗ trợ phần đối chiếu với món thịt kho trứng. | P3: Đáp án B hợp lý, nhưng triple chỉ hỗ trợ món rau luộc chứ không chứng minh kỹ thuật kho của thịt kho trứng; một số chi tiết dựa vào kiến thức ngoài hình ảnh."
P1,llm_review,283,image001341,test,cooking_technique,REVIEW,KEEP,low,technique_inferred_not_explicit;texture_claim_not_visually_verifiable;triple_answer_granularity_mismatch,"P1: Question matches the image and cooking-technique qtype; the golden answer 'Chiên vàng' is correct and the other choices are distinct cooking methods. | P2: Triple correctly supports the VQA: the chả cá pieces appear turmeric-yellow and pan-fried, matching the answer 'Chiên vàng'. | P3: Image strongly suggests pan-fried turmeric chả cá, but the crispy/soft texture and exact 'chiên vàng' technique are inferred rather than directly visible."
P1,llm_review,503,image000062,test,cooking_technique,REVIEW,KEEP,low,image_cooking_method_inference;incomplete_triples_used;missing_fries_technique;unsupported_fries_technique,"P1: Question matches the image and food items; answer A correctly contrasts baked bread with fried potatoes, and other choices are clearly incorrect cooking methods. | P2: Triple đúng và liên quan: vỏ bánh mì vàng giòn phù hợp với kỹ thuật nướng, nhưng còn thiếu triple về khoai tây chiên được chiên trong dầu/chất béo nóng. | P3: REVIEW vì câu hỏi yêu cầu so sánh kỹ thuật của cả bánh mì và khoai tây chiên, nhưng triples_used chỉ hỗ trợ bánh mì nướng; kỹ thuật chiên khoai là suy luận chưa được triple hỗ trợ."
P1,llm_review,559,image000087,test,cooking_technique,REVIEW,KEEP,low,answer_reliant_on_recipe_knowledge;triple_food_fact_not_visually_supported;visual_evidence_ambiguous,"P1: Question correctly refers to the bottom-left tomato fish dish; frying the fish before braising/saucing with tomato is the plausible technique, and the choices are distinct cooking methods with only one best answer. | P2: Triple correctly supports that the fish in cá kho cà chua was fried before braising, matching choice C. | P3: The answer is plausible, but the prior frying step cannot be confidently verified from the image alone, so this should be reviewed rather than silently kept."
P1,llm_review,749,image000199,test,cooking_technique,REVIEW,KEEP,low,answer_inferable_from_text_label;incomplete_triples_used;unsupported_culinary_detail,"P1: Question correctly refers to the bottom-left stir-fried frog with bamboo shoots versus bottom-right grilled fish; answer C is the only valid cooking-technique contrast. | P2: Triple correctly identifies the lower-left dish 'Ếch xào măng cay' as using the stir-fry technique, which directly supports the VQA comparison with grilled fish. | P3: C is likely correct, but the supporting triple is incomplete and the answer choice adds unsupported cooking-effect details, so it should be reviewed rather than silently kept."
P1,llm_review,1286,image001615,test,cooking_technique,REVIEW,KEEP,low,technique_normalization_ambiguous;triple_food_fact_imprecise;visual_evidence_not_unique,"P1: Question matches the left blue plate dish and asks for cooking technique; chiên is the closest valid choice for the browned pan-fried/seared chicken. | P2: Triple correctly supports that the browned chicken-potato dish on the blue plate is prepared by frying/pan-frying, matching choice C. | P3: Route to REVIEW because 'áp chảo' is being mapped to 'chiên'; C is likely the closest option, but the triple is imprecise and the visual evidence is not uniquely diagnostic."
P1,llm_review,1417,image001709,test,cooking_technique,REVIEW,KEEP,low,ambiguous_reference;irrelevant_triple;missing_target_food;pass_disagreement;spatial_mismatch,"P1: Question intends the brown thịt kho and answer B is plausible, but the spatial cue 'phía dưới đĩa rau luộc' does not correctly identify that dish in the image. | P2: Triple is factually true for rau luoc but irrelevant; the question needs support for thit kho cooked by kho. | P3: Reject: the question appears intended for thịt kho, but the location cue is ambiguous/incorrect and the provided triple is about rau luộc, not the target dish."
P1,llm_review,1423,image001713,test,cooking_technique,REVIEW,KEEP,low,minor_choice_plausibility;triple_overgeneralized;visual_evidence_indirect,"P1: Question matches the top bánh mì in the image; baking/nướng is the correct technique for a golden-brown crispy bread crust, and all choices are distinct cooking methods. | P2: Triple correctly supports that bánh mì gets its golden-brown crispy crust through baking/roasting (nướng), matching the VQA answer. | P3: Answer B is plausible, but the image does not directly support the baking technique and the triple overgeneralizes bánh mì as simply 'nướng'."
P1,llm_review,1672,image001832,test,cooking_technique,REVIEW,KEEP,low,answer_supported_by_metadata_not_triples;incomplete_support;question_requires_missing_triple,"P1: Question matches the image and food items; the right-side golden fish is fried/chiên and the center pork leg is boiled/luộc, with clear single correct choice D. | P2: Triple đúng và liên quan: cá rán ở bên phải được chế biến bằng cách chiên, nhưng thiếu triple hỗ trợ phần thịt chân giò luộc. | P3: REVIEW vì câu hỏi cần cả thông tin cá rán chiên và thịt chân giò luộc, nhưng triples_used chỉ hỗ trợ món cá rán."
P1,llm_review,2759,image002274,test,cooking_technique,REVIEW,KEEP,low,minor_option_imprecision;minor_triple_granularity_issue;overbroad_correct_choice;visual_technique_ambiguity,"P1: Question matches the bánh xèo image and cooking-technique qtype; answer C is correct, though the option is slightly broad because bánh xèo is typically pan-fried rather than deep-fried. | P2: Triple correctly supports that bánh xèo is cooked by frying/pan-frying, matching the golden crispy crepe in the image and answer C. | P3: REVIEW vì đáp án C gộp 'rán ngập dầu' và 'áp chảo'; bánh xèo thường áp chảo, còn hình ảnh/triple chỉ hỗ trợ rán nói chung nên không nên silently accept."
P1,llm_review,2781,image002297,test,cooking_technique,REVIEW,KEEP,low,ambiguous_cooking_technique;triple_food_fact_not_fully_supported_by_visual,"P1: Question matches the top dish Chim cút rôti; 'Quay' is the closest correct cooking technique and other choices are distinct incorrect techniques. | P2: Triple correctly supports that the top dish, chim cút rôti, uses a roasting/quay technique matching answer A. | P3: Món 'chim cút rôti' gợi ý đáp án Quay, nhưng kỹ thuật chế biến không thể xác định chắc chắn chỉ từ hình ảnh và tên món có thể được hiểu linh hoạt trong ẩm thực Việt."
P1,llm_review,3671,image000706,test,cooking_technique,REVIEW,KEEP,low,irrelevant_triple;missing_answer_support;pass_disagreement,"P1: Question matches the image: lower-left is fried tofu and lower-right is roasted/dry-rang shrimp; answer C is correct and choices are distinct cooking-technique pairs. | P2: Triple về rau luộc đúng nhưng không hỗ trợ trả lời câu hỏi về đậu phụ rán và tép rang. | P3: DROP vì triple duy nhất nói về rau luộc, không hỗ trợ câu hỏi về đậu phụ rán và tép rang, đồng thời Pass 1 và Pass 2 bất đồng."
P1,llm_review,3886,image000830,test,cooking_technique,REVIEW,KEEP,low,answer_not_supported_by_triples_used;insufficient_target_triple_support;minor_visual_texture_uncertainty,"P1: Question matches the visible tofu dish in the lower-left blue fish plate; golden-brown surface indicates frying, while the green vegetable is boiled. | P2: Triple correctly identifies the green vegetable dish as boiled water spinach, relevant for contrasting with the fried tofu technique in the question. | P3: Nên REVIEW vì triple chỉ nói rau muống luộc, không trực tiếp chứng minh kỹ thuật chế biến của món đậu phụ được hỏi."
P1,llm_review,4379,image000385,test,cooking_technique,REVIEW,KEEP,low,answerable_without_precise_triple;pass_disagreement;target_too_general,"P1: Question correctly refers to the fried squid rings on lettuce at the right side; deep-frying is the correct technique and other choices are distinct cooking methods. | P2: Triple đúng hướng vì món bên phải là mực chiên xù, nhưng kỹ thuật cần ghi cụ thể là chiên ngập dầu. | P3: Route to REVIEW because the image supports A, but the triple is underspecified and Pass 1/Pass 2 disagree."
P1,llm_review,4381,image000386,test,cooking_technique,REVIEW,KEEP,low,leading_question;triple_label_dependent;visual_method_ambiguous,"P1: Câu hỏi khớp với món tôm đỏ cam bên phải; đáp án Hấp đúng và các lựa chọn đều là phương pháp chế biến, không mơ hồ. | P2: Triple correctly identifies the right-side red-orange shrimp dish as steamed, directly supporting the VQA answer. | P3: Although B is likely intended, the cooking technique 'hấp' is not visually distinguishable with high certainty from similar preparations such as boiling."
P1,llm_review,4493,image000453,test,cooking_technique,REVIEW,KEEP,low,leading_question;triple_weakly_supported;visual_technique_ambiguous,"P1: Question matches the steamed shrimp at the lower left; the correct cooking technique is steaming, and the other choices are distinct incorrect methods. | P2: Triple correctly identifies the bottom-left orange-pink shrimp dish as steamed, matching the question and answer D. | P3: The shrimp is clearly present, but the exact cooking method 'hấp' is not visually distinguishable from other wet-heat methods, so this should be reviewed rather than silently accepted."
P1,llm_review,4929,image002158,test,cooking_technique,REVIEW,KEEP,low,technique_granularity_mismatch;triple_approximate_not_exact,"P1: Question matches the bottom-left pork belly dish; among the same-type cooking methods, xào is the best answer for the browned, firm stir-fried/rang preparation. | P2: Triple correctly links the bottom-left pork belly dish to the stir-fry/saute cooking technique matching answer C. | P3: The answer is likely acceptable by elimination, but 'rang' and 'xào' are distinct Vietnamese cooking methods, so the supporting triple should not be silently accepted."
P1,llm_review,6079,image001013,test,cooking_technique,REVIEW,KEEP,low,answerable_with_irrelevant_or_partial_triples;incomplete_triples;minor_spatial_ambiguity;pass_disagreement;spatial_ambiguity;technique_specificity;unsupported_deep_fry_specificity,"P1: Question mostly matches the tofu and chả rán, but the yellow dish is not exactly at the lower-left corner and 'chiên ngập dầu' is more specific than visually confirmable. | P2: Triple đúng và liên quan: chả rán là món được chiên, hỗ trợ lựa chọn phương pháp chiên cho câu hỏi. | P3: Route to REVIEW because the lower-left reference is ambiguous, triples only support one dish, and 'deep-fried' is not directly supported."
P1,llm_review,6538,image000521,test,cooking_technique,REVIEW,KEEP,low,answer_choice_more_specific_than_triple;visual_technique_not_verifiable,"P1: Món bên trái chén cà pháo là lòng gà xào trứng non; đáp án D là phương pháp xào, phù hợp nhất trong các lựa chọn. | P2: Triple correctly identifies the left-of-cà-pháo dish as lòng gà xào trứng non and its main cooking method as stir-frying, supporting choice D. | P3: D is plausible by elimination, but the triple supports only ""xào"" rather than the specific method ""xào lăn"", so this should be reviewed."
P1,llm_review,6671,image000827,test,cooking_technique,REVIEW,KEEP,low,minor_triple_specificity_issue;technique_not_visually_certain,"P1: Question matches the lower-right green su su dish; the correct cooking technique is xào, and the choices are distinct cooking methods with only one correct answer. | P2: Triple correctly supports that the lower-right su su dish is prepared by stir-frying (xào), matching the VQA answer. | P3: Route to review because the correct method 'xào' is mainly known from the dish name/triple, not confidently from visual evidence alone."
P1,llm_review,6729,image001408,test,cooking_technique,REVIEW,KEEP,low,answer_leak_in_triple_subject;contextual_cues_weak_for_technique;visual_evidence_not_conclusive,"P1: Question matches the image and food context; boiled chicken is the most plausible technique, and all choices are distinct cooking methods with only one correct answer. | P2: Triple correctly supports that the chicken in this cơm gà dish is prepared by boiling, matching the VQA answer. | P3: Boiling is plausible, but the image alone does not conclusively prove it and the supporting triple appears to encode an unsupported answer label."
P1,llm_review,7173,image001801,test,cooking_technique,REVIEW,KEEP,low,answer_partially_supported;incomplete_triples_used;visual_technique_ambiguous,"P1: Question matches the image and description; fried fish and simmered bamboo shoot rib soup are correctly answered by 'Chiên và ninh', with valid same-type choices. | P2: Triple correctly identifies the lower-left brown-golden fish dish as fried, which is relevant support for the VQA. | P3: Answer B is plausible, but the supporting triple only verifies 'cá chiên' and does not substantiate the 'ninh' technique for the soup, so this should be reviewed rather than silently accepted."
P1,llm_review,7260,image001231,test,cooking_technique,REVIEW,KEEP,low,incomplete_triples_used;visual_technique_ambiguous,"P1: Question matches the image and food items; bottom dish is sườn rim and top-left dish is rau muống xào, so answer A is correct and choices are valid technique pairs. | P2: Triple correctly identifies the top-left dish Rau muống xào tỏi as prepared by stir-frying, relevant to choice A. | P3: Answer A is plausible, but the key 'rim' technique is not supported by triples_used and is visually ambiguous versus similar braising/stewing methods."
P1,llm_review,7347,image001255,test,cooking_technique,REVIEW,KEEP,low,irrelevant_triples_used;missing_correct_choice;pass_disagreement;referent_answer_mismatch;wrong_gold_answer,"P1: Món ở trung tâm phía trên là gà rang gừng, không phải món kho; đáp án đúng không có trong lựa chọn. | P2: Triple đúng và hỗ trợ trực tiếp lựa chọn A vì món cá kho tộ trong ảnh được chế biến bằng phương pháp kho. | P3: Câu hỏi nhắm tới đĩa gà rang gừng ở trung tâm phía trên, nhưng đáp án và triple lại dựa vào cá kho tộ; lựa chọn đúng không có trong đáp án."
P1,llm_review,7562,image001373,test,cooking_technique,REVIEW,KEEP,low,answerable_despite_bad_triple;irrelevant_triple;pass_disagreement;wrong_subject,"P1: Question matches the boiled pale-green gourd in the bamboo steamer, and the correct cooking method is boiling; choices are distinct cooking techniques. | P2: Triple has the right cooking technique 'Luộc' but applies it to the egg dish instead of the pale green bầu in the steamer. | P3: Route to REVIEW because the answer is visually plausible, but triples_used grounds the technique to the egg dish instead of the pale green bầu, and Pass 1/Pass 2 disagree."
P1,llm_review,7590,image001389,test,cooking_technique,REVIEW,KEEP,low,over_specific_answer;triple_granularity_mismatch;visual_ambiguity_deep_vs_fried,"P1: Question correctly refers to the fried fish at the lower left; the crispy dark exterior matches frying/deep-frying, and the other options are distinct cooking methods. | P2: Triple correctly identifies the lower-left dish as fried fish and supports the frying technique asked in the VQA. | P3: The dish is clearly fried fish, but choosing specifically deep-frying is more specific than both the image and triple ('Chiên') reliably support."
P1,llm_review,7635,image000943,test,cooking_technique,REVIEW,KEEP,low,over_specific_answer;pass_disagreement;triple_answer_granularity_mismatch;unsupported_deep_frying,"P1: Question matches the bottom dish chả rươi, but the image supports frying in general; 'rán ngập dầu' is too specific and not visually verifiable. | P2: Triple đúng và hữu ích: chả rươi ở đĩa dưới có màu vàng nâu giòn đặc trưng do rán, phù hợp với đáp án rán ngập dầu. | P3: Image and triple support 'rán' in general, but not specifically 'rán ngập dầu'; Pass 1 and Pass 2 also disagree, so this should be reviewed."
P1,llm_review,7684,image000995,test,cooking_technique,REVIEW,KEEP,low,ambiguous_visual_evidence;answerable_from_triple_not_image;possible_misidentified_food_item,"P1: Question correctly refers to the green stuffed bitter melon soup at the top left; stewing/simmering is the main technique, and the choices are same-type with only one correct answer. | P2: Triple đúng và hỗ trợ trực tiếp: món góc trên trái là canh khổ qua nhồi thịt, thường được hầm/nấu mềm với nhân thịt. | P3: The cooking technique is plausible, but the top-left dish is not visually clear as stuffed bitter melon soup, so silent acceptance is risky."
P1,llm_review,9289,image000235,test,cooking_technique,REVIEW,KEEP,low,ambiguous_visual_evidence;answer_relies_on_description;incomplete_support;incomplete_triples,"P1: Question matches the image and description: the central crispy carp is fried, while the upper-left dish is grilled; choices are same-type technique pairs with only D correct. | P2: Triple đúng và hỗ trợ phần món cá chép chiên giòn ở trung tâm, nhưng chưa có triple cho món cá nướng ở góc trên bên trái. | P3: Route to REVIEW because the second cooking technique, nướng, is not supported by triples and is visually ambiguous from the image alone."
P1,llm_review,9726,image000465,test,cooking_technique,REVIEW,KEEP,low,over_specific_answer;triple_less_specific_than_choice;visual_method_ambiguity,"P1: Question correctly refers to the left dish as chả cá, whose golden-brown crust is best explained by deep-frying; choices are distinct cooking methods with only one correct answer. | P2: Triple correctly links the dish left of the dipping sauce, chả cá, to frying, supporting the answer chiên ngập dầu. | P3: The dish is plausibly fried, but 'chiên ngập dầu' is more specific than both the image evidence and the triple 'Chiên', so it should be reviewed rather than silently accepted."
P1,llm_review,9761,image000242,test,cooking_technique,REVIEW,KEEP,low,ambiguous_visual_evidence;partial_triple_support;technique_label_mismatch,"P1: Question matches the lower-left grilled chicken and upper-right vegetable soup; answer A correctly contrasts nướng with luộc/nấu canh, and choices are comparable cooking-method pairs. | P2: Triple đúng và hữu ích: món canh rau ở phía trên bên phải được chế biến bằng luộc/nấu, hỗ trợ lựa chọn A khi so với ức gà nướng. | P3: Route to REVIEW because the chicken could be fried vs grilled visually, and 'canh' is supported as luộc/nấu rather than exactly luộc."
P1,llm_review,10249,image001924,test,cooking_technique,REVIEW,KEEP,low,ambiguous_choices;generic_technique;gold_answer_likely_wrong;missing_banh_da;pass_disagreement;unsupported_food_fact;weak_answer_support;weak_triple_support,"P1: Câu hỏi phù hợp ảnh, nhưng bánh đa trong mì Quảng thường là nướng chứ không phải chiên, nên đáp án D không chắc đúng và B/D gây nhập nhằng. | P2: Triple liên quan đến Mì Quảng nhưng không nêu đúng kỹ thuật cần thiết cho VQA là luộc sợi mì và chiên bánh đa. | P3: Không nên giữ vì đáp án D dựa vào giả định bánh đa được chiên, trong khi hình và kiến thức món ăn không đủ chắc; các lựa chọn cũng nhập nhằng và triple không hỗ trợ câu trả lời."
P1,llm_review,10650,image001459,test,cooking_technique,REVIEW,KEEP,low,ambiguous_visual_reference;location_imprecise;pass_disagreement;triple_visual_misalignment,"P1: Câu hỏi phù hợp qtype và đáp án luộc là đúng, nhưng vị trí 'góc trên bên trái' hơi mơ hồ vì khu đó chủ yếu là dưa/đậu và phần thịt/offal nằm lệch lên trên. | P2: Triple đúng và trực tiếp hỗ trợ đáp án D: thịt chân giò có màu trắng hồng, mềm, được chế biến bằng cách luộc chín. | P3: Nên REVIEW vì đáp án luộc có vẻ đúng, nhưng vị trí được hỏi mơ hồ/sai vùng và triple có thể hỗ trợ đáp án mà không khớp rõ với bằng chứng hình ảnh."
P1,llm_review,11005,image001801,test,cooking_technique,REVIEW,KEEP,low,answer_supported_by_image_not_triple;pass_disagreement;technique_too_generic;technique_too_specific_for_visual_evidence;triple_too_generic,"P1: Question matches the bottom-left fried fish and the choices are cooking methods; answer A is plausible, though 'deep-frying' is slightly more specific than what the image alone proves. | P2: Triple is relevant and broadly correct, but the VQA answer requires the more specific technique of deep-frying. | P3: Nên REVIEW vì ảnh và triple chỉ hỗ trợ 'cá chiên' nói chung, chưa đủ chắc để khẳng định là 'chiên ngập dầu', và hai pass trước không đồng thuận."
P1,llm_review,195,image001288,test,dietary_restrictions,REVIEW,KEEP,low,choice_wording_overclaim;non_visible_ingredient_uncertainty;unsupported_food_fact,"P1: Question matches the image and dietary qtype; the left dish is boiled greens suitable for vegetarian eating, while the top soup contains shrimp. | P2: Các triple đều đúng và hỗ trợ lựa chọn rau cải luộc bên trái là món phù hợp hơn cho người ăn chay trường so với canh có tôm. | P3: Nên review vì đáp án C hợp lý về mặt hình ảnh, nhưng triple về tag chay hơi khái quát và câu lựa chọn diễn đạt quá mức khi món phía trên cũng có rau cải nhưng chứa tôm."
P1,llm_review,329,image001372,test,dietary_restrictions,REVIEW,KEEP,low,dietary_ambiguity;ingredient_not_confirmed;irrelevant_triples;missing_location_support;multiple_correct_choices;pass_disagreement;unsupported_triple,"P1: Question matches the image and B is correct, but A is also correct because the canh rau is suitable for a plant-based diet and is next to the muối ớt. | P2: Triples support that a vegetable ingredient can be vegetarian/plant-based, but rau muong is not confirmed and the triples do not support the spatial relation to the muoi ot bowl. | P3: Reject: A and B are both plausible correct, triples are partly unsupported/irrelevant, and prior passes disagree."
P1,llm_review,534,image000078,test,dietary_restrictions,REVIEW,KEEP,low,answer_supported_outside_triples;missing_key_evidence;pass_disagreement;weak_support;weak_triple_support,"P1: Question matches the image and description; top-left dish contains snails so it is not plant-based, while bottom-right tofu is plant-based, making answer D correct. | P2: Triples miss the crucial fact that Ốc nấu chuối đậu contains snails, so they do not adequately support answer D. | P3: Route to REVIEW because the correct answer is plausible, but triples_used miss the crucial snail ingredient and Pass 1/Pass 2 disagree."
P1,llm_review,778,image000215,test,dietary_restrictions,REVIEW,KEEP,low,incomplete_support;possible_hidden_animal_ingredient;unsupported_dietary_fact,"P1: Question matches the image and dietary qtype; the pumpkin stir-fry at bottom-left is more suitable for a plant-based diet than the pork trotter soup, and choices are clear with only one correct answer. | P2: Các triple đúng và liên quan vì món phía trên chứa móng giò, không phù hợp thuần thực vật; tuy nhiên chưa có triple hỗ trợ trực tiếp rằng bí ngô xào tỏi phù hợp hơn. | P3: C is plausible, but the triples do not directly support that bí ngô xào tỏi is vegan, and visual evidence cannot rule out animal-based seasoning."
P1,llm_review,831,image000242,test,dietary_restrictions,REVIEW,KEEP,low,dietary_conflict;missing_nonvegan_ingredient;multiple_plausible_choices;pass_disagreement;spatial_ambiguity;uncertain_ingredient;unsupported_or_incomplete_triples;wrong_gold_answer,"P1: A là tô canh rau có viên mọc nên không phù hợp thuần thực vật; đậu phụ rán mới là lựa chọn thuần thực vật rõ hơn, nhưng vị trí 'đối diện cá kho' cũng gây nhập nhằng. | P2: Triple về rau muống không chắc từ ảnh và thiếu thông tin viên mọc trong canh, nên hỗ trợ cho chế độ thuần thực vật chưa đáng tin. | P3: Reject: đáp án A xung đột với bằng chứng món canh có viên mọc, B cũng là lựa chọn thuần thực vật hợp lý, vị trí đối diện cá kho nhập nhằng và triples bỏ sót thành phần không chay."
P1,llm_review,880,image000276,test,dietary_restrictions,REVIEW,KEEP,low,dietary_ambiguity_hidden_ingredients;incomplete_triples;missing_position_triple,"P1: Question matches the image: the top-right dish is rau muống xào tỏi, suitable for vegetarian diet by visible ingredients, and it is to the right of the pork plate. | P2: The triples correctly support that rau muống xào tỏi is vegetarian, but they do not support the right-of position relative to pork. | P3: Answer C is visually plausible, but the vegetarian suitability and right-of relation are not fully supported by the provided triples."
P1,llm_review,919,image001411,test,dietary_restrictions,REVIEW,KEEP,low,irrelevant_triples;misleading_dietary_support;missing_animal_ingredient;pass_disagreement,"P1: Câu hỏi khớp ảnh và mô tả; món góc trên bên phải là ếch xào măng chứa động vật nên không phù hợp thuần thực vật, chỉ đáp án D đúng. | P2: The triples focus on bamboo shoots and miss the frog ingredient, so they do not support the correct non-vegan answer. | P3: DROP vì triples_used sai trọng tâm và gây hiểu nhầm: chúng nói măng là chay nhưng bỏ qua thành phần ếch, trong khi Pass 1 và Pass 2 cũng bất đồng."
P1,llm_review,1200,image001584,test,dietary_restrictions,REVIEW,KEEP,low,incomplete_triples_used;irrelevant_dietary_tag;missing_top_dish_support;pass_disagreement,"P1: Question matches the image and qtype; the top dish is beef stir-fry and the dish right of the boiled greens is stuffed squid, so both are not plant-based. | P2: Triple 0 supports that mực nhồi thịt contains animal ingredient, but there is no support for the top dish bò xào, and triple 1 does not help answer plant-based suitability. | P3: Answer A is visually plausible, but the evidence triples are incomplete and partly irrelevant, and the two verifier passes disagree."
P1,llm_review,1471,image001733,test,dietary_restrictions,REVIEW,KEEP,low,dietary_tag_imprecise;missing_spatial_relation;pass_disagreement;triples_partially_irrelevant;unsupported_vegan_claim,"P1: Question matches the visible green rau muống xào; it is plant-based and positioned to the right of the tôm rim, so answer D is correct. | P2: Triples partly support identifying rau muống xào as plant-based, but they do not support its position to the right of tôm rim and the dietary tag is imprecise for vegan. | P3: Route to REVIEW because the triples do not establish vegan suitability or spatial relation, and prior verifier decisions disagree."
P1,llm_review,1566,image001790,test,dietary_restrictions,REVIEW,KEEP,low,ambiguous_spatial_relation;underspecified_dietary_tag,"P1: Question matches the image and qtype; the lower-right dish is shrimp with pork, not suitable for a vegan diet, and it is below-right of the blue rice bowl. | P2: Các triple đều hỗ trợ rằng món tôm rim thịt ở góc dưới bên phải có thành phần động vật nên không phù hợp chế độ thuần thực vật. | P3: Dietary answer is clear, but the dish's position relative to the rice bowl is not unambiguously 'below-right', and one dietary triple is context-dependent."
P1,llm_review,1579,image001796,test,dietary_restrictions,REVIEW,KEEP,low,pass_disagreement;vague_dietary_tag;weak_triple_support,"P1: Question correctly targets the bottom-left squid stir-fry; it is not suitable for vegans because squid is an animal-derived ingredient, and only choice D is correct. | P2: Món góc dưới trái là mực xào ớt chuông; mực là thành phần động vật nên không phù hợp ăn chay trường, nhưng triple 2 diễn đạt chưa chuẩn. | P3: Answer D is visually and conceptually plausible, but the supporting triple 'Mực hasDietaryTag mặn' is too vague for vegan reasoning, and Pass 1/Pass 2 disagree."
P1,llm_review,1706,image001850,test,dietary_restrictions,REVIEW,KEEP,low,dietary_claim_not_visually_verifiable;unsupported_complete_plant_based_claim;vegan_vs_chay_ambiguity,"P1: Question correctly targets the top-left tofu dish; based on the image and description it is plant-based, and C is the only valid answer. | P2: The top-left dish is tofu with scallions, and tofu is plant-based/vegetarian, supporting the vegan-suitable answer. | P3: Nên REVIEW vì món đậu hũ nhìn có vẻ chay, nhưng không thể xác nhận hoàn toàn thuần thực vật từ ảnh/triples."
P1,llm_review,2669,image002208,test,dietary_restrictions,REVIEW,KEEP,low,choice_ambiguity;pass_disagreement;triples_partial_support;unsupported_vegan_claim;visual_insufficient,"P1: Question matches the image and A is supported by visible items, but choice C is culturally plausible because canh rau ngót is often cooked with minced meat, creating ambiguity for a vegan/dietary question. | P2: Các triple đúng và liên quan: canh rau ngót có thành phần rau ngót, một nguyên liệu thực vật/chay; tuy nhiên chúng chỉ hỗ trợ một phần vì không trực tiếp xác nhận món canh không có thịt hoặc nước dùng động vật. | P3: Nên REVIEW vì đáp án A đòi hỏi xác nhận món canh không có thành phần động vật, nhưng hình ảnh và triples không chứng minh được điều đó; C cũng có khả năng đúng theo cách nấu phổ biến."
P1,llm_review,2723,image002246,test,dietary_restrictions,REVIEW,KEEP,low,ambiguous_dietary_tag;weak_triple_support,"P1: Question matches the pho bo image and dietary restriction qtype; answer C is correct because the central dish contains beef, so it is not plant-based. | P2: Các triple đều phù hợp: phở bò trong ảnh có thịt bò, và thịt bò là thành phần động vật nên không phù hợp với chế độ thuần thực vật. | P3: Answer C is visually and conceptually correct, but the supporting triple 'Thịt Bò hasDietaryTag mặn' is imprecise for a plant-based restriction, so this should be reviewed rather than silently accepted."
P1,llm_review,2766,image002280,test,dietary_restrictions,REVIEW,KEEP,low,irrelevant_triples;missing_animal_ingredients;pass_disagreement;poor_answer_support,"P1: Question matches the image and food items; both chicken rice and shrimp/meat spring rolls are not plant-based, so answer A is correct. | P2: The triples only mention rice/vegetarian status, but the answer depends on chicken in cơm gà and shrimp/meat in gỏi cuốn being non-plant-based. | P3: DROP vì Pass 1 và Pass 2 bất đồng, và triples_used chỉ nói về gạo/chay nên không hỗ trợ đáp án dựa trên thịt gà, tôm hoặc thịt trong hai món."
P1,llm_review,3443,image000545,test,dietary_restrictions,REVIEW,KEEP,low,ambiguous_dietary_tag;insufficient_triple_support;pass_disagreement,"P1: Câu hỏi khớp ảnh và mô tả; món phía trên nước chấm là su su xào thịt bò không thuần thực vật, còn rau cải luộc ở góc dưới trái phù hợp. | P2: Triple 1 correctly supports that the upper dish contains beef, but triple 2 uses an ambiguous dietary tag for the vegan/plant-based question. | P3: Answer C is visually plausible, but triples_used are incomplete/ambiguous for a thuần thực vật restriction and prior passes disagree."
P1,llm_review,3664,image000698,test,dietary_restrictions,REVIEW,KEEP,low,insufficient_support_for_uniqueness;misses_vegan_strawberries;missing_other_food_dietary_tags;multiple_plausible_correct_choices;pass_disagreement;triples_do_not_answer_full_question;wrong_gold_answer,"P1: Gold answer C is incorrect because strawberries are also clearly vegan-suitable, so the top-left mushroom dish is not the only suitable option. | P2: Các triple đúng và liên quan đến món nấm xào, nhưng chỉ chứng minh món này phù hợp ăn chay, chưa đủ hỗ trợ kết luận đây là lựa chọn duy nhất. | P3: Answer C should not be accepted because strawberries are another clearly vegan-suitable item, and the triples only support mushrooms being vegetarian, not that they are the unique suitable choice."
P1,llm_review,3878,image000827,test,dietary_restrictions,REVIEW,KEEP,low,dietary_ambiguity;missing_contrast_triple;unsupported_contrast_fact,"P1: Câu hỏi khớp ảnh và mô tả; su su xào tỏi phù hợp ăn chay trường hơn canh có tép mồi, nên đáp án B đúng. | P2: Các triple đúng và hỗ trợ món su su xào tỏi là món thực vật phù hợp hơn, nhưng thiếu triple nêu món canh có tép mồi là nguyên liệu động vật. | P3: Route to REVIEW: đáp án B hợp lý theo tên món, nhưng triples_used thiếu bằng chứng rằng canh có tép mồi là nguyên liệu động vật và tính chay trường không thể xác nhận chắc từ ảnh."
P1,llm_review,3999,image000912,test,dietary_restrictions,REVIEW,KEEP,low,ambiguous_choices;imprecise_dietary_tag;incomplete_support;incomplete_triple_support;multiple_plausible_choices;multiple_vegan_options,"P1: Question matches the image and A is a valid vegan choice, but D also contains plant-based items like chili and lime, making the choices somewhat ambiguous. | P2: The triples correctly identify phở bò as containing beef and thus unsuitable for a plant-based diet, but they do not directly support why the raw vegetable plate is the best vegan option. | P3: Answer A is plausible, but D is also plant-based and the triples do not directly justify choosing A over other vegan-compatible options."
P1,llm_review,4621,image001927,test,dietary_restrictions,REVIEW,KEEP,low,dietary_ambiguous;pass_disagreement;spatial_ambiguity;unsupported_food_fact,"P1: Question and position match the image, but vegan suitability of the mixed stir-fried vegetables is somewhat ambiguous from the image alone because ingredients/sauce are not fully knowable. | P2: Các triple phù hợp để hỗ trợ rằng món góc trên bên phải là rau củ xào và có tính chất món chay; vị trí so với bát cơm trắng cũng khớp đáp án. | P3: Không nên silent accept vì tính chay trường không xác minh được từ ảnh/triples, và vị trí so với bát cơm có thể gây nhập nhằng."
P1,llm_review,4690,image001971,test,dietary_restrictions,REVIEW,KEEP,low,answer_not_grounded_in_triples;choice_typo;irrelevant_triples;missing_key_dietary_support;pass_disagreement;unsupported_dietary_fact,"P1: Câu hỏi khớp ảnh: cá kho tộ màu nâu đen không thuần thực vật, canh cải xanh nhạt là lựa chọn phù hợp; đáp án A đúng dù có lỗi gõ 'luộct'. | P2: Triples do not support the dietary comparison between cá kho tộ and canh cải. | P3: DROP because the two verifier passes disagree and the triples are irrelevant to proving whether cá kho tộ or canh cải fits a vegan diet."
P1,llm_review,4931,image002158,test,dietary_restrictions,REVIEW,KEEP,low,invalid_triple_with_non_drop_score;irrelevant_dietary_tag;partial_triple_support;pass_disagreement,"P1: Question matches the image and qtype; bottom-left is pork belly, so it is not suitable for a vegan/plant-based diet, while top-right tofu is plant-based. | P2: Triple 0 correctly supports that the lower-left dish is pork-based, but triple 1 does not support the vegan restriction reasoning. | P3: Answer D is visually plausible, but Pass 1/2 disagree and one triple is irrelevant to plant-based suitability, so this should be reviewed."
P1,llm_review,5464,image000942,test,dietary_restrictions,REVIEW,KEEP,low,dietary_tag_irrelevant_or_ambiguous;triples_insufficient_for_spatial_relation,"P1: Question matches the visible boiled chicken; it is not plant-based and is to the left of the pickled vegetables bowl, so B is correct. | P2: Các triple đúng và hỗ trợ phần gà luộc không phù hợp chế độ thuần thực vật, nhưng chưa hỗ trợ quan hệ vị trí với bát dưa muối. | P3: Answer B is visually plausible, but the triples only weakly support the dietary part and do not support the position relation, so this should be reviewed rather than silently accepted."
P1,llm_review,5514,image000995,test,dietary_restrictions,REVIEW,KEEP,low,ambiguous_visual_evidence;weak_dietary_triple,"P1: Question matches the image and dietary qtype; the top-left dish is stuffed bitter melon soup with meat, so it is not fully plant-based, and only choice D is correct. | P2: Các triple đều hỗ trợ đáp án D: canh khổ qua nhồi thịt chứa thịt heo, là thành phần động vật nên không phù hợp chế độ thuần thực vật. | P3: Route to review because the correct answer is likely D from the label, but the visual evidence is not fully clear and one dietary triple is imprecise."
P1,llm_review,5621,image001057,test,dietary_restrictions,REVIEW,KEEP,low,ambiguous_spatial_relation;ambiguous_vegan_suitability;insufficient_support;insufficient_visual_evidence;irrelevant_triples_used;missing_lower_left_dish_evidence;multiple_plausible_choices;questionable_gold,"P1: Question matches the image, but the bottom-left dish appears to be tofu, which may be suitable for a plant-based diet unless 'mỡ hành' is treated as animal fat; thus gold D is ambiguous and A could also be plausible. | P2: Triples are correct about the pork dish, but they do not verify the vegan suitability of the lower-left dish, which is central to the question. | P3: The gold answer depends on ambiguous vegan assumptions about tofu with scallion oil and an imprecise spatial relation, while the triples only support facts about pork, not the queried dish."
P1,llm_review,5644,image001063,test,dietary_restrictions,REVIEW,KEEP,low,ambiguous_egg_chay_tag;dietary_mismatch;missing_fish_nonvegetarian;missing_key_triple;pass_disagreement;unsupported_dietary_fact;wrong_gold_answer,"P1: Món góc dưới phải là cá kho không phù hợp ăn chay trường, và canh rau có trứng cũng không phù hợp; đáp án đúng nên là B, không phải C. | P2: Triples support the soup only, but miss the key fish dish comparison and the egg-as-chay claim is ambiguous for ăn chay trường. | P3: Gold C should not be accepted: for ăn chay trường, egg soup and fish dish are both unsuitable, so the row has wrong answer and flawed triples."
P1,llm_review,5716,image001128,test,dietary_restrictions,REVIEW,KEEP,low,incomplete_triples_for_comparison;missing_goi_cuon_shrimp_support;pass_disagreement;vague_dietary_tag,"P1: Question matches the image and dietary qtype; central pho bo contains beef and bottom-left goi cuon contains shrimp, so both are not vegan. | P2: Triple về phở bò có thịt bò là đúng, nhưng bộ triple thiếu bằng chứng gỏi cuốn có tôm và tag 'mặn' chưa đủ rõ cho chế độ thuần chay. | P3: Answer B is visually plausible, but the supporting triples are incomplete and vague, and the two verifier passes disagree."
P1,llm_review,5869,image001224,test,dietary_restrictions,REVIEW,KEEP,low,irrelevant_or_insufficient_triples;misleading_dietary_support;missing_key_meat_ingredient;pass_disagreement,"P1: Question matches the top dish, which is canh rau ngót with visible minced meat, so it is not suitable for a fully plant-based diet; choices are distinct with only C correct. | P2: Các triple không hỗ trợ đáp án C vì thiếu thông tin món canh có thịt bằm; triple về rau ngót ăn chay có thể gây hiểu sai. | P3: Không nên chấp nhận vì triples_used thiếu thành phần thịt bằm quyết định đáp án và còn gây nhiễu bằng tag 'chay' cho rau ngót."
P1,llm_review,5916,image001243,test,dietary_restrictions,REVIEW,KEEP,low,answer_not_fully_supported_by_triples;incomplete_support;pass_disagreement;weak_dietary_fact,"P1: Câu hỏi khớp ảnh và mô tả; mực chiên và canh có thịt đều không phù hợp với chế độ thuần thực vật, nên đáp án B đúng. | P2: Các triple đúng và liên quan đến món mực phía trên, nhưng chưa hỗ trợ phần tô canh phía dưới có thịt hộp nên chưa đủ để chứng minh đáp án B. | P3: Đáp án B có vẻ đúng theo mô tả ảnh, nhưng triples chỉ chứng minh món mực phía trên và dùng tag 'mặn' không đủ rõ để suy ra không thuần thực vật; thiếu hỗ trợ cho tô canh có thịt."
P1,llm_review,5947,image001255,test,dietary_restrictions,REVIEW,KEEP,low,ambiguous_vegan_status;imprecise_dietary_tag;missing_support_for_correct_choice,"P1: Question matches the image and described positions; rau muống xào tỏi is the vegan-suitable dish, while gà rang gừng is not vegan because it contains chicken. | P2: Các triple đúng và liên quan: gà rang gừng chứa thịt gà, là món mặn từ động vật nên không phù hợp cho người ăn thuần chay. | P3: Need review because the non-vegan chicken fact is supported, but the vegan suitability of rau muống xào tỏi is assumed rather than proven."
P1,llm_review,6013,image000614,test,dietary_restrictions,REVIEW,KEEP,low,answer_supported_despite_bad_triple;imprecise_dietary_tag;partially_irrelevant_triples;pass_disagreement,"P1: Question matches the top-left dish, which is shrimp; answer B is correct because it contains animal ingredients and is not suitable for a vegan/plant-based diet. | P2: Triple đầu hỗ trợ đúng món góc trên trái là tôm rim có tôm; triple thứ hai đúng hướng nhưng gán nhãn 'mặn' cho Tôm chưa chính xác, nên chỉnh thành không thuần thực vật/động vật hoặc món tôm rim là món mặn. | P3: REVIEW vì đáp án B cơ bản đúng do món tôm không thuần thực vật, nhưng triple 'Tôm -> dietaryTag -> mặn' không chuẩn và Pass 1/Pass 2 đang bất đồng."
P1,llm_review,6036,image001235,test,dietary_restrictions,REVIEW,KEEP,low,incomplete_triples;missing_vegan_support;pass_disagreement;subject_mismatch,"P1: Question correctly refers to the bottom dish, which is tôm rim; it is a savory animal-based dish and not suitable for vegans, with only choice A correct. | P2: Triples identify the bottom dish as shrimp-based, but the salty/non-vegan dietary support is incomplete and partly misassigned. | P3: Route to REVIEW because the answer is visually plausible, but Pass 1/Pass 2 disagree and the triples incompletely support the salty/non-vegan dietary claim."
P1,llm_review,6162,image001260,test,dietary_restrictions,REVIEW,KEEP,low,ambiguous_dietary_tag;incomplete_triple_grounding;missing_fish_support;pass_disagreement,"P1: Question matches the image and listed foods; fish and meatball soup are not plant-based, so answer C is correct and choices are unambiguous. | P2: Các triple đúng và hỗ trợ món canh không thuần thực vật vì có thịt lợn, nhưng thiếu triple về cá kho để chứng minh cả hai món đều không phù hợp. | P3: Route to REVIEW because the answer is likely correct, but Pass 1/2 disagree and triples_used do not support the fish dish while using an ambiguous dietary tag."
P1,llm_review,6233,image001013,test,dietary_restrictions,REVIEW,KEEP,low,ambiguous_location_reference;incomplete_triples;minor_location_imprecision;unsupported_food_fact,"P1: Question is mostly grounded, but the yellow tofu dish is not exactly at the lower-left corner; answer A fits both fried tofu and chả rán better than the other diet choices. | P2: Các triple phù hợp với món chả rán trong ảnh và hỗ trợ phân loại món có thành phần trứng vào chế độ ăn mặn. | P3: Route to REVIEW because triples only support chả rán, not both referenced dishes, and the ingredient claim about egg is not visually grounded."
P1,llm_review,6264,image001231,test,dietary_restrictions,REVIEW,KEEP,low,dietary_tag_imprecise;multiple_plausible_diet_labels;pass_disagreement;unsupported_vegan_assumption,"P1: Question correctly refers to the top-left rau muống xào tỏi dish; based on its main plant ingredients, the best dietary fit is vegan, and the choices are valid diet types with no clearly competing correct answer. | P2: Triples support that the top-left dish is rau muống xào tỏi and plant-based, but the dietary tag should specify vegan rather than generic vegetarian. | P3: Route to REVIEW because Pass 1/2 disagree and the triples only support generic 'chay', not necessarily 'thuần chay/vegan'."
P1,llm_review,6293,image001333,test,dietary_restrictions,REVIEW,KEEP,low,pass_disagreement;vague_dietary_tag;weak_triple_support,"P1: Question correctly refers to the central bamboo trays; the item left of the browned shrimp is boiled pork belly, which contains animal protein, so D is valid and unique. | P2: Món bên trái tôm rang là thịt ba chỉ luộc, đúng là món chứa đạm động vật; triple ingredient đúng nhưng tag 'mặn' chưa trực tiếp khớp đáp án. | P3: Route to REVIEW because the answer is visually plausible, but Pass 1/2 disagree and the dietary triple 'mặn' does not directly justify 'đạm động vật'."
P1,llm_review,6303,image001389,test,dietary_restrictions,REVIEW,KEEP,low,ambiguous_choice;ambiguous_choice_set;pass_disagreement,"P1: Question matches the top soup with pork rib, and A is correct, but low-carb choice D could also seem plausible because the dish has no visible starch. | P2: The top dish is canh rau cải with visible pork rib, so it fits a non-vegetarian/mặn diet classification. | P3: A is likely correct because the soup contains pork rib, but Pass 1/Pass 2 disagree and D is somewhat plausible due to no visible starch."
P1,llm_review,6400,image001614,test,dietary_restrictions,REVIEW,KEEP,low,ambiguous_choices;material_mismatch;overlapping_dietary_categories;pass_disagreement,"P1: Món ngay trên nồi thịt kho tiêu là rau cải luộc nên đáp án chay hợp lý, nhưng câu hỏi gọi nhầm nồi gang và các lựa chọn như ăn chay/kiêng tinh bột có thể chồng lấn. | P2: Món nằm ngay trên nồi thịt kho tiêu là rau cải luộc, thành phần là rau cải và phù hợp với chế độ ăn chay. | P3: Route to REVIEW because the pot material is mislabeled and the dietary choices overlap, even though the intended item is likely rau cải luộc and answer A is plausible."
P1,llm_review,6413,image001641,test,dietary_restrictions,REVIEW,KEEP,low,ambiguous_dietary_label;weak_triple_semantics,"P1: Question matches the image and listed ingredients; shrimp, pork liver, pork, and quail egg make the correct dietary classification non-vegetarian/omnivorous. | P2: Các triple đều đúng và hỗ trợ phân loại bữa ăn là chế độ ăn mặn vì có tôm và các thành phần động vật. | P3: Answer D is likely correct from the image, but 'chế độ ăn mặn' and the shrimp dietary tag are semantically informal enough to warrant review."
P1,llm_review,6541,image000535,test,dietary_restrictions,REVIEW,KEEP,low,ambiguous_dietary_classification;ingredient_not_visible;pass_disagreement;unsupported_food_fact,"P1: Image and description match chả giò with lettuce and dipping sauce; D is the most appropriate dietary category, though filling is not fully visible. | P2: Triples support đáp án chế độ ăn mặn, nhưng thành phần thịt lợn trong chả giò không thể xác nhận chắc chắn từ ảnh. | P3: Nên REVIEW vì thịt lợn không nhìn thấy trong ảnh và hai pass trước không thống nhất."
P1,llm_review,6555,image000567,test,dietary_restrictions,REVIEW,KEEP,low,imprecise_dietary_tag;pass_disagreement;weak_triple_support,"P1: Question correctly points to thịt kho trứng in the upper-left; the dish contains pork and eggs, so the correct dietary category is chế độ ăn mặn, with no other choice clearly correct. | P2: Triple 1 is correct; triple 2 supports a non-vegan answer but should ideally use meat/pork rather than egg to justify 'chế độ ăn mặn'. | P3: Answer C is likely correct, but Pass 1/2 disagree and the triple using egg alone to justify 'chế độ ăn mặn' is imprecise, so this should be reviewed."
P1,llm_review,6579,image000621,test,dietary_restrictions,REVIEW,KEEP,low,answer_supported_despite_weak_triples;minor_relation_target_issue;pass_disagreement,"P1: Question matches the top-left fried pork belly dish; the correct classification is a savory protein-rich dish, and other choices are clearly incorrect. | P2: Triple hỗ trợ đáp án D vì món góc trên trái là thịt ba chỉ chiên, nhưng triple thứ hai cần chỉnh cách gán nhãn dinh dưỡng. | P3: Ảnh và đáp án D khá rõ, nhưng Pass 1/Pass 2 bất đồng và triple gán nhãn 'mặn' cho nguyên liệu chưa chuẩn nên nên đưa vào REVIEW."
P1,llm_review,8986,image000112,test,dietary_restrictions,REVIEW,KEEP,low,ambiguous_choices;incomplete_triples;pass_disagreement;possible_multiple_correct;unsupported_food_fact,"P1: Question matches the visible vegetable soup and gold answer vegetarian is plausible, but a vegetarian soup also fits a no-red-meat diet, making choice C potentially correct too. | P2: Bát canh ở góc trái là canh rau củ với nguyên liệu rau/củ, phù hợp chế độ ăn chay. | P3: Nên REVIEW vì Pass 1/2 bất đồng và món canh rau củ có thể vừa là chay vừa phù hợp kiêng thịt đỏ; triples cũng chưa chứng minh nước dùng không có thịt."
P1,llm_review,10567,image002084,test,dietary_restrictions,REVIEW,KEEP,low,underspecified_visual_reference;unsupported_specific_ingredient,"P1: Question correctly refers to the lower-left plate with boiled meat beside black soy sauce; the dish is non-vegetarian, so 'Chế độ ăn mặn' is the only correct choice. | P2: Các triple đúng và hỗ trợ trực tiếp: đĩa phía dưới bên trái có thịt luộc làm từ thịt lợn, thuộc chế độ ăn mặn. | P3: Nên REVIEW vì đĩa được hỏi có nhiều món và triple khẳng định thịt lợn là chi tiết không thể xác minh chắc chắn chỉ từ ảnh, dù đáp án A vẫn hợp lý nhất."
P1,llm_review,11052,image001809,test,dietary_restrictions,REVIEW,KEEP,low,missing_key_ingredient;pass_disagreement;unsupported_dietary_inference;weak_support,"P1: Question correctly refers to the dish below the fish soup, which is stuffed tofu with meat in tomato sauce, so the non-vegetarian/meat-based diet choice is best. | P2: The triple is factually plausible but not useful for proving the dish is suitable for a non-vegetarian/savory diet; it omits the meat ingredient. | P3: DROP because the answer depends on meat stuffing, but triples_used only mention tomato and do not support the dietary classification."
P1,llm_review,11143,image000020,test,dietary_restrictions,REVIEW,KEEP,low,ambiguous_chagio_filling;answer_overclaims;answer_overclaims_visual_evidence;incomplete_answer_support;missing_chagio_support;multiple_plausible_choices;pass1_pass2_review_agreement;triples_incomplete_for_answer;unsupported_chagio_claim,"P1: The bowl clearly contains animal ingredients, but the chả giò filling is not visible, so answer C overclaims and D remains plausible. | P2: Triples correctly support that the central Mì Quảng contains meat/non-plant food, but they do not support the claim that the chả giò at the right also contains animal ingredients. | P3: REVIEW: The bowl clearly has animal ingredients, but the chả giò contents are not visible and triples do not support the claim that it also contains animal ingredients."
P1,llm_review,11169,image000105,test,dietary_restrictions,REVIEW,KEEP,low,missing_egg_support;unsupported_egg_claim;visual_ingredient_ambiguity;weak_triple_relevance,"P1: Question correctly refers to the top-left nem rán; traditional nem rán contains animal ingredients such as meat and egg, so answer D is valid and choices are non-ambiguous. | P2: Các triples hỗ trợ rằng nem rán có thịt lợn nên không phù hợp thuần thực vật, nhưng chưa nêu thành phần trứng như đáp án. | P3: Route to REVIEW because the correct choice may be reasonable for traditional nem rán, but the image/triples do not support the egg claim and cannot visually confirm animal ingredients."
P1,llm_review,11178,image000128,test,dietary_restrictions,REVIEW,KEEP,low,ambiguous_dietary_tag;imprecise_spatial_relation;pass_disagreement;weak_triple_support,"P1: Question matches the image and shrimp dish is not plant-based; its position is generally above the lower brown rice bowl, though slightly upper-left. | P2: Tôm rim đúng là có nguyên liệu tôm nên không phù hợp thuần thực vật, nhưng tag 'mặn' không trực tiếp hỗ trợ tiêu chí vegan. | P3: Route to REVIEW because the verifiers disagree and the triple tag 'mặn' is not a reliable vegan/non-vegan fact, while the spatial relation is slightly underspecified."
P1,llm_review,11195,image000163,test,dietary_restrictions,REVIEW,KEEP,low,ambiguous_dietary_tag;answerable_without_triples;incomplete_triples;missing_bottom_dish_support,"P1: Question matches the image and positions; bottom dish is boiled bok choy suitable for vegan diet, while upper-left shrimp with corn is not, so answer B is correct. | P2: Các triple đúng và hữu ích để xác định món góc trên trái có tôm nên không phù hợp ăn chay trường, nhưng thiếu triple hỗ trợ món rau ở góc dưới. | P3: Answer B is visually plausible, but the triples are incomplete and only weakly support the dietary reasoning, so this should be reviewed rather than silently accepted."
P1,llm_review,11208,image000201,test,dietary_restrictions,REVIEW,KEEP,low,unsupported_dietary_fact;vegetarian_vs_vegan_mismatch;visual_evidence_ambiguous_for_vegan,"P1: Question matches the image and positions; top dish is rau muống xào likely plant-based, while bottom thịt kho trứng contains animal ingredients, so C is correct and choices are unambiguous. | P2: Các triple đều hỗ trợ đúng: món trên cùng là rau muống xào có nguyên liệu thực vật, phù hợp ăn chay/thuần thực vật khi so với thịt kho trứng ở dưới cùng. | P3: The answer is plausible, but vegan suitability of rau muống xào cannot be confirmed from the image or triples because hidden animal-based seasonings may be present."
P1,llm_review,11278,image000315,test,dietary_restrictions,REVIEW,KEEP,low,incomplete_ingredient_support;partially_irrelevant_triples;pass_disagreement;vague_dietary_tag,"P1: Question correctly targets the center-bottom dish, which is tôm rim thịt ba chỉ and not vegan because it contains animal-derived ingredients. | P2: Triple về thịt lợn là thành phần của tôm rim thịt ba chỉ hỗ trợ đúng đáp án, nhưng tag 'mặn' chưa trực tiếp chứng minh không thuần thực vật. | P3: Route to REVIEW because Pass 1 and Pass 2 disagree, and the dietary-tag triple 'mặn' is too vague to justify the non-vegan answer directly."
P1,llm_review,11328,image000380,test,dietary_restrictions,REVIEW,KEEP,low,imprecise_dietary_tag;pass_disagreement;weak_triple_support,"P1: Question matches the lower-left shrimp dish; it is not plant-based because it contains animal ingredients, and only choice A is correct. | P2: Triple 0 directly supports that the bottom-left dish contains shrimp; triple 1 points in the right direction but should be corrected to animal/seafood or not plant-based. | P3: Route to REVIEW because Pass 1 and Pass 2 disagree, and the 'mặn' dietary tag is imprecise for proving the dish is not plant-based."
P1,llm_review,11394,image000453,test,dietary_restrictions,REVIEW,KEEP,low,incomplete_triple_support;missing_positive_support_for_rau_song;pass_disagreement;weak_or_irrelevant_dietary_tag,"P1: Question matches the image and dietary qtype; raw vegetables fit a plant-based diet while steamed shrimp does not, so B is uniquely correct. | P2: Các triple đúng và liên quan để loại trừ tôm hấp khỏi chế độ thuần thực vật, nhưng thiếu triple hỗ trợ trực tiếp rằng rau sống là món phù hợp. | P3: Route to REVIEW because the answer is likely correct, but Pass 1/2 disagree and the triples do not directly support rau sống as plant-based."
P1,llm_review,11405,image000466,test,dietary_restrictions,REVIEW,KEEP,low,ambiguous_dietary_tag;answerable_despite_partial_triples;incomplete_triple_support;missing_mướp_luộc_support,"P1: Question matches the image: bottom dish is shrimp, not plant-based, while boiled luffa is plant-based; choices are mutually exclusive and same-type. | P2: Triples correctly support that the bottom orange-red dish is tôm rim containing shrimp, which is not plant-based; however, they do not support that mướp luộc is plant-based. | P3: Route to REVIEW vì triples_used chỉ hỗ trợ món tôm rim và tag 'mặn' không chứng minh rõ non-plant-based; phần mướp luộc phù hợp thuần thực vật chưa được hỗ trợ."
P1,llm_review,11441,image000499,test,dietary_restrictions,REVIEW,KEEP,low,answer_supported_without_triples;irrelevant_triple,"P1: Question correctly refers to the top dish, which is chicken, so it is not suitable for a plant-based/vegan diet; choices are unambiguous with only D correct. | P2: Món phía trên là gà rang lá chanh; thịt gà là sản phẩm động vật nên không phù hợp chế độ thuần thực vật. | P3: Đáp án D có vẻ đúng, nhưng triples_used không hỗ trợ trực tiếp chế độ thuần thực vật vì tag 'mặn' không tương đương với non-vegan."
P1,llm_review,11494,image000567,test,dietary_restrictions,REVIEW,KEEP,low,missing_meat_ingredient;pass_disagreement;triples_insufficient;wrong_dietary_tag,"P1: Question matches the image and description; the upper-left dish is thịt kho trứng containing meat and eggs, so it is not vegan, and only choice B is correct. | P2: Món góc trên trái là thịt kho trứng; triple về trứng đúng nhưng thiếu thịt, còn triple gán trứng là 'chay' không phù hợp với câu hỏi về chế độ thuần thực vật. | P3: Route to REVIEW because the visual answer is clear, but the triples are misleading/incomplete and Pass 1 disagrees with Pass 2."
P1,llm_review,11530,image000614,test,dietary_restrictions,REVIEW,KEEP,low,ambiguous_dietary_tag;irrelevant_or_weak_triple_support;pass_disagreement,"P1: Question correctly refers to the top-left shrimp dish; it contains animal ingredients, so it is not suitable for a plant-based diet and only choice B is correct. | P2: Món góc trên trái là tôm rim, có tôm là thành phần động vật nên không phù hợp thuần thực vật; triple 1 cần sửa nhãn cho rõ hơn. | P3: Route to REVIEW because the correct answer is visually clear, but Pass 1/Pass 2 disagree and the dietary triple 'mặn' is ambiguous for vegan suitability."
P1,llm_review,11547,image000621,test,dietary_restrictions,REVIEW,KEEP,low,invalid_triple_with_non_drop_score;irrelevant_triple;pass_disagreement,"P1: Question correctly refers to the top-left dish, which is fried pork belly and not suitable for a plant-based diet; only D is correct. | P2: Món góc trên trái là thịt ba chỉ chiên nên triple về nguyên liệu thịt hợp lệ, nhưng tag 'mặn' không hỗ trợ câu hỏi về thuần thực vật. | P3: Answer D is visually and factually correct, but Pass 1/Pass 2 disagree and one triple is irrelevant to plant-based suitability, so route to REVIEW."
P1,llm_review,11589,image000667,test,dietary_restrictions,REVIEW,KEEP,low,ambiguous_vegan_status;imprecise_dietary_tag;incomplete_triples_for_comparison,"P1: Question matches the visible right-side beef pho and lower-left tofu noodle bowl; gold answer B is correct and choices are mutually exclusive. | P2: Các triple đúng và hỗ trợ trực tiếp đáp án: phở bò chứa thịt bò nên không phù hợp thuần chay. | P3: Answer B is likely correct for phở bò, but the vegan claim about bún đậu hũ is not supported by triples and is only partially verifiable visually."
P1,llm_review,11592,image000670,test,dietary_restrictions,REVIEW,KEEP,low,ambiguous_dietary_tag;missing_answer_support;possible_alternate_choice;unsupported_vegan_inference,"P1: Question matches the image and dietary qtype; the dish behind the boiled pork plate is fried tofu with mango/greens, making A the intended plant-based option while other choices are location/type mismatches. | P2: Các triple đúng khi cho thấy canh tôm chứa tôm và không phù hợp thuần thực vật, nhưng chưa trực tiếp hỗ trợ lựa chọn đậu hũ chiên ở góc phải phía sau. | P3: The image likely points to the tofu plate, but the triples do not support that answer and vegan suitability is not fully verifiable from visual evidence alone."
P1,llm_review,11626,image000716,test,dietary_restrictions,REVIEW,KEEP,low,irrelevant_support;missing_key_evidence;pass_disagreement;question_leakage;unsupported_food_fact,"P1: Question matches the image and food list; both the bottom-left organ/chicken dish and bottom-right chicken salad contain animal ingredients, so they are not vegan. | P2: Triples do not directly support that đỗ xào lòng gà and gỏi gà contain animal ingredients, so they are unsuitable for this VQA. | P3: DROP vì Pass 1/2 bất đồng và triples_used sai trọng tâm, không trực tiếp hỗ trợ kết luận hai đĩa dưới đều chứa nguyên liệu động vật/không thuần thực vật."
P1,llm_review,11677,image000797,test,dietary_restrictions,REVIEW,KEEP,low,ingredient_not_visually_confirmable;question_scope_broad;triple_not_directly_sufficient,"P1: Question matches the image and dietary qtype; the correct answer is B because nem rán/bún chả components are not vegan due to animal-derived ingredients, while choices are distinct and non-ambiguous. | P2: Các triple đúng và hữu ích: nem rán thường có thịt lợn, nên không phù hợp cho người ăn chay trường. | P3: Route to REVIEW because the answer is likely B, but the question scope is broad and the triples only indirectly support non-vegan status."
P1,llm_review,11729,image000895,test,dietary_restrictions,REVIEW,KEEP,low,ingredient_mismatch;pass_disagreement;unsupported_triple;weak_dietary_tag,"P1: Question correctly targets the top-left gỏi cuốn with visible shrimp, so a vegan could not fully eat it; answer B is correct and choices are distinct. | P2: The answer is supported by visible animal ingredient in the gỏi cuốn, but the triples should reference shrimp or animal-derived filling rather than unsupported boiled pork. | P3: Answer B is visually plausible due to shrimp, but the supporting triples use unsupported boiled pork and Pass 1/Pass 2 disagree, so this should be reviewed."
P1,llm_review,11732,image000914,test,dietary_restrictions,REVIEW,KEEP,low,invalid_triple_with_non_drop_score;irrelevant_dietary_tag;knowledge_over_image_dependency;pass_disagreement;unsupported_food_fact;visual_ambiguity,"P1: Question matches the image and described nem ran; gold answer B is correct because nem ran commonly contains animal-derived filling, while other choices are distinct and not equally correct. | P2: Nem rán commonly contains pork, which supports answer B, but the second triple uses an unsuitable dietary tag for the vegan/plant-based question. | P3: Route to REVIEW because the image does not prove the nem rán contains pork, one triple is irrelevant, and the two verifier passes disagree."
P1,llm_review,11758,image001055,test,dietary_restrictions,REVIEW,KEEP,low,ambiguous_dietary_tag;possible_vegetarian_variant;visual_filling_not_visible,"P1: Question correctly refers to the left dish (Nem rán) and the gold answer is appropriate because traditional nem rán commonly contains pork, so it is not vegan. | P2: Các triples đều hỗ trợ đúng đáp án: nem rán bên trái thường có thịt lợn, nên không phù hợp với ăn chay thuần thực vật. | P3: Route to REVIEW because the answer relies on a common ingredient fact about nem ran rather than visible evidence, and vegetarian nem ran variants are plausible."
P1,llm_review,11808,image001181,test,dietary_restrictions,REVIEW,KEEP,low,answerable_without_triples;specific_ingredient_not_visually_certain;weak_or_irrelevant_triple,"P1: Question correctly targets the boiled meat dish; it is not vegan because it is animal-derived, and D is the only correct choice. | P2: Các triple hỗ trợ đúng: đĩa thịt luộc là thịt lợn, thuộc nhóm món mặn/nguồn gốc động vật nên không phù hợp với chế độ vegan. | P3: Nên REVIEW vì đáp án đúng khá rõ, nhưng triples_used hỗ trợ chưa chặt: tag 'mặn' không trực tiếp chứng minh không vegan và 'thịt lợn' không chắc chắn hoàn toàn từ hình."
P1,llm_review,11829,image001224,test,dietary_restrictions,REVIEW,KEEP,low,insufficient_answer_support;insufficient_triple_support;missing_animal_ingredient;pass_disagreement;potentially_misleading_dietary_triple,"P1: Question and description match the image; the top soup contains minced meat so it is not vegan, while the bottom-left dish is a vegetable dish, making D the only correct choice. | P2: Các triple đúng về rau ngót nhưng thiếu thông tin thịt bằm/nguyên liệu động vật, nên chưa đủ hỗ trợ đáp án D. | P3: REVIEW vì hai pass bất đồng và triples_used thiếu thông tin thịt bằm, nên không đủ hỗ trợ trực tiếp cho đáp án D."
P1,llm_review,11842,image001231,test,dietary_restrictions,REVIEW,KEEP,low,missing_position_support;unsupported_prepared_dish_dietary_fact;vegan_vs_vegetarian_ambiguity,"P1: Question matches the visible dishes and positions; rau muống xào tỏi is plant-based in the image and is above the sườn rim, so D is correct and choices are mutually exclusive. | P2: The triples correctly support that rau muong is plant/vegetarian-relevant, but they do not support the spatial relation above the suon rim. | P3: Route to REVIEW because 'chay' for rau muống does not conclusively prove the prepared dish is thuần thực vật, and the position relation is not supported by triples."
P1,llm_review,11895,image001260,test,dietary_restrictions,REVIEW,KEEP,low,choices_partially_correct;insufficient_triple_support;missing_fish_kho_support;multiple_plausible_choices;partial_answer_support_only;prior_passes_review;unsupported_specific_ingredient,"P1: Question matches the image and D is the best answer because both fish and meatball soup are not vegan, but choices B and C are also factually true individually, making the options somewhat ambiguous. | P2: Triples only support that the soup is non-vegan; they do not support the fish dish, so they are insufficient for answer D. | P3: REVIEW vì đáp án D có vẻ đúng theo ảnh, nhưng B/C cũng đúng một phần và triples_used không hỗ trợ món cá kho cũng như không chứng minh thịt viên là thịt lợn."
P1,llm_review,11927,image001287,test,dietary_restrictions,REVIEW,KEEP,low,triple_does_not_support_prepared_dish;unsupported_food_fact;vegetarian_vs_vegan_mismatch,"P1: Question matches the image and listed foods; bamboo shoots are visually plant-based and located above the fried egg, so B is the only correct choice. | P2: Các triple phù hợp để hỗ trợ rằng món măng xào ở góc trên bên trái là món có nguồn gốc thực vật; tuy nhiên ảnh không xác minh được toàn bộ gia vị/phụ liệu. | P3: Route to REVIEW because bamboo itself is plant-based, but 'măng xào' being thuần thực vật/vegan is not guaranteed by the image or triples."
P1,llm_review,11929,image001288,test,dietary_restrictions,REVIEW,KEEP,low,dietary_tag_imprecise;pass_disagreement;vegan_status_not_fully_verifiable,"P1: Question correctly targets the left boiled greens dish; D is the only valid vegan/plant-based answer, while other choices refer to color or different dishes. | P2: Món bên trái là rau cải luộc từ thực vật, nhưng tag 'chay' chưa đủ chính xác cho chế độ thuần chay. | P3: Nên REVIEW vì hai pass không đồng thuận và tag 'chay' chưa đủ chặt cho chế độ hoàn toàn không dùng sản phẩm động vật."
P1,llm_review,11941,image001296,test,dietary_restrictions,REVIEW,KEEP,low,triple_relevance_risk;unsupported_dietary_tag;visual_evidence_limited,"P1: Question matches the image and food list; left dish is chicken curry, so it is not plant-based, and D is the only correct non-ambiguous choice. | P2: Các triple đúng và hỗ trợ đáp án D: cà ri gà chứa thịt gà, là nguyên liệu động vật/không thuần thực vật. | P3: Route to REVIEW because the answer is likely D, but the 'mặn' dietary-tag triple is not a robust food fact and the visual evidence alone is not strong."
P1,llm_review,11998,image001348,test,dietary_restrictions,REVIEW,KEEP,low,incomplete_support;insufficient_triples_for_answer;visual_ambiguity,"P1: Question matches the image and described bowls; both chè bưởi and chè đậu xanh đánh/bánh lọt are typically plant-based desserts suitable for vegetarians. | P2: Các triple đúng và liên quan đến chè bưởi/đậu xanh trong ngữ cảnh món chay, nhưng chưa trực tiếp bao phủ đầy đủ cả bát chè phía dưới cùng. | P3: Route to REVIEW because the lower-left bowl is visually ambiguous and the triples only partially support the vegetarian claim for the two queried bowls."
P1,llm_review,12090,image002304,test,dietary_restrictions,REVIEW,KEEP,low,gold_answer_mismatch;imprecise_dietary_tag;missing_spatial_support;no_fully_correct_choice;pass_disagreement;relation_mismatch,"P1: Món phía trên là tôm rim nên không thuần thực vật, nhưng đáp án A mô tả quan hệ với bò xào phía dưới thay vì chén nước tương ở góc phải như câu hỏi yêu cầu. | P2: Triple về tôm là thành phần của tôm rim hợp lệ; tag 'mặn' hỗ trợ phần không thuần thực vật nhưng chưa chính xác và không có triple hỗ trợ quan hệ vị trí. | P3: DROP: đáp án A sai quan hệ không gian với món ở góc phải, không có lựa chọn nào hoàn toàn đúng, và triples_used thiếu hỗ trợ vị trí."
P1,llm_review,14088,image001869,test,dietary_restrictions,REVIEW,KEEP,low,ingredient_too_specific;pass_disagreement;triples_not_necessary;triples_partly_unsupported,"P1: Câu hỏi khớp ảnh: món ở chính giữa phía dưới là thịt xiên nướng, có nguồn gốc động vật nên không phù hợp chế độ thuần thực vật; các lựa chọn chỉ có C đúng. | P2: The triples support that the center-bottom dish is not plant-based, but pork is more specific than the image/VQA can verify. | P3: Answer C is visually plausible because the bottom-center dish appears to be meat skewers, but the triples over-specify pork and Pass 1/Pass 2 disagree, so this should go to REVIEW."
P1,llm_review,14097,image001874,test,dietary_restrictions,REVIEW,KEEP,low,answer_not_fully_supported_by_triples;irrelevant_or_insufficient_triples;missing_bottom_left_support;pass_disagreement,"P1: Câu hỏi khớp ảnh và qtype; canh bí nấu sườn ở góc dưới trái và tôm/bạch tuộc nướng ở góc trên trái đều chứa nguyên liệu động vật nên không phù hợp thuần thực vật. | P2: Các triple đúng và liên quan đến món góc trên trái, nhưng thiếu bằng chứng rằng canh bí nấu sườn ở góc dưới trái chứa sườn/động vật nên chưa đủ hỗ trợ đáp án C. | P3: Route to REVIEW because the passes disagree and the triples only support the top-left shrimp dish, not the bottom-left pork-rib soup needed for answer C."
P1,llm_review,14166,image001957,test,dietary_restrictions,REVIEW,KEEP,low,ambiguous_visual_sauce;incomplete_sauce_support;vague_dietary_tag,"P1: Question matches the image and food items; answer C is correct because shrimp spring rolls and fish sauce are not vegan, and the other choices are clearly incorrect. | P2: Triples correctly support that the main dish contains shrimp, an animal ingredient, but they do not cover the fish-based nature of nước mắm. | P3: Main answer is likely correct due to shrimp, but the sauce claim is not supported by triples and is visually ambiguous, so route to review."
P1,llm_review,14190,image001972,test,dietary_restrictions,REVIEW,KEEP,low,ambiguous_dietary_tag;insufficient_triples;missing_coconut_support;wrong_answer;wrong_gold_answer,"P1: Món trung tâm là gà nướng nên không thuần thực vật, còn góc dưới cùng bên phải là dừa tươi nên phù hợp; đáp án đúng phải là A, không phải C. | P2: Center dish is grilled chicken and not plant-based, but bottom-right item is fresh coconut, which is plant-based; answer should be A, not C. | P3: Đáp án vàng C sai: gà nướng ở trung tâm không thuần thực vật, nhưng dừa tươi góc dưới phải phù hợp; triples cũng không hỗ trợ phần dừa."
P1,llm_review,14222,image002019,test,dietary_restrictions,REVIEW,KEEP,low,ambiguous_dietary_tag;incomplete_triple_support;missing_bun_bo_animal_ingredient;pass_disagreement;possible_visual_ambiguity,"P1: Question matches the image and dietary qtype; both pho bo and bun bo contain animal-derived ingredients, so C is the only correct choice. | P2: Triples support that phở bò contains beef, but they do not establish that bún bò also contains animal-derived ingredients, which is needed for answer C. | P3: Should route to REVIEW because triples only justify phở bò, not bún bò, and prior verifier outputs disagree."
P1,llm_review,14231,image002026,test,dietary_restrictions,REVIEW,KEEP,low,incomplete_spatial_answer;missing_spatial_support,"P1: Món góc trên bên trái là rau muống luộc, phù hợp thuần thực vật và nằm phía trên so với bát cơm góc dưới bên trái; chỉ đáp án B đúng. | P2: Các triple đúng và hỗ trợ phần rau muống luộc phù hợp chế độ thuần thực vật, nhưng chưa hỗ trợ vị trí tương đối trong ảnh. | P3: Đáp án B có thể là gần đúng, nhưng vị trí thực tế có vẻ là phía trên lệch trái và triples không hỗ trợ phần không gian, nên nên REVIEW."
P1,llm_review,14272,image002099,test,dietary_restrictions,REVIEW,KEEP,low,ambiguous_visual_grounding;incomplete_dietary_support;missing_spatial_support;pass_disagreement;unsupported_full_dish_vegan_claim,"P1: Question matches the depicted Cơm sen and Canh chua cá chốt; A is the only choice combining vegetarian suitability with the upper-left relative position, though dietary certainty is image-limited. | P2: Triples are factually plausible and relevant to Cơm sen being rice-based, but they do not fully prove the whole dish is suitable for strict vegans and do not support the spatial relation. | P3: Không nên silently accept vì đáp án dựa vào giả định Cơm sen phù hợp chay trường trong khi triples chỉ nói gạo là chay, và hai lượt verifier đã bất đồng."
P1,llm_review,14304,image002158,test,dietary_restrictions,REVIEW,KEEP,low,invalid_triple_with_non_drop_score;irrelevant_dietary_tag;irrelevant_triple;pass_disagreement;unsupported_dietary_fact,"P1: Question correctly refers to the bottom-left pork dish and bottom vegetable dish; vegan diet excludes pork, so answer B is correct and choices are unambiguous. | P2: Triple 1 correctly identifies pork belly as the ingredient in the bottom-left dish, but triple 2 does not support the vegan dietary restriction question. | P3: Answer B is visually plausible, but Pass 1/2 disagree and triples_used include an irrelevant 'mặn' dietary tag instead of direct vegan/non-animal support."
P1,llm_review,14319,image002166,test,dietary_restrictions,REVIEW,KEEP,low,ambiguous_visual_evidence;insufficient_triples;multiple_plausible_choices;vegan_not_verifiable,"P1: Question matches the central noodle bowl and pork belly; D is the best answer since the noodle dish is described as mushroom/bamboo-based while pork belly is clearly animal-derived, though vegan suitability of the broth is not fully verifiable from the image. | P2: Các triple đều liên quan trực tiếp: tô mì là mì nấm măng, nấm là nguyên liệu thực vật/chay, hỗ trợ lựa chọn D so với thịt ba chỉ là sản phẩm động vật. | P3: The image and triples do not prove the noodle bowl is vegan; mushroom presence alone is insufficient, so D should not be silently accepted."
P1,llm_review,14330,image002182,test,dietary_restrictions,REVIEW,KEEP,low,ambiguous_dietary_tag;weak_triple_support,"P1: Question matches the image and dietary qtype; the brown main ingredient is beef, so it is not suitable for a fully plant-based diet, and only choice B is correct. | P2: Các triples đúng và hỗ trợ câu trả lời: thành phần nâu nhạt là thịt bò, có nguồn gốc động vật nên không phù hợp chế độ thuần thực vật. | P3: Answer B is likely correct, but the triple 'Thịt Bò hasDietaryTag mặn' is ambiguous/indirect for plant-based suitability, so this should be reviewed rather than silently accepted."
P1,llm_review,14334,image002186,test,dietary_restrictions,REVIEW,KEEP,low,answer_supported_by_image_not_triples;missing_beef_evidence;missing_key_triple;partial_support;partial_triple_support;pass_disagreement,"P1: Question correctly refers to the pho next to the fried rice; it contains beef so it is not suitable for a vegan diet, and only choice C is correct despite slightly awkward wording. | P2: The triples are factually plausible and relevant, but they only support the vegetarian-tagged noodle part and omit the key evidence that the phở contains beef. | P3: Answer C is plausible from the image description, but the triples omit the key beef evidence and the prior passes disagree, so this should be reviewed rather than silently accepted."
P1,llm_review,14348,image002208,test,dietary_restrictions,REVIEW,KEEP,low,incomplete_triple_support;missing_support_for_longa_non_vegan;possible_hidden_animal_ingredient_in_soup;unsupported_negative_choice,"P1: Question matches the image and dietary qtype; canh rau ngót appears plant-based while lòng gà xào contains chicken organs/eggs, so only the soup is suitable. | P2: Các triple đúng và liên quan đến món canh rau ngót, nhưng chưa có triple hỗ trợ rằng lòng gà xào không phù hợp cho người ăn thuần thực vật. | P3: Nên REVIEW vì triples chỉ chứng minh rau ngót là chay, chưa đủ chứng minh cả món canh thuần thực vật hoặc món lòng gà xào không phù hợp."
P1,llm_review,14362,image002246,test,dietary_restrictions,REVIEW,KEEP,low,minor_location_mismatch;minor_triple_label_ambiguity;visual_location_error,"P1: Question matches vegan dietary restriction and answer A is correct because phở bò contains beef; however it mislocates the bean sprout/herb plate as lower right instead of upper/right side. | P2: Các triple nêu đúng rằng phở bò có thịt bò và thịt bò là món mặn/không thuần thực vật, hỗ trợ trực tiếp đáp án A. | P3: Đáp án A vẫn đúng vì phở bò có thịt bò, nhưng câu hỏi định vị sai đĩa rau giá ở phía dưới bên phải nên nên đưa REVIEW thay vì silently accept."
P1,llm_review,1012,image001465,test,dish_classification,REVIEW,KEEP,low,ambiguous_visual_reference;multiple_plausible_food_targets;triple_does_not_resolve_localization,"P1: Question matches the visible yellow noodle dish on the left; answer C is correct as it is a dry stir-fried/noodle dish, and other choices are distinct and not also correct. | P2: Triple correctly supports that the yellow noodle dish is mì xào, a dry stir-fried dish matching choice C. | P3: The answer is likely C, but the image contains more than one yellow noodle dish on the left/center-left, so the referenced item may be ambiguous and should be reviewed."
P1,llm_review,3602,image000655,test,dish_classification,REVIEW,KEEP,low,irrelevant_triple;missing_answer_support;pass_disagreement;spatial_relation_questionable,"P1: Answer A is correct for the brown braised savory dish, but the claim that it is opposite the stir-fried greens with red chili is spatially questionable. | P2: Triple về cơm niêu không hỗ trợ trả lời câu hỏi về món thịt kho trứng màu nâu cánh gián. | P3: Reject because the supporting triple is irrelevant and the claimed opposite position is ambiguous/questionable."
P1,llm_review,3976,image000895,test,dish_classification,REVIEW,KEEP,low,irrelevant_triple;missing_answer_support;pass_disagreement,"P1: Question matches the image and description; the central bowl with grilled meat and crushed peanuts is correctly identified as tô bún thịt nướng chả giò, and the other choices are distinct dishes. | P2: Triple không hỗ trợ nhận diện món ở trung tâm là tô bún thịt nướng chả giò. | P3: Reject because the answer is visually clear, but triples_used are irrelevant and Pass 1/Pass 2 disagree."
P1,llm_review,7522,image001342,test,dish_classification,REVIEW,KEEP,low,ambiguous_dish_type;overgeneralized_triple,"P1: Question matches the image and described chả cá in the central pan; the gold answer 'Món chiên' is appropriate and the choices are same-type with only one correct option. | P2: Triple correctly links the central yellow chả cá in the pan to the fried dish category needed to answer the VQA. | P3: Answer C is plausible, but chả cá in this context may be grilled/sautéed rather than strictly fried, so the row should be reviewed."
P1,llm_review,8401,image000830,test,dish_classification,REVIEW,KEEP,low,irrelevant_triple;missing_support_for_answer;pass_disagreement,"P1: Question correctly refers to the lower-left blue fish-shaped plate with đậu phụ tẩm hành, whose main preparation is fried; choices are cooking-method categories with only one correct answer. | P2: The used triple describes rau muống luộc, while the question requires classifying đậu phụ tẩm hành as a fried dish. | P3: DROP vì triple dùng sai món: hỏi về đậu phụ tẩm hành nhưng triple lại nói về rau muống luộc, và hai pass trước đang bất đồng."
P1,llm_review,8424,image000806,test,dish_classification,REVIEW,KEEP,low,incomplete_triples_support,"P1: Question matches the image and metadata; pho bo is a noodle soup dish and quay is fried, so answer D is correct and choices are mutually exclusive. | P2: Triple is factually correct and supports that the central Phở bò is classified as a soup/noodle broth dish, matching option D for the main dish. | P3: Answer D visually and factually plausible, but triples_used only support Phở bò and omit the required Quẩy=món chiên fact."
P1,llm_review,8732,image000020,test,dish_classification,REVIEW,KEEP,low,imprecise_target;pass_disagreement;weak_triple_alignment,"P1: The central dish is Mì Quảng, which is typically served with a small amount of broth/sauce rather than fully submerged; the choices are distinct and only C fits. | P2: Triple hỗ trợ đáp án C nhưng cần chỉnh target cho sát phân loại trong câu hỏi hơn. | P3: Route to REVIEW because the verifiers disagree and the supporting triple is imprecise, though answer C is visually and culturally plausible."
P1,llm_review,8832,image000054,test,dish_classification,REVIEW,KEEP,low,classification_ambiguous;compound_choices;compound_question;pass_disagreement;taxonomy_dependent_triple,"P1: Question matches the image, but Mì Quảng classification as 'món trộn' vs 'món nước' is somewhat ambiguous, and choices mix dish type with spatial relation. | P2: Triple correctly supports that the central dish Mì Quảng belongs to the mixed noodle/dry mixed dish category used by answer A. | P3: Route to REVIEW because Pass 1 and Pass 2 disagree, and Mì Quảng can plausibly be classified as either a mixed/dry noodle dish or a noodle soup depending on taxonomy."
P1,llm_review,8988,image000112,test,dish_classification,REVIEW,KEEP,low,irrelevant_triple;missing_answer_support;pass_disagreement,"P1: Question matches the visible top-right orange-red dish, which is xôi gấc, so the correct classification is món xôi. | P2: Triple về canh rau củ không hỗ trợ trả lời câu hỏi về xôi gấc ở góc trên bên phải. | P3: QA có thể đúng theo ảnh, nhưng triple được dùng hoàn toàn không liên quan đến xôi gấc nên không nên silently accepted."
P1,llm_review,9208,image000201,test,dish_classification,REVIEW,KEEP,low,irrelevant_triple;missing_answer_support;pass_disagreement,"P1: Question matches the image and description; the bottom brown dish is thịt kho trứng, so 'Món kho' is the only correct choice. | P2: Triple nói về rau muống xào, không hỗ trợ phân loại món phía dưới cùng là món kho. | P3: Answer B is visually plausible, but triples_used do not support it and prior passes disagree, so the row should not be silently accepted."
P1,llm_review,9434,image000315,test,dish_classification,REVIEW,KEEP,low,possible_choice_ambiguity;triple_depends_on_metadata;visual_identity_not_fully_verifiable,"P1: Question matches the central bottom red-brown shrimp and pork dish; it is correctly classified as a Vietnamese savory main dish, with distinct single-answer choices. | P2: Triple correctly identifies tôm rim thịt ba chỉ as a savory main dish, matching the image description and VQA answer. | P3: Answer C is likely correct, but the image/question could invite confusion with 'món xào' and the triple relies on assumed dish identity rather than clear visual proof."
P1,llm_review,9574,image000386,test,dish_classification,REVIEW,KEEP,low,ambiguous_dish_classification;incorrect_gold_answer;invalid_choices;missing_correct_choice;mixed_choice_types;pass_disagreement;triple_answer_leak;unsupported_food_fact,"P1: Đĩa đỏ cam bên phải là tôm hấp, không phải món khai vị rõ ràng; các lựa chọn trộn loại món/cách chế biến và thiếu đáp án đúng như món hấp hoặc món mặn. | P2: Triple correctly identifies the red-orange dish on the right as Tôm hấp and matches the VQA answer choice 'Món khai vị'. | P3: Không nên chấp nhận vì tôm hấp không được chứng minh là món khai vị, đáp án đúng tự nhiên không có trong lựa chọn, và hai verifier đang bất đồng."
P1,llm_review,10166,image001881,test,dish_classification,REVIEW,KEEP,low,ambiguous_dish_type;multiple_plausible_choices;potentially_reductive_triple,"P1: Câu hỏi khớp ảnh và mô tả món mì quảng; đáp án A hợp lý vì mì quảng có ít nước dùng, thiên về món mì trộn hơn món nước nhiều nước. | P2: Triple correctly identifies Mì Quảng as a mixed noodle dish, matching the image ingredients and supporting choice A. | P3: Nên REVIEW vì Mì Quảng có nước dùng trong ảnh và mô tả, khiến A và B đều có thể được tranh luận tùy cách phân loại."
P1,llm_review,10455,image002019,test,dish_classification,REVIEW,KEEP,low,ambiguous_visual_evidence;incomplete_support;incomplete_triples;unsupported_shared_classification,"P1: Question matches the image and metadata; both the central phở bò and lower-left bún bò are noodle soup dishes with broth, so answer D is correct and the distractors are distinct. | P2: Triple is factually correct and relevant because Phở bò is a Vietnamese noodle soup, but it only supports the central dish and not the lower-left Bún bò. | P3: REVIEW vì đặc điểm chung 'món nước có nước dùng' không được triples hỗ trợ cho món góc dưới trái và hình ảnh món đó khá mơ hồ."
P1,llm_review,10651,image001459,test,dish_classification,REVIEW,KEEP,low,ambiguous_visual_reference;answer_independent_of_triple;pass1_pass2_subject_mismatch;possible_wrong_triple_subject,"P1: Question correctly refers to the sliced pale pink pork/offal component in the bun dau mam tom platter, and it belongs to the main dish group. | P2: Triple đúng: thịt chân giò luộc là thành phần chính trong bún đậu mắm tôm và thuộc nhóm món chính, phù hợp với đáp án D. | P3: Route to REVIEW because the referenced white-pink round slices are visually ambiguous and may not be thịt chân giò luộc, so the triple can be wrong even if answer D remains plausible."
P1,llm_review,6438,image001731,test,flavor_profile,REVIEW,KEEP,low,incomplete_triples_used;unsupported_combined_flavor,"P1: Question matches the central canh chua and left rau muống xào tỏi; answer B correctly captures the sour-light soup with savory garlic stir-fry. | P2: Triple correctly states Canh chua has a sour flavor, which directly supports the expected chua dịu component of answer B. | P3: Answer B is plausible, but the supporting triple only covers canh chua's sourness and does not support the rau muống xào tỏi or 'mặn mà' part of the combined flavor."
P1,llm_review,7451,image001304,test,flavor_profile,REVIEW,KEEP,low,flavor_not_visually_verifiable;plausible_alternative_choice;unsupported_food_fact_in_triple,"P1: Câu hỏi khớp ảnh và món cơm trộn ở giữa; đáp án B là hồ sơ vị hợp lý nhất, các lựa chọn cùng loại và không có đáp án đúng trùng lặp. | P2: Triple correctly links the central mixed rice dish to the expected spicy, sweet, rich flavor profile supporting answer B. | P3: The dish identity is clear, but the claimed flavor profile depends on external food knowledge and has plausible alternatives, so it should be reviewed rather than silently kept."
P1,llm_review,7950,image001342,test,flavor_profile,REVIEW,KEEP,low,external_knowledge_required;over_specific_triple;unsupported_triple_fact;visual_flavor_ambiguous,"P1: Question matches the image and flavor_profile qtype; A is the most plausible flavor description for cha ca with nuoc mam, while other choices are clearly less fitting. | P2: Triple phù hợp với món chả cá trong ảnh và hỗ trợ lựa chọn hương vị ngọt, dai của đáp án A. | P3: Hình ảnh không đủ chứng minh vị 'ngọt dai và đậm đà', và triple Chả Cá Lã Vọng quá cụ thể/không được xác nhận trực quan."
P1,llm_review,8091,image000567,test,flavor_profile,REVIEW,KEEP,low,incomplete_triples_used;unsupported_flavor_texture_fact,"P1: Question matches the image and flavor_profile qtype; thịt kho trứng is đậm đà mặn-ngọt while cà pháo muối is chua giòn, so D is correct and choices are distinct. | P2: Triple correctly supports that thịt kho trứng has a salty-sweet flavor profile, relevant to the question's contrast with sour crunchy cà pháo muối. | P3: Triple chỉ hỗ trợ vị mặn-ngọt của thịt kho trứng, chưa hỗ trợ phần 'chua giòn' của cà pháo muối trong đáp án."
P1,llm_review,8214,image000644,test,flavor_profile,REVIEW,KEEP,low,answer_leak_from_triple;minor_choice_ambiguity;non_visual_flavor_inference,"P1: Question matches the image and flavor_profile type; the overall cao lầu with soy/fish sauce is best described as rich savory salty-sweet, while other choices are distinct and not equally correct. | P2: Triple đúng và phù hợp: Cao lầu với nước tương/nước mắm ớt tạo hương vị đậm đà, mặn ngọt hỗ trợ đáp án B. | P3: Nên REVIEW vì đáp án B chủ yếu dựa vào tri thức/triple về Cao lầu hơn là bằng chứng hình ảnh, và chanh/ớt làm lựa chọn chua cay có phần khả dĩ."
P1,llm_review,8644,image000912,test,flavor_profile,REVIEW,KEEP,low,answerable_without_spatial_evidence;partial_triple_support;plausible_multiple_choices;visual_taste_ambiguity,"P1: Question matches the pho image and flavor-profile qtype; the overall taste is best described as rich and harmonious, with valid same-type choices. | P2: Triple correctly supports the rich, savory flavor profile of phở bò relevant to the image and answer D. | P3: Route to REVIEW because the correct flavor is mostly inferred from food knowledge, the spatial cues are irrelevant, and condiments make another flavor choice somewhat plausible."
P1,llm_review,8855,image000064,test,flavor_profile,REVIEW,KEEP,low,multiple_plausible_choices;triple_partial_support_only;visual_evidence_indirect,"P1: Question matches the image and flavor-profile qtype; tomatoes/canh chua support the gold answer 'vị chua dịu', and choices are distinct flavor types. | P2: Triple correctly supports that Canh chua has a sour flavor profile, matching the VQA answer about the tomato contributing a mild sour taste. | P3: Tomato in canh chua can suggest sourness, but sweetness is also plausible and the triple supports the dish flavor rather than the ingredient-specific contribution."
P1,llm_review,9121,image000162,test,flavor_profile,REVIEW,KEEP,low,commonsense_flavor_dependency;inferred_food_identity;partial_triple_support,"P1: Question matches the visible fried fish and chili fish sauce; answer B best describes a crispy, rich, salty-spicy combination, and choices are distinct. | P2: Triple đúng và hữu ích: cá chiên ở phía trên có màu vàng nâu, phù hợp với đặc tính giòn, béo để hỗ trợ đáp án B khi kết hợp với nước mắm ớt mặn cay. | P3: Route to REVIEW because the chosen answer is plausible, but the full flavor combination depends on inferred food identity and sauce flavor not fully supported by triples_used."
P1,llm_review,9697,image000453,test,flavor_profile,REVIEW,KEEP,low,external_knowledge_required;triple_not_image_verifiable;visual_evidence_limited,"P1: Question matches the image and food items; steamed shrimp is most characteristically mildly sweet, and the other flavor choices are plausible but not correct. | P2: Triple đúng và hữu ích: tôm hấp thường có vị ngọt thanh tự nhiên, phù hợp với đáp án B trong ngữ cảnh ảnh. | P3: Ảnh nhận diện được tôm hấp, nhưng vị 'ngọt thanh' là kiến thức món ăn chứ không suy ra chắc chắn từ bằng chứng thị giác."
P1,llm_review,10019,image001251,test,flavor_profile,REVIEW,KEEP,low,food_item_mislabel;pairing_fact_unsupported;partial_triple_support;possible_choice_ambiguity,"P1: Question correctly targets the top-left su hào xào cà rốt and its light, mildly sweet balance with fatty boiled pork; choices are distinct flavor profiles with only B fitting best. | P2: Triple đúng và hữu ích: món phía trên bên trái là su hào xào cà rốt, có vị thanh đạm phù hợp để hỗ trợ đáp án B. | P3: Question mostly points to B, but the triple only partially supports the flavor claim and the pairing with fatty pork creates some ambiguity, so it should be reviewed."
P1,llm_review,10163,image001881,test,flavor_profile,REVIEW,KEEP,low,multiple_plausible_choices;subjective_flavor_inference;weak_visual_support_for_triple,"P1: Question matches the image and listed foods; the rich broth with shrimp, eggs, and meat supports the savory, rich flavor answer, and choices are distinct flavor profiles. | P2: Triple correctly supports the VQA answer: Mì Quảng with golden broth, shrimp, eggs, and meat is best described as rich and savory/fatty. | P3: The answer is plausible for Mì Quảng, but the flavor is subjective and not fully visually verifiable; B may also be plausible from lime/herbs/broth."
P1,llm_review,10186,image001893,test,flavor_profile,REVIEW,KEEP,low,flavor_not_visually_verifiable;incomplete_triples_used;unsupported_soup_flavor,"P1: Question matches the visible roasted chicken and pumpkin soup; answer D best describes smoky-savory roasted flavor with sweet nutty soup, and other choices are distinct flavor profiles. | P2: Triple phù hợp với món gà nướng trung tâm và hỗ trợ đặc trưng vị đậm đà, thơm mùi khói trong đáp án D. | P3: Route to REVIEW because the correct answer is plausible, but the triple only supports gà nướng while the question also depends on súp bí đỏ flavor."
P1,llm_review,10250,image001924,test,flavor_profile,REVIEW,KEEP,low,answerable_with_missing_triple;incomplete_support;leading_question,"P1: Question, image description, food items, and flavor_profile qtype align; the spicy nước mắm tỏi ớt reasonably contrasts with the rich, fatty mì Quảng, making D correct. | P2: Triple đúng và liên quan đến vị đậm đà, béo ngậy của Mì Quảng, nhưng chưa hỗ trợ phần vị cay nồng của nước chấm để hoàn chỉnh đáp án D. | P3: Route to REVIEW because D is plausible, but the triple support is incomplete for the nước mắm tỏi ớt cay nồng component."
P1,llm_review,10258,image001927,test,flavor_profile,REVIEW,KEEP,low,subjective_flavor_inference;triple_not_necessary;unsupported_food_fact,"P1: Question correctly targets the mixed vegetable stir-fry in the top-right; its corn, mushrooms, and asparagus suggest a light, mild flavor, and choices are distinct with only B fitting. | P2: Triple correctly supports that the top-right mixed vegetable stir-fry has a light, mild flavor profile matching choice B. | P3: Món rau củ xào có thể thanh đạm, nhưng hương vị không được chứng minh rõ từ ảnh và triple chỉ là giả định ẩm thực."
P1,llm_review,10476,image002026,test,flavor_profile,REVIEW,KEEP,low,incorrect_gold;irrelevant_or_incomplete_triple;missing_correct_choice;pass_disagreement;unsupported_combined_flavor,"P1: Image and question match rau muống luộc with nước mắm, but combined flavor should be salty/savory, not clearly 'vị ngọt thanh', and no choice offers that. | P2: Triple correctly identifies rau muống luộc as having a ngọt thanh flavor profile, matching the image context and supporting answer B. | P3: Không nên chấp nhận vì câu hỏi hỏi vị khi kết hợp với nước mắm, nhưng triple chỉ nói rau muống luộc ngọt thanh; đáp án mặn/đậm đà hợp lý hơn lại không có trong lựa chọn."
P1,llm_review,10480,image002036,test,flavor_profile,REVIEW,KEEP,low,flavor_not_visually_verifiable;minor_choice_ambiguity;triple_food_fact_weakly_supported,"P1: Question matches the visible bottom-left lòng gà xào dish, and the savory-sweet-crunchy profile is the best fit among non-ambiguous same-type choices. | P2: Triple correctly links the bottom-left dish Lòng gà xào to the answer flavor profile mặn, ngọt, giòn, matching the VQA context. | P3: The dish identity is clear, but the exact flavor profile is inferred rather than visually supported, so this should be reviewed instead of silently accepted."
P1,llm_review,10581,image002099,test,flavor_profile,REVIEW,KEEP,low,answer_leakage;question_answerable_without_visual_or_triple,"P1: Question correctly refers to Cơm sen wrapped in dark green leaves on a round plate, and the gold answer matches its delicate lotus aroma flavor profile. | P2: Triple correctly identifies Cơm sen and its relevant flavor profile: thanh tao, thơm mùi sen, matching the question and answer B. | P3: Question embeds the target flavor cues, so the correct answer can be inferred without meaningful visual or triple verification."
P1,llm_review,10913,image001767,test,flavor_profile,REVIEW,KEEP,low,non_visual_attribute;triple_not_visually_supported,"P1: Question correctly refers to the top-left grilled ribs beside cucumber; the dominant flavor is best described as rich/savory, and the choices are distinct flavor profiles. | P2: Triple correctly supports that the grilled ribs at the upper left have a rich, savory flavor profile matching answer C. | P3: The answer is plausible, but the key flavor claim is not directly observable from the image and depends on external food knowledge/triple support."
P1,llm_review,10937,image001784,test,flavor_profile,REVIEW,KEEP,low,inferential_flavor_profile;pass_disagreement;subject_mismatch;target_wording_mismatch;triple_partially_irrelevant,"P1: Question correctly targets the mixed stir-fried vegetables at bottom left; based on zucchini/greens, the dominant flavor is reasonably natural sweetness, and other choices are distinct distractors. | P2: Triple supports the correct sweet/natural flavor idea, but the dish name and wording should be corrected to match the VQA. | P3: Route to REVIEW because the previous passes disagree and the supporting triple uses the wrong dish subject, even though answer C is plausible."
P1,llm_review,11006,image001801,test,flavor_profile,REVIEW,KEEP,low,ambiguous_referent;incomplete_support;incomplete_triple_support;minor_referent_ambiguity;visual_flavor_inference,"P1: Question matches the fried fish and dipping sauce in the image; answer A is plausible, though 'hai món này' is slightly ambiguous. | P2: Triple đúng và liên quan đến cá chiên, hỗ trợ phần béo/giòn nhưng chưa bao quát vị mặn nồng từ món chấm trong đáp án. | P3: The correct answer is plausible, but 'hai món này' is ambiguous and the triple does not support the salty/pungent part, so this should be reviewed rather than silently accepted."
P1,llm_review,420,image000020,test,food_pairings,REVIEW,KEEP,low,answer_requires_external_food_fact;triple_too_generic,"P1: Question matches the image and food pairing context; C correctly describes the crispy rice cracker eaten with Mi Quang, and the other choices are distinct incorrect roles. | P2: Triple is correct and relevant: Mì Quảng is traditionally served with bánh tráng, which supports the crunchy pairing described in the VQA. | P3: Answer C is likely correct, but the provided triple is too generic to fully support the specific crunchy-texture role claimed in the question."
P1,llm_review,621,image000122,test,food_pairings,REVIEW,KEEP,low,external_food_fact;reason_not_visually_supported;triple_insufficient,"P1: Question matches the bún riêu image and pairing context; B is the best traditional reason for serving rau sống/gia đỗ to balance the rich hot broth. | P2: Triple is correct and directly supports the VQA: the image shows Bún riêu cua served with rau sống on the side. | P3: Answer B is plausible, but the supporting triple only says the dish is served with rau sống and does not justify the traditional pairing reason."
P1,llm_review,2718,image002242,test,food_pairings,REVIEW,KEEP,low,over_specific_target;pass_disagreement;triple_partially_irrelevant;unsupported_food_fact,"P1: Question matches the image and description; the top-left item is the golden-brown nem rán, and the choices are distinct single food components. | P2: Triple is directionally useful for identifying nem rán as eaten with raw greens, but the target is too specific for the image/VQA context. | P3: Route to REVIEW because the answer is visually plausible, but Pass 1/2 disagree and the triple uses unsupported over-specific 'Rau Xà Lách' instead of 'Rau sống'."
P1,llm_review,3431,image000535,test,food_pairings,REVIEW,KEEP,low,answerable_despite_imprecise_triple;pass_disagreement;target_too_specific;visual_ambiguity,"P1: Question matches the image and food_pairings qtype; answer A correctly describes the traditional role of dipping sauce with chả giò, and the other choices are distinct incorrect purposes. | P2: Triple is directionally relevant because chả giò is served with dipping sauce, but the visible/contextual item is nước chấm đỏ cam có ớt, not necessarily plain nước mắm. | P3: Route to REVIEW because the answer is plausible, but the triple uses unsupported/specific 'Nước Mắm' while the image only supports a generic red-orange dipping sauce."
P1,llm_review,3657,image000696,test,food_pairings,REVIEW,KEEP,low,answerable_without_valid_triple;choices_not_same_type;gold_not_food_item;missing_correct_choice;pass_disagreement;target_too_specific;unsupported_specific_triple,"P1: Món ở hàng thấp nhất là chả giò, nhưng đáp án B chỉ là mô tả vị trí, không phải tên món ăn, và lựa chọn đúng thực tế không có trong choices. | P2: Triple đúng hướng vì chả giò ở hàng thấp nhất thường ăn với nước chấm, nhưng nhãn 'Nước Mắm' nên đổi thành 'Nước chấm' theo VQA và ảnh. | P3: Reject: đáp án đúng thực tế là Chả giò nhưng không có trong choices; B không phải tên món ăn, và triple dùng Nước Mắm quá cụ thể so với bằng chứng."
P1,llm_review,4527,image001879,test,food_pairings,REVIEW,KEEP,low,requires_external_food_fact;triples_insufficient_for_rationale,"P1: Question matches the visible canh chua and central rice; D is the only appropriate pairing rationale with sour, refreshing flavor. | P2: Triple đúng và liên quan: canh chua ở góc trên trái thường ăn kèm cơm trắng ở trung tâm, dù chưa trực tiếp nêu vị chua thanh. | P3: REVIEW: triple chỉ hỗ trợ canh chua ăn kèm cơm, không hỗ trợ trực tiếp lý do vị chua thanh/kích thích vị giác trong đáp án."
P1,llm_review,4537,image001881,test,food_pairings,REVIEW,KEEP,low,answerable_with_imprecise_triple;pass_disagreement;target_too_generic,"P1: Question matches the image and description; the crispy item above the bowl/right is bánh tráng nướng, and only choice A fits. | P2: Triple is relevant and directionally correct, but the VQA asks specifically about crispy grilled rice paper visible above the bowl and at the right. | P3: Route to REVIEW because prior passes disagree and the triple uses generic 'Bánh Tráng' instead of the specific 'Bánh tráng nướng' required by the question."
P1,llm_review,5720,image001132,test,food_pairings,REVIEW,KEEP,low,multiple_plausible_choices;underspecified_triple;visual_ambiguity,"P1: Question correctly targets the top-left circular nem lụi, and the characteristic pairing is nước lèo đậu phộng; choices are all dipping sauces and only C is clearly correct. | P2: Triple đúng và hữu ích: nem lụi thường ăn kèm nước lèo, phù hợp với đáp án nước lèo đậu phộng. | P3: Nên REVIEW vì món góc trên trái nhìn có thể nhầm với chả giò, khiến nước mắm chua ngọt cũng hợp lý; triple cũng không nêu rõ nước lèo đậu phộng."
P1,llm_review,7031,image001641,test,food_pairings,REVIEW,KEEP,low,ambiguous_location;answer_not_clearly_supported;irrelevant_to_question;irrelevant_triples;missing_answer_support;mixed_choice_granularity;pass_disagreement,"P1: Câu hỏi nói thành phần ở góc trên bên trái cùng chanh và ớt, nhưng hũ tỏi băm nằm gần đó chứ không cùng đĩa; các lựa chọn cũng lẫn nguyên liệu và vật chứa nên dễ gây mơ hồ. | P2: Triple is broadly about the dish ingredients, but the VQA asks about the minced garlic jar used to balance flavor, so it is not useful support. | P3: DROP vì triple không hỗ trợ câu hỏi về hũ tỏi băm, vị trí diễn đạt mơ hồ, và hai pass trước đã không thống nhất."
P1,llm_review,7313,image001244,test,food_pairings,REVIEW,KEEP,low,ambiguous_food_pairing;answer_not_image_grounded;answer_not_strongly_image_grounded;missing_correct_choice;missing_visible_correct_choice;pass_disagreement;triple_partial_or_irrelevant,"P1: Câu hỏi ám chỉ món tinh bột đi kèm trong ảnh là xôi, nhưng lựa chọn không có xôi và đáp án B cơm trắng không khớp với hình/food_items. | P2: Triple is factually plausible and relevant because gà rang lá chanh is commonly served with cơm trắng, supporting the answer choice, though it only partially supports the kho quẹt pairing. | P3: Không nên chấp nhận âm thầm vì ảnh hiển thị xôi nhưng lựa chọn không có xôi, triple chỉ hỗ trợ gà với cơm trắng chứ không trực tiếp hỗ trợ kho quẹt, và hai pass trước bất đồng."
P1,llm_review,7516,image001341,test,food_pairings,REVIEW,KEEP,low,extra_incorrect_target;partially_wrong_triple;pass_disagreement;unsupported_food_fact,"P1: Question matches the image and description; the bamboo tray on the left contains white bún, so answer C is correct and choices are distinct accompaniments. | P2: The triple is useful for identifying bún as the pairing, but it includes an unsupported sauce item. | P3: Answer C is visually clear, but the supporting triple includes unsupported 'nước mắm' and prior verifiers disagree, so this should be reviewed rather than silently accepted."
P1,llm_review,7942,image001174,test,food_pairings,REVIEW,KEEP,low,answer_not_visually_grounded;external_food_knowledge_required;unsupported_triple_in_image,"P1: Question matches the image and food list; canh in a traditional Vietnamese family meal is most typically eaten with cơm trắng, and the other starch choices are plausible but not equally correct. | P2: Triple is factually appropriate: canh khoai lang in a Vietnamese family meal is commonly eaten with cơm trắng, matching the VQA answer. | P3: Cơm trắng is culturally plausible, but rice is not shown in the image and the triple is not visually supported, so this should be reviewed rather than silently accepted."
P1,llm_review,8025,image000503,test,food_pairings,REVIEW,KEEP,low,ambiguous_food_pairing;missing_correct_choice;pass_disagreement;target_too_generic;unsupported_or_generic_triple;weak_visual_grounding;wrong_answer,"P1: Món ở góc dưới cạnh chén kho quẹt là rau củ luộc, thường chấm kho quẹt; đáp án A không đúng và lựa chọn không có đáp án đúng. | P2: Triple đúng hướng vì rau củ luộc có thể chấm nước mắm, nhưng cần cụ thể là nước mắm tỏi ớt để hỗ trợ đáp án A. | P3: The image and wording indicate rau củ luộc next to kho quẹt, whose expected pairing is kho quẹt, not any listed choice; answer A is weakly supported and the verifiers disagree."
P1,llm_review,9622,image000407,test,food_pairings,REVIEW,KEEP,low,extra_target_not_in_image;gold_answer_mismatch;missing_best_choice;multiple_plausible_choices;noisy_triple;pass_disagreement,"P1: Câu hỏi gợi cặp truyền thống với canh cua mướp mồng tơi, đáp án phù hợp hơn là cà pháo muối trong ảnh nhưng không có trong lựa chọn; cơm niêu chỉ là món ăn kèm chung. | P2: Triple supports the correct pairing with canh cua, but should remove the unrelated 'Cá kho' target. | P3: Should not be silently accepted: cà pháo muối is the stronger traditional pairing but missing from choices, while the triple contains unrelated Cá kho and prior passes disagree."
P1,llm_review,9692,image000449,test,food_pairings,REVIEW,KEEP,low,ambiguous_choices;commonsense_answerable;over_specific_target;prior_review_consensus;unsupported_specific_triple,"P1: Question matches the image and herbs are visible; answer C is plausible, but A and B could also be reasonable purposes for fresh herbs in this context. | P2: Triple is directionally relevant because cháo trai is served with green herbs, but 'rau răm' is more specific than the visible/contextual evidence confirms. | P3: Không nên tự động chấp nhận vì đáp án C hợp lý nhưng A/B cũng có thể đúng, và triple 'rau răm' không được hình ảnh xác nhận rõ."
P1,llm_review,10023,image001251,test,food_pairings,REVIEW,KEEP,low,non_unique_food_pairing;visual_clue_gives_answer;weak_triple_discrimination,"P1: Question matches the visible top-left stir-fried su hào cà rốt dish; gold answer D is correct and choices are distinct single food items. | P2: Triple đúng và hữu ích: su hào xào cà rốt là món xào thường ăn với cơm trắng, khớp với món ở góc trên bên trái trong ảnh và đáp án D. | P3: Nên REVIEW vì đáp án D đúng theo vị trí hình ảnh, nhưng quan hệ ăn với cơm trắng không phân biệt rõ do nhiều món khác cũng thường ăn với cơm."
P1,llm_review,10051,image001255,test,food_pairings,REVIEW,KEEP,low,misaligned_triples_used;pass_disagreement;wrong_subject,"P1: Question matches the soup at top-left and Vietnamese meal pairing context; cơm trắng is the only clearly correct traditional staple among the choices. | P2: Triple supports the correct rice pairing but refers to the wrong dish for the question. | P3: Answer D is plausible, but the supporting triple refers to the wrong dish and Pass 1/Pass 2 disagree, so this should be reviewed rather than silently accepted."
P1,llm_review,10188,image001893,test,food_pairings,REVIEW,KEEP,low,multiple_plausible_answers;not_visually_grounded;pass_disagreement;subjective_pairing;triple_insufficient_for_unique_answer,"P1: Question matches the central grilled chicken and food_pairings type; muối ớt xanh is a plausible Vietnamese pairing, but 'truyền thống chuẩn mực' is somewhat subjective and not directly grounded in the image. | P2: Triple đúng và hữu ích: gà nướng thường được kết hợp với muối ớt xanh trong ngữ cảnh ẩm thực Việt, khớp đáp án B. | P3: Nên REVIEW vì ảnh không cho thấy gia vị chấm, nhiều đáp án Việt Nam đều hợp lý, và hai pass trước không thống nhất."
P1,llm_review,10483,image002036,test,food_pairings,REVIEW,KEEP,low,multiple_plausible_pairings;triple_not_necessary,"P1: Question matches the image and description; the lower-left dish is lòng gà xào, so answer C is correct and the choices are clear single food items. | P2: Triple is factually plausible and directly supports the VQA: the bottom-left lòng gà xào is commonly served with the white rice shown at upper right. | P3: Vị trí món dưới bên trái rõ là lòng gà xào, nhưng lý do “dùng kèm cơm trắng” không phân biệt tốt vì nhiều món khác cũng ăn với cơm trắng."
P1,llm_review,10568,image002084,test,food_pairings,REVIEW,KEEP,low,ambiguous_choice;answerable_despite_bad_triple;generic_answer;generic_choice;multiple_plausible_choices;not_directly_visible;not_same_type_choices;pass_agreement_review;target_mismatch;unsupported_triple_target,"P1: Question fits the image and boiled pork pairing, but choice B is generic and ambiguous because the image has both nước tương and mắm tôm as possible salty dipping sauces. | P2: Triple đúng hướng vì thịt luộc thường ăn với nước chấm mặn, nhưng 'nước mắm' không phải đáp án/đồ chấm được nêu rõ trong ảnh. | P3: Không nên KEEP vì đáp án B quá chung, ảnh có cả mắm tôm và nước tương, còn triple dùng 'nước mắm' không được hỗ trợ trực tiếp."
P1,llm_review,10955,image001790,test,food_pairings,REVIEW,KEEP,low,external_knowledge_required;triple_not_image_grounded;visible_starch_conflict,"P1: Question correctly identifies the brown tôm rim thịt dish at lower right, and cơm trắng is the traditional staple pairing; choices are same-type starch options with only one best answer. | P2: Triple đúng và hữu ích: tôm rim thịt thường được ăn kèm cơm trắng trong bữa cơm gia đình Việt Nam, phù hợp với câu hỏi. | P3: Route to REVIEW vì đáp án dựa vào kiến thức truyền thống trong khi hình ảnh lại cho thấy cơm màu xanh, dễ gây nhầm giữa pairing thực tế và pairing mặc định."
P1,llm_review,194,image001288,test,ingredient_category,REVIEW,KEEP,low,incomplete_triples_used;missing_right_item_support;pass_disagreement;taxonomy_dependency,"P1: Question matches the image/layout; left of the dipping sauce is boiled leafy greens and the right-side opposite dish is pork/egg braise, so answer C is correct and choices are distinct. | P2: Các triple đúng và hỗ trợ món bên trái là rau lá, nhưng thiếu triple cho món đối diện bên phải là thịt kho trứng thuộc nhóm thịt đỏ. | P3: Route to REVIEW because triples only support the left leafy-vegetable dish, while the required right-side meat-red classification is unsupported and prior passes disagree."
P1,llm_review,199,image001289,test,ingredient_category,REVIEW,KEEP,low,ambiguous_category;category_mismatch;incomplete_triples;missing_red_meat_support;no_clean_correct_choice;no_correct_choice;pass_disagreement;unsupported_food_category,"P1: Question matches the image, but khoai mỡ is a tuber/starchy vegetable rather than clearly 'ngũ cốc', so gold B is ambiguous/likely incorrect and the choices omit a clean correct option. | P2: Triple về canh khoai mỡ đúng với ảnh, nhưng phân loại khoai mỡ là Ngũ Cốc không chính xác/không rõ và thiếu triple hỗ trợ thịt bò là thịt đỏ. | P3: Reject because the answer relies on the incorrect/ambiguous claim that khoai mỡ is ngũ cốc, while triples do not support the red-meat part."
P1,llm_review,408,image000016,test,ingredient_category,REVIEW,KEEP,low,irrelevant_or_insufficient_triples;multiple_plausible_choices;partial_support,"P1: Question matches the image and description; answer A correctly categorizes canh cua as seafood-based, pork as red meat, and mắm tôm as seafood-derived seasoning. | P2: Các triple về mắm tôm làm từ tôm và thuộc nhóm hải sản là đúng, liên quan đến chén gia vị bên phải đĩa thịt, nhưng chỉ hỗ trợ một phần câu hỏi. | P3: REVIEW vì canh cua rau mồng tơi có thể bị phân loại là hải sản hoặc rau củ, trong khi triples chỉ hỗ trợ mắm tôm chứ không hỗ trợ đầy đủ đáp án."
P1,llm_review,417,image000019,test,ingredient_category,REVIEW,KEEP,low,incomplete_support;missing_central_item_triple;pass_disagreement,"P1: Question matches the image and description: grilled meat surrounds the dipping bowls, boiled chicken is below, and both are terrestrial animal-based foods. | P2: Các triple đúng và liên quan đến gà luộc, nhưng chưa hỗ trợ món thịt nướng ở trung tâm nên chưa đủ để chứng minh đáp án D. | P3: REVIEW vì hai pass bất đồng và triples_used chỉ chứng minh gà luộc là thịt, chưa hỗ trợ món thịt nướng ở trung tâm để xác nhận đáp án D."
P1,llm_review,490,image000054,test,ingredient_category,REVIEW,KEEP,low,ambiguous_meat_category;ambiguous_visual_evidence;incomplete_support;incomplete_triples;pass_disagreement;unsupported_red_meat_claim,"P1: The orange ingredient is clearly shrimp/seafood, but the dark brown meat cannot be confidently identified as red meat from the image alone. | P2: Các triple đúng và liên quan đến nguyên liệu màu cam là tôm thuộc nhóm hải sản, nhưng chưa hỗ trợ phần nguyên liệu màu nâu sẫm thuộc nhóm thịt đỏ. | P3: The answer depends on identifying the dark brown meat as red meat, but this is visually ambiguous and unsupported by the triples."
P1,llm_review,576,image000100,test,ingredient_category,REVIEW,KEEP,low,ambiguous_reference;incomplete_triples_used;missing_support_for_second_food;unsupported_nutrition_claim;unsupported_second_food_category,"P1: Gold C is correct if the second dish is lạp xưởng, but the phrase 'món ăn đặt cạnh đĩa lạp xưởng' is ambiguous and could refer to another adjacent dish. | P2: Các triple về gà luộc thuộc nhóm thịt là đúng và liên quan, nhưng chưa có triple hỗ trợ món ở góc trên bên phải/lạp xưởng cũng thuộc nhóm thịt. | P3: Câu hỏi mơ hồ về món thứ hai và triples chỉ hỗ trợ gà luộc, chưa đủ chứng minh món cạnh/lạp xưởng thuộc nhóm thịt hay kết luận dư thừa đạm."
P1,llm_review,603,image000112,test,ingredient_category,REVIEW,KEEP,low,gold_answer_imprecise;missing_xoi_gac_support;no_exact_correct_choice;overgeneralized_category;overgeneralized_food_category;pass_disagreement;unsupported_triples,"P1: Xôi gấc là tinh bột, nhưng canh rau củ chủ yếu là rau củ/quả chứ không phải rau lá, nên đáp án B không chính xác. | P2: Triples only support the vegetable soup side and do not support xôi gấc as starch; 'Rau' -> 'Rau Lá' is too broad for canh rau củ. | P3: Không nên chấp nhận vì đáp án B gán canh rau củ thành rau lá không chính xác, triples thiếu hỗ trợ cho xôi gấc và hai pass trước không thống nhất."
P1,llm_review,678,image000157,test,ingredient_category,REVIEW,KEEP,low,answer_support_invalid;invalid_triples_used;missing_correct_choice;unsupported_food_fact;wrong_gold_answer;wrong_ingredient_category,"P1: The top-right dish is tofu with pineapple; its main ingredient is tofu/plant protein, not grains, and the choices lack a clear plant-protein option. | P2: Món trên bên phải là đậu hũ kho thơm; đậu hũ không phải ngũ cốc nên triple hỗ trợ đáp án A là sai. | P3: DROP vì đậu hũ không thuộc nhóm ngũ cốc và không có lựa chọn đúng phù hợp; triple hỗ trợ đáp án A là sai."
P1,llm_review,691,image000162,test,ingredient_category,REVIEW,KEEP,low,self_referential_ingredient;triples_used_needs_edit,"P1: Câu hỏi khớp ảnh và mô tả; món phía trên tô canh chua là cá chiên, thuộc nhóm hải sản, các lựa chọn cùng loại và chỉ có một đáp án đúng. | P2: Món phía trên tô canh chua là cá chiên, thuộc nhóm hải sản; chỉ triple hasIngredient cần sửa vì đang tự trỏ về tên món. | P3: Answer C is visually plausible, but triples_used contains a wrong self-referential ingredient fact, so route to REVIEW rather than silently keep."
P1,llm_review,694,image000163,test,ingredient_category,REVIEW,KEEP,low,missing_spatial_support;spatial_relation_not_in_triples,"P1: Question matches the image: the upper-left dish is shrimp with corn, shrimp belongs to crustaceans, and it is roughly opposite the soup bowl on the right. | P2: Các triple đúng và hữu ích để xác định tôm thuộc nhóm Giáp xác, nhưng chưa hỗ trợ phần vị trí so với bát nước canh. | P3: The row is acceptable: triples support shrimp as crustacean, and the image clearly shows the shrimp-corn dish roughly opposite the soup bowl on the right."
P1,llm_review,755,image000201,test,ingredient_category,REVIEW,KEEP,low,partial_triple_support;visual_specificity_ambiguous,"P1: Question matches the image and qtype; the top dish is rau muống xào, a leafy vegetable dish, so D is correct and the other choices are clearly incorrect. | P2: Các triple đúng và hỗ trợ trực tiếp đáp án: món phía trên là rau muống xào, nguyên liệu rau muống thuộc nhóm rau lá, cùng nhóm phân loại với rau sống. | P3: The answer is likely D, but the triples only support the top dish category and do not directly justify the stated relationship with the rau sống."
P1,llm_review,830,image000242,test,ingredient_category,REVIEW,KEEP,low,answer_not_dependent_on_triples;minor_visual_ambiguity;pass_disagreement;specific_ingredient_uncertain;unsupported_specific_ingredient,"P1: Question matches the image and description; the upper-right dish is canh rau, whose main ingredient is vegetables, so plant-based group D is correct. | P2: Món phía trên bên phải là canh rau thuộc nhóm thực vật, nhưng triple nêu cụ thể rau muống chưa đủ bằng chứng từ ảnh/mô tả. | P3: Route to REVIEW vì hai pass không đồng thuận và triple 'Rau Muống' không được ảnh/mô tả chứng minh rõ, dù đáp án nhóm thực vật có vẻ hợp lý."
P1,llm_review,913,image001408,test,ingredient_category,REVIEW,KEEP,low,incomplete_triple_grounding,"P1: Question matches the image and food metadata; D is clearly correct because the dish combines rice starch with animal protein from chicken, and other choices are unambiguous distractors. | P2: Các triples đều đúng và phù hợp: món cơm gà có thịt gà, và thịt gà thuộc nhóm thịt/đạm động vật. | P3: Answer D is visually plausible, but triples_used do not fully ground the starch-from-rice part of the question, so this should be reviewed rather than silently accepted."
P1,llm_review,1031,image001489,test,ingredient_category,REVIEW,KEEP,low,answer_not_fully_supported_by_triples;incomplete_support;incomplete_triples;spatial_relation_unsupported,"P1: Câu hỏi khớp ảnh và mô tả; đĩa thịt luộc và tôm luộc nằm bên phải đĩa rau sống, thuộc nhóm thịt và hải sản. | P2: Các triple đúng và liên quan đến phần thịt luộc/thịt lợn, nhưng chưa hỗ trợ phần tôm/hải sản và vị trí bên phải so với đĩa rau sống. | P3: Đáp án C có vẻ đúng theo ảnh/mô tả, nhưng triples_used chỉ hỗ trợ phần thịt và không hỗ trợ tôm/hải sản hay vị trí bên phải so với rau sống."
P1,llm_review,1212,image001589,test,ingredient_category,REVIEW,KEEP,low,irrelevant_triples;missing_required_support;pass_disagreement,"P1: Question matches the image and described positions; lower-left dish is shrimp (seafood) and upper-left dish is boiled corn (starch), so D is correct with no competing correct choice. | P2: Các triple nói về cà tím xào, không hỗ trợ xác định Tôm rang là hải sản và Ngô luộc là tinh bột. | P3: DROP vì triples_used không hỗ trợ câu hỏi về Tôm rang và Ngô luộc, đồng thời Pass 1 và Pass 2 mâu thuẫn."
P1,llm_review,1223,image001592,test,ingredient_category,REVIEW,KEEP,low,category_too_coarse;irrelevant_or_incomplete_triples;minor_imprecision;pass_disagreement;unsupported_food_fact;visual_semantic_imprecision,"P1: Question matches the image and A is the only plausible answer, though the lower-left soup is mainly vegetables with some minced meat/corn rather than clearly 'rau củ và tinh bột'. | P2: Triple về nguyên liệu trứng là đúng, nhưng phân loại trứng thành 'Thịt' không chính xác dù hướng hỗ trợ nhóm đạm động vật là phù hợp. | P3: Cần REVIEW vì hai pass bất đồng, triples_used thiếu thông tin về món canh và phân loại trứng là 'Thịt' không chính xác."
P1,llm_review,1283,image001615,test,ingredient_category,REVIEW,KEEP,low,answer_depends_on_unprovided_evidence;incomplete_support;incomplete_triple_support,"P1: Question matches the image and food list; both the blue-plate chicken dish and the pork-carrot stir-fry are meat-based, so answer B is correct and choices are distinct. | P2: Triples are correct and relevant for identifying the left blue-plate dish as meat-based, but they do not support the right dish being pork/meat. | P3: Answer B is visually/semantically plausible, but triples_used are incomplete because they do not support the pork-carrot dish being meat-based."
P1,llm_review,1326,image001638,test,ingredient_category,REVIEW,KEEP,low,answerable_despite_irrelevant_triples;missing_starch_triple;missing_top_item_relation;pass_disagreement;wrong_support_focus,"P1: Question matches the image and description: bánh cuốn/rice rolls in the center are starch-based, while chả lụa on top is an animal-protein food; choices are mutually exclusive. | P2: Triples không hỗ trợ đúng đáp án: thiếu thông tin bánh cuốn là nhóm tinh bột và thiếu liên kết chả lụa phía trên với protein động vật. | P3: DROP vì hai pass bất đồng và triples_used không hỗ trợ đúng câu hỏi: thiếu bánh cuốn là tinh bột ở trung tâm và thiếu chả lụa/protein động vật ở trên cùng."
P1,llm_review,1383,image001679,test,ingredient_category,REVIEW,KEEP,low,answerable_with_irrelevant_or_incomplete_triples;imprecise_category;incomplete_triples;missing_bottom_right_support;pass_disagreement,"P1: Question matches the image and positions; A is the only correct choice, though 'rau lá' is slightly imprecise for canh súp lơ/vegetable soup. | P2: Triples support the top-left cauliflower soup, but the category 'Rau Lá' is imprecise and there is no support for the bottom-right shrimp-and-meat dish. | P3: Route to REVIEW because the verifiers disagree and the triples do not support the bottom-right dish while using an imprecise category for súp lơ."
P1,llm_review,1549,image001767,test,ingredient_category,REVIEW,KEEP,low,composite_question;incomplete_triple_support;qtype_partial_mismatch,"P1: Question matches the image and answer D is correct: the top-left dish is meat and diagonally opposite the rice, though the question also asks spatial relation beyond ingredient_category. | P2: Triples correctly identify the top-left dish as grilled pork ribs and categorize pork ribs under meat, supporting choice D. | P3: Answer D is visually correct, but the question requires spatial reasoning not supported by triples_used, so it should be reviewed rather than silently kept."
P1,llm_review,1567,image001790,test,ingredient_category,REVIEW,KEEP,low,category_ambiguous;incomplete_triples;pass_disagreement,"P1: Question matches the image and D is the best answer by position and visible shrimp, but the dish is tôm rim thịt so the food category is slightly ambiguous between seafood and meat/protein. | P2: Các triple đúng và hỗ trợ trực tiếp việc xác định món tôm rim thịt thuộc nhóm hải sản trong VQA. | P3: Route to REVIEW because the dish is mixed shrimp and meat, the triples only justify the shrimp/seafood side, and the previous passes disagree."
P1,llm_review,1577,image001796,test,ingredient_category,REVIEW,KEEP,low,answer_supported_by_metadata_not_triples;partial_support;partial_triple_support,"P1: Question matches the bottom-left squid dish and bottom-right fried sticky rice with roasted chicken; answer D correctly contrasts seafood with starch and meat. | P2: Các triple đúng và liên quan đến việc xác định đĩa góc dưới bên trái là hải sản, nhưng chưa hỗ trợ phần đĩa góc dưới bên phải là tinh bột và thịt. | P3: REVIEW vì triples_used chỉ chứng minh phần hải sản ở đĩa dưới trái, chưa hỗ trợ nhóm tinh bột và thịt của đĩa dưới phải."
P1,llm_review,1597,image001801,test,ingredient_category,REVIEW,KEEP,low,answerable_despite_bad_triples;minor_ingredient_field_error;triple_field_error;unsupported_food_fact,"P1: Question matches the lower-left fried fish in the image; fish belongs to the seafood category and the other choices are distinct. | P2: The lower-left dish is fried fish, which belongs to seafood; one triple is useful but the ingredient triple is tautological and should be corrected. | P3: Route to REVIEW because the answer is visually clear, but triples_used contain a wrong tautological ingredient fact that should not be silently accepted."
P1,llm_review,1614,image001806,test,ingredient_category,REVIEW,KEEP,low,ambiguous_question_wording;answerable_with_irrelevant_or_incomplete_triples;incomplete_support;pass_disagreement,"P1: Question matches the image and food layout; bottom dish is sườn xào măng thuộc nhóm thịt, opposite rau muống is thịt chân giò luộc also nhóm thịt. | P2: Các triple đúng và hỗ trợ món phía dưới cùng là sườn xào măng thuộc nhóm thịt, nhưng chưa có triple hỗ trợ món đối diện rau muống luộc là thịt chân giò luộc cũng thuộc nhóm thịt. | P3: Should route to REVIEW because the supporting triples omit the opposite dish and the wording is ambiguous despite answer A being visually plausible."
P1,llm_review,1755,image001869,test,ingredient_category,REVIEW,KEEP,low,over_specific_ingredient;pass_disagreement;triples_partially_unsupported,"P1: Question matches the image and description; the bottom-center dish is grilled meat skewers, so the animal-derived food group answer is correct and choices are distinct. | P2: Triple hướng đúng để hỗ trợ đáp án D, nhưng 'Thịt Lợn' quá cụ thể so với bằng chứng trong ảnh/VQA. | P3: Answer D is likely correct from the image, but the triples over-specify pork without visual support and prior passes disagree."
P1,llm_review,2673,image002209,test,ingredient_category,REVIEW,KEEP,low,answerable_without_triples;irrelevant_triples;missing_target_food_support;pass_disagreement,"P1: Question matches the image and description; the top-left green soup with white mọc is best categorized as vegetable-based and is adjacent to the roasted pork plate. | P2: The triples describe pork, not the upper-left green soup needed to answer the VQA. | P3: DROP vì triples_used nói về thịt heo quay chứ không hỗ trợ món canh hoa thiên lý nấu mọc được hỏi, và hai pass trước bất đồng."
P1,llm_review,2729,image002253,test,ingredient_category,REVIEW,KEEP,low,ambiguous_main_ingredient;multiple_plausible_choices;pass_disagreement;underspecified_triples;unsupported_nutrition_dominance,"P1: Gold D is reasonable for phở bò because beef is the defining ingredient, but A is also plausible since rice noodles are a major staple component of the bowl. | P2: The image clearly shows phở bò with beef as the main ingredient; the second triple should specify red meat rather than generic meat. | P3: Route to REVIEW: D is reasonable for phở bò, but A is also plausible due to bánh phở, and the triples do not specifically justify 'thịt đỏ' or nutritional dominance."
P1,llm_review,2733,image002255,test,ingredient_category,REVIEW,KEEP,low,ambiguous_food_reference;missing_spatial_support;triples_may_not_match_referent,"P1: Question matches the image and qtype; the bánh on the left is grain/rice-flour based and is opposite the shrimp plate, so D is correct. | P2: Các triples đúng và hỗ trợ nhóm ngũ cốc của món bánh, nhưng chưa hỗ trợ quan hệ vị trí so với đĩa tôm hấp. | P3: Đáp án D có thể đúng, nhưng câu hỏi mơ hồ giữa bánh khọt và bánh bèo, còn triples chỉ hỗ trợ bánh bèo và không hỗ trợ quan hệ vị trí."
P1,llm_review,2782,image002297,test,ingredient_category,REVIEW,KEEP,low,ambiguous_choices;ambiguous_spatial_answer;gold_answer_mismatch;gold_answer_spatial_mismatch;missing_position_support;mixed_question_type;pass_disagreement;qtype_mixed;triples_missing_position_support,"P1: Món cao nhất là chim cút rôti thuộc nhóm thịt, nhưng so với bát nước rau luộc nó nằm phía trên bên phải rõ hơn; đáp án B hợp hơn A và câu hỏi trộn loại nguyên liệu với quan hệ vị trí. | P2: Các triple đúng và liên quan để xác định chim cút rôti thuộc nhóm thịt, nhưng chưa hỗ trợ quan hệ vị trí với bát nước rau luộc. | P3: Không nên chấp nhận vì đáp án A không chắc đúng; B hợp lý hơn về vị trí, trong khi triples chỉ hỗ trợ nhóm thịt chứ không hỗ trợ quan hệ không gian."
P1,llm_review,3384,image000499,test,ingredient_category,REVIEW,KEEP,low,answer_not_fully_supported_by_triples;incomplete_support;triples_missing_second_food,"P1: Question matches the image and description; the top dish is chicken and the right dish is sliced pork, so both are meat-based foods. | P2: Các triple đúng và liên quan đến món gà phía trên thuộc nhóm thịt, nhưng chưa có triple hỗ trợ món thịt chân giò bên phải cũng là thịt. | P3: Đáp án B có vẻ đúng theo ảnh, nhưng triples_used chỉ chứng minh món gà là thịt và thiếu triple cho thịt chân giò bên phải, nên cần REVIEW thay vì silently accepted."
P1,llm_review,3460,image000555,test,ingredient_category,REVIEW,KEEP,low,ambiguous_position_relation;triples_do_not_support_spatial_relation,"P1: Question matches the image and metadata; the lower-right dish is boiled pork belly, a meat item, positioned opposite the rice bowl across the tray center. | P2: Both triples correctly support that the lower-right dish is boiled pork belly and its main food category is meat. | P3: Category is supported, but the position claim relative to the rice bowl is not supported by triples and is visually somewhat imprecise."
P1,llm_review,3479,image000567,test,ingredient_category,REVIEW,KEEP,low,irrelevant_or_incomplete_triples;missing_position_support;pass_disagreement;unsupported_food_fact;wrong_ingredient_category,"P1: Question matches the image and description; top-left dish is thịt kho trứng, mainly meat/protein, diagonally opposite the cà pháo bowl. | P2: Một triple đúng nhưng triple chính gán sai nhóm thực phẩm cho trứng và không hỗ trợ quan hệ vị trí chéo đối diện với bát cà pháo. | P3: DROP vì đáp án hình ảnh có vẻ đúng nhưng triples_used sai và không hỗ trợ đầy đủ câu hỏi, đồng thời Pass 1 và Pass 2 bất đồng."
P1,llm_review,3577,image000637,test,ingredient_category,REVIEW,KEEP,low,answer_supported_by_general_knowledge;incomplete_triples;over_specific_ingredient;pass_disagreement,"P1: Question matches the visible phở and bánh xèo; C is the best answer since phở includes meat/protein while bánh xèo visibly contributes starch with greens. | P2: The triples support animal protein in pho, but beef is more specific than what the image clearly verifies. | P3: Route to REVIEW because the verifiers disagree and the triples over-specify beef while failing to support the bánh xèo nutrition claim."
P1,llm_review,3914,image000847,test,ingredient_category,REVIEW,KEEP,low,ambiguous_position_choices;multiple_plausible_choices;pass_disagreement;triples_do_not_support_spatial_relation,"P1: Question matches the image and B is correct, but the chicken plate is both to the right of and slightly below the grape plate, making A potentially ambiguous. | P2: Các triple đúng: gà luộc có thành phần thịt gà và thịt gà thuộc nhóm thịt/động vật, phù hợp để hỗ trợ đáp án B. | P3: The chicken plate is both to the right of and somewhat below the grapes, making A and B both plausible; since prior passes disagree, this row should be reviewed."
P1,llm_review,3974,image000895,test,ingredient_category,REVIEW,KEEP,low,ambiguous_choices;missing_correct_choice;pass_disagreement;unsupported_triples;visual_evidence_conflict;wrong_answer,"P1: Question matches the visible gỏi cuốn, but the filling is shrimp/seafood with vegetables; the gold answer 'meat' is not correct and no seafood option is provided. | P2: Triples support that gỏi cuốn can contain pork, whose category is meat, matching answer C for the filling group. | P3: The image and question point to shrimp/seafood rolls, but the gold answer is meat and no seafood option is provided; Pass 1 and Pass 2 also disagree."
P1,llm_review,3981,image000901,test,ingredient_category,REVIEW,KEEP,low,answer_not_fully_supported_by_triples;incomplete_support;pass_disagreement,"P1: Question matches the image and description; top-left dish is chicken/meat, while bottom-left gỏi tôm thịt combines seafood and meat, so D is correct and choices are distinct. | P2: Triples correctly support the top-left chicken dish as meat, but they do not support the bottom-left dish being seafood combined with meat. | P3: Route to REVIEW because the correct answer is plausible from the image/description, but triples_used only support the top-left meat classification and omit evidence for the bottom-left seafood-plus-meat classification."
P1,llm_review,4413,image000405,test,ingredient_category,REVIEW,KEEP,low,irrelevant_category;irrelevant_triples;missing_answer_support;missing_meat_support;pass_disagreement;unsupported_food_fact;wrong_egg_type,"P1: Question matches the image and asks ingredient category comparison; both thịt kho tàu and sườn xào chua ngọt are meat-based, so A is correct. | P2: Triples tập trung vào trứng thay vì nhóm nguyên liệu chính là thịt, nên không hỗ trợ đáp án A. | P3: DROP vì triples_used sai/không liên quan đến nhóm thịt và hai verifier trước đó bất đồng rõ ràng."
P1,llm_review,4492,image000453,test,ingredient_category,REVIEW,KEEP,low,incomplete_support;incomplete_triples_used;partial_evidence_support,"P1: Question matches the image: lower-left shrimp and upper-left clams are both seafood; choices are distinct categories with only one correct answer. | P2: Các triple về tôm hấp là đúng và liên quan, nhưng chưa có triple hỗ trợ món nghêu hấp ở góc trên bên trái cũng thuộc nhóm hải sản. | P3: The answer C is likely correct, but triples_used support only shrimp as seafood and omit evidence for clams, so route to REVIEW."
P1,llm_review,4539,image001881,test,ingredient_category,REVIEW,KEEP,low,answer_partly_supported_by_visual_common_knowledge;incomplete_support_for_vegetable_part;incomplete_triple_support,"P1: Question matches the image: the orange-red filling is shrimp/seafood and the green vegetables are plant-based; answer A is clearly correct and other choices are not plausible. | P2: Các triple đúng và liên quan: trong tô có tôm, tôm thuộc nhóm hải sản; tuy nhiên chưa có triple hỗ trợ phần rau xanh thuộc nhóm thực vật. | P3: A is likely correct from the image, but the triples only justify shrimp as seafood and omit support for rau xanh as plant-based, so this should be reviewed rather than silently kept."
P1,llm_review,4623,image001927,test,ingredient_category,REVIEW,KEEP,low,ambiguous_food_category;awkward_premise;category_ambiguous;category_overgeneralized;irrelevant_or_incomplete_triples;missing_symmetric_item_support;needs_human_review;unsupported_premise_category,"P1: Question maps top-right to bottom-left via main diagonal correctly, but calling the top-right dish a leafy-vegetable group is awkward and pumpkin as starch can be somewhat ambiguous. | P2: Triples only support the top-right dish premise and overgeneralize rau củ as rau lá; they do not support the diagonally symmetric bottom-left dish/category needed for answer B. | P3: Không nên silently accept vì triples không hỗ trợ món bí đỏ đối xứng và phân loại rau củ thành rau lá/tinh bột đều có tính gượng ép."
P1,llm_review,4692,image001972,test,ingredient_category,REVIEW,KEEP,low,answer_requires_unsupported_fact;incomplete_triples_used;missing_bottom_left_dish_support;pass_disagreement,"P1: Món trung tâm là gà nướng và góc dưới bên trái là sườn bò nướng, cả hai đều thuộc nhóm thịt; các lựa chọn rõ ràng và chỉ có C đúng. | P2: Triples are correct for the central grilled chicken being meat, but they do not support the bottom-left grilled beef ribs, which is needed to justify that both dishes are meat. | P3: REVIEW because the answer needs both central chicken and bottom-left beef ribs to be classified as meat, but triples_used only support the chicken and Pass 1/Pass 2 disagree."
P1,llm_review,4758,image002026,test,ingredient_category,REVIEW,KEEP,low,ambiguous_dominance;irrelevant_triples;missing_answer_support;multiple_plausible_choices;pass_disagreement,"P1: Question matches the image, but asking which nutrition group dominates in the whole meal is ambiguous because both protein from meat/tofu and starch from rice are prominent. | P2: The triples only describe boiled water spinach, while the question asks about the lower-right meat and tofu dish supporting the protein-rich food group. | P3: DROP vì triples chỉ nói về rau muống, không hỗ trợ đáp án đạm từ thịt/đậu, và câu hỏi về nhóm dinh dưỡng chiếm ưu thế trong cả mâm cơm bị mơ hồ giữa đạm và tinh bột."
P1,llm_review,4793,image002064,test,ingredient_category,REVIEW,KEEP,low,answerable_despite_bad_triple;minor_ingredient_field_issue;minor_spatial_ambiguity;unsupported_or_malformed_triple,"P1: Question correctly refers to the dish left of the cà pháo muối, which is fried fish, and its main ingredient category is seafood. | P2: Món bên trái chén cà pháo muối là cá chiên, thuộc nhóm hải sản; chỉ có triple hasIngredient cần chỉnh lại target. | P3: Nên REVIEW vì đáp án hải sản có vẻ đúng, nhưng triple hasIngredient bị sai và câu hỏi vẫn trả lời được dù triple này không đáng tin."
P1,llm_review,4795,image002067,test,ingredient_category,REVIEW,KEEP,low,answerable_despite_bad_triples;ingredient_category_error;pass_disagreement,"P1: Question matches the visible pot of thịt kho tàu and salad; the pot dish is the only one mainly providing animal protein, so answer B is correct. | P2: Món trong nồi đất là thịt kho tàu có trứng/thịt nên thuộc nhóm đạm động vật, nhưng triple phân loại trứng vịt thành 'Thịt' cần sửa. | P3: Answer B is visually plausible, but the supporting triple misclassifies duck egg as meat and prior passes disagree, so this should be reviewed rather than silently accepted."
P1,llm_review,4838,image002084,test,ingredient_category,REVIEW,KEEP,low,ambiguous_reference;incomplete_triples;missing_correct_choice;missing_egg_category;partial_support;pass_disagreement;wrong_gold_answer,"P1: Góc dưới cùng bên trái là chén nước tương, không phải món thuộc nhóm thịt; vì vậy đáp án A không chắc đúng và không có lựa chọn phù hợp cho nước tương. | P2: The triples correctly support Thịt luộc as pork/meat, but they do not support the second required item, Trứng hấp as an egg category. | P3: Reject: the lower-left reference likely points to nước tương rather than thịt luộc, choices lack that answer, and triples do not support the egg item."
P1,llm_review,5715,image001128,test,ingredient_category,REVIEW,KEEP,low,answer_supported_by_visual_not_triples;category_too_broad;incomplete_triples_support;minor_location_imprecision;missing_pho_xao_seafood_support;pass_disagreement,"P1: Gold answer D is correct: central pho uses beef/red meat while the stir-fried pho contains shrimp/seafood; choices are mutually exclusive, though the stir-fried pho location is slightly imprecise. | P2: Triples correctly support that central phở bò uses beef, but they do not support the phở xào seafood/shrimp side needed to justify answer D. | P3: Route to REVIEW because the answer is visually plausible, but triples_used do not support the seafood side and Pass 1/Pass 2 disagree."
P1,llm_review,5870,image001224,test,ingredient_category,REVIEW,KEEP,low,incomplete_triples_support;missing_bottom_dish_support;mixed_protein_bottom;multiple_plausible_choices;pass_disagreement,"P1: Question matches the image and D is the best answer: top soup uses minced meat while bottom-right squid dish is mainly seafood, though it also contains stuffed meat. | P2: Triples are correct and relevant for the top dish having minced meat, but they do not support the bottom-right squid/seafood category needed to fully justify answer D. | P3: Route to REVIEW because the bottom-right squid dish also contains meat stuffing, and the triples only justify the top dish, not the full comparison."
P1,llm_review,6055,image002304,test,ingredient_category,REVIEW,KEEP,low,ambiguous_question;gold_answer_likely_wrong;incomplete_triples_support;missing_support_for_second_choice;multiple_plausible_choices;pass_disagreement,"P1: Món trên cùng là tôm rim thuộc hải sản, nhưng món phía dưới là bò xào cần nước có thành phần chính dễ hiểu là bò/thịt đỏ, nên đáp án A hợp lý hơn C; C chỉ đúng nếu xem rau cần là thành phần chính. | P2: Triples correctly support that the top dish Tôm rim is seafood, but they do not support the second part about Bò xào cần nước/vegetable component. | P3: Không nên chấp nhận vì đáp án C phụ thuộc vào việc xem rau cần là thành phần chính, trong khi bò/thịt đỏ cũng rất hợp lý và triples chỉ hỗ trợ phần Tôm rim."
P1,llm_review,6148,image001243,test,ingredient_category,REVIEW,KEEP,low,incomplete_triples_used;missing_beef_category_support;missing_right_dish_category_support;pass_disagreement,"P1: Question matches the image and ingredient-category qtype; the top fried squid is seafood while the right stir-fried beef dish is red meat, so answer B is correct and choices are mutually exclusive. | P2: Các triple đúng và liên quan để xác định món phía trên là mực/hải sản, nhưng chưa có triple hỗ trợ món bên phải là bò/thịt đỏ. | P3: REVIEW vì triple chỉ chứng minh món phía trên là mực/hải sản, chưa hỗ trợ món bên phải là bò/thịt đỏ, và Pass 1/Pass 2 không đồng thuận."
P1,llm_review,6201,image001341,test,ingredient_category,REVIEW,KEEP,low,ambiguous_nutrition_inference;category_label_imprecise;insufficient_triple_support;missing_starch_support;multiple_plausible_choices;subjective_nutrition_inference,"P1: The image clearly shows chả cá and bún, so B is plausible, but judging nutritional dominance or balance from the image is somewhat subjective. | P2: Triple về chả cá có cá là đúng, nhưng phân loại cá thành 'Thịt' chưa chuẩn và thiếu triple hỗ trợ bún thuộc nhóm tinh bột để trả lời cân bằng đạm-tinh bột. | P3: REVIEW vì đáp án B dựa trên suy luận cân bằng dinh dưỡng khá chủ quan, trong khi triples_used thiếu hỗ trợ cho bún/tinh bột và phân loại cá chưa chuẩn."
P1,llm_review,6650,image000806,test,ingredient_category,REVIEW,KEEP,low,category_too_broad;pass_disagreement;triple_support_imprecise,"P1: Question matches the image and food context; the brown ingredient is beef, which belongs to the red meat group, and the choices are distinct category options. | P2: Các triple đúng hướng: phở bò có thịt bò, nhưng phân loại nên ghi rõ là thịt đỏ để hỗ trợ đáp án C. | P3: Route to REVIEW because Pass 1 and Pass 2 disagree, and the triples only support 'meat' broadly rather than the specific answer category 'red meat'."
P1,llm_review,9112,image000159,test,ingredient_category,REVIEW,KEEP,low,ambiguous_main_ingredient;pass_disagreement;triples_do_not_support_main_ingredient,"P1: Question matches the image and B has the correct position, but the top-left soup could be categorized by shrimp as seafood or rau muong as vegetables. | P2: Both triples correctly support that the upper-left dish contains shrimp and shrimp belongs to the seafood category, matching the VQA answer. | P3: Không nên silently accept vì món canh có cả rau muống và tôm; triples chỉ chứng minh có tôm, không chứng minh tôm là thành phần chính, và hai pass đang bất đồng."
P1,llm_review,9432,image000315,test,ingredient_category,REVIEW,KEEP,low,incomplete_triples;mixed_ingredient_category;pass_disagreement;visual_category_ambiguous,"P1: Question matches the central dish, and seafood is plausible due to shrimp, but the dish also contains pork belly so the ingredient category is somewhat ambiguous. | P2: Các triple đúng và hỗ trợ trực tiếp việc xác định món tôm rim thịt ba chỉ thuộc nhóm hải sản. | P3: Route to REVIEW because the dish mixes shrimp and pork belly, triples only support the shrimp/seafood side, and Pass 1 disagrees with Pass 2."
P1,llm_review,9609,image000403,test,ingredient_category,REVIEW,KEEP,low,answer_supported_but_triples_partly_invalid;invalid_self_ingredient_triple;invalid_triple_with_non_drop_score;pass_disagreement,"P1: Question correctly refers to the fried fish at the upper right; the main ingredient is seafood and the choices are clear single-category options. | P2: The seafood category triple correctly supports the answer, but the ingredient triple is self-referential and unsuitable. | P3: Answer is visually clear, but Pass 1/Pass 2 disagree and one supporting triple is self-referential, so this should be reviewed rather than silently accepted."
P1,llm_review,9765,image000242,test,ingredient_category,REVIEW,KEEP,low,answerable_despite_irrelevant_triples;incomplete_answer_support;incomplete_triple_support;pass_disagreement;specific_ingredient_uncertain;unsupported_specific_ingredient,"P1: Question matches the image and description; lower-left dish is chicken/poultry and upper-right dish is leafy vegetable soup, so answer D is uniquely correct. | P2: Triples support the vegetable category for the upper-right soup, but the specific ingredient rau muong is not certain and there is no support for the lower-left poultry dish. | P3: D is likely correct, but triples_used are incomplete/over-specific and the prior passes disagree, so this should be reviewed rather than silently accepted."
P1,llm_review,10334,image001961,test,ingredient_category,REVIEW,KEEP,low,category_mismatch;misleading_triples;missing_correct_choice;pass_disagreement;unsupported_food_fact;wrong_gold;wrong_ingredient_category,"P1: Top-left dish is tofu with scallions, not a grain/cereal item, so gold answer B is not correct and the choices omit the proper tofu/legume-protein category. | P2: Triple về đậu hũ là đúng, nhưng phân loại đậu hũ thành nhóm ngũ cốc không chính xác về mặt thực phẩm. | P3: DROP: đậu hũ không thuộc nhóm ngũ cốc, nên đáp án B và triple phân loại đều sai; lựa chọn đúng cũng không có trong các phương án."
P1,llm_review,10762,image001731,test,ingredient_category,REVIEW,KEEP,low,ambiguous_target_category;missing_correct_choice;missing_mixed_protein_option;mixed_ingredient_category;oversimplified_triples;pass_disagreement,"P1: Món dưới bên trái là tôm rim thịt, gồm cả hải sản và thịt nên đáp án 'Nhóm hải sản' chỉ đúng một phần và lựa chọn thiếu nhóm đạm/thịt hoặc hỗn hợp. | P2: Món phía dưới bên trái là tôm rim thịt; tôm là nguyên liệu chính và thuộc nhóm hải sản, phù hợp đáp án C. | P3: Món dưới bên trái là tôm rim thịt gồm cả tôm và thịt, trong khi đáp án và triples chỉ xét hải sản; hai pass cũng bất đồng nên cần REVIEW."
P1,llm_review,11009,image001801,test,ingredient_category,REVIEW,KEEP,low,answer_independent_of_bad_triple;minor_category_ambiguity;minor_field_issue;unsupported_triple,"P1: Question matches the bottom-left fried fish in the image, and the correct food category is seafood. | P2: The bottom-left dish is fried fish, which belongs to the seafood category; only the first triple has a minor self-referential ingredient issue. | P3: Visual answer is likely D, but the triples_used include a wrong self-referential ingredient fact, so it should not be silently accepted."
P1,llm_review,11255,image000284,test,ingredient_category,REVIEW,KEEP,low,ambiguous_question;answer_mismatch;misclassified_ingredient;missing_key_ingredient_com;no_single_correct_choice;pass_disagreement_or_non_accept;unsupported_food_fact;wrong_triples_used,"P1: Question targets xôi cốm hạt sen; cốm is a cereal grain, but the white ivory lotus seeds are not clearly in the cereal group, so answer D does not fully satisfy the wording. | P2: Triple về hạt sen là đúng, nhưng phân loại hạt sen là ngũ cốc chưa chuẩn; đáp án D nên được hỗ trợ bởi cốm/gạo nếp thuộc nhóm ngũ cốc. | P3: DROP vì đáp án D dựa trên triple sai/phân loại hạt sen là ngũ cốc, trong khi câu hỏi yêu cầu cả cốm và hạt sen cùng thuộc một nhóm nên không có lựa chọn đúng rõ ràng."
P1,llm_review,11290,image000332,test,ingredient_category,REVIEW,KEEP,low,over_specific_ingredient;pass_disagreement;triples_partly_unsupported,"P1: Question matches the image and food context; the brown grilled meat is correctly categorized as meat/protein, and choices are distinct with only D correct. | P2: Triples support the meat category answer, but the exact pork cut is too specific for the image evidence. | P3: Route to REVIEW because the visual answer is likely correct, but the triples include an unsupported specific meat cut and prior verifiers disagree."
P1,llm_review,11355,image000403,test,ingredient_category,REVIEW,KEEP,low,answerable_despite_bad_triples;missing_soup_category_support;pass_disagreement;self_ingredient;unsupported_red_meat_claim,"P1: Question matches the image and food items; fried fish is seafood and bone soup is an animal-protein/meat-based dish, so C is the only correct choice. | P2: Triple về nhóm thủy hải sản của cá chiên là đúng, nhưng triple nguyên liệu tự trỏ không phù hợp và chưa có triple hỗ trợ nhóm của canh xương hầm. | P3: Nên REVIEW vì triple bị lỗi và không hỗ trợ phân loại canh xương hầm là thịt đỏ, trong khi hai pass trước cũng bất đồng."
P1,llm_review,11403,image000465,test,ingredient_category,REVIEW,KEEP,low,ambiguous_choice;category_mismatch;missing_bottom_item_support;missing_required_triple;pass_disagreement;unsupported_food_fact;wrong_gold_answer,"P1: Món bên trái là chả cá và món phía dưới là tôm rim, cả hai đều thuộc nhóm hải sản nên đáp án đúng phải là A, không phải D. | P2: Triple về chả cá có cá là hợp lý, nhưng phân loại cá là thịt gây tranh cãi trong VQA này và thiếu triple hỗ trợ món tôm rim ở phía dưới. | P3: Gold D is not reliable because fish should plausibly be grouped with seafood here, making A the better answer; triples also omit tôm rim and contain a disputed category fact."
P1,llm_review,11406,image000466,test,ingredient_category,REVIEW,KEEP,low,missing_triple_support;partial_support_only;visual_category_ambiguity,"P1: Question matches the image: bottom dish is tôm rim seafood, upper-right bowl is canh chua sườn from livestock meat, so answer B is correct and choices are distinct. | P2: Các triple đúng và liên quan đến món tôm rim ở dưới cùng, nhưng chưa hỗ trợ phần món canh chua sườn ở góc trên bên phải. | P3: REVIEW vì triples chỉ chứng minh Tôm rim là hải sản, chưa hỗ trợ Canh chua sườn thuộc thịt gia súc; phần này dựa vào mô tả hơn là bằng chứng trực tiếp."
P1,llm_review,11442,image000499,test,ingredient_category,REVIEW,KEEP,low,incomplete_triples;partial_support;pass_disagreement,"P1: Question matches the image: the top dish is chicken and the right dish is boiled pork hock, both are animal-based foods, so answer C is correct and choices are distinct. | P2: Các triple đúng và liên quan đến món phía trên là gà thuộc nhóm thịt/động vật, nhưng chưa có triple hỗ trợ món bên phải là thịt chân giò cũng thuộc nhóm động vật. | P3: Answer C is visually plausible, but triples_used only justify the top chicken dish and do not support the right pork hock dish, while Pass 1 and Pass 2 disagree."
P1,llm_review,11465,image000521,test,ingredient_category,REVIEW,KEEP,low,answerable_without_triples;triples_partially_irrelevant;unsupported_food_fact,"P1: Question matches the lower-left dish (lòng gà xào trứng non); its main ingredient fits the meat category and it is below-left of the central cà pháo bowl, with only choice D correct. | P2: Các triples phù hợp với món lòng gà xào trứng non ở góc dưới bên trái và hỗ trợ chọn nhóm thịt trong ngữ cảnh đáp án. | P3: Answer D is visually plausible, but the supporting triples rely on the questionable claim that trứng non belongs to the meat category and do not directly encode lòng gà as the main ingredient."
P1,llm_review,11495,image000567,test,ingredient_category,REVIEW,KEEP,low,answer_supported_by_wrong_triples;missing_key_support;pass_disagreement;unsupported_food_fact;wrong_ingredient_category,"P1: Question matches the image and description; the top-left dish is thịt kho trứng, a meat dish, diagonally opposite the cà pháo bowl. | P2: Một triple quan trọng gán trứng vịt vào nhóm thịt là sai; câu hỏi cần hỗ trợ nhóm thịt từ phần thịt trong món thịt kho trứng. | P3: DROP vì triples_used gán trứng vịt vào nhóm thịt là sai và Pass 1/Pass 2 bất đồng, dù đáp án D có vẻ đúng theo hình ảnh."
P1,llm_review,11531,image000614,test,ingredient_category,REVIEW,KEEP,low,incomplete_triples_for_compared_items,"P1: Question matches the image and asks the shared main ingredient category of the top-left shrimp dish and bottom-right shrimp stir-fry; both are seafood, and only choice C is correct. | P2: Các triple đúng và phù hợp: món góc trên trái là tôm rim, nguyên liệu chính là tôm, và tôm thuộc nhóm hải sản; điều này hỗ trợ đáp án C. | P3: Đáp án C có vẻ đúng theo hình ảnh, nhưng triples_used chỉ chứng minh món góc trên trái là tôm/hải sản, chưa hỗ trợ món góc dưới phải nên không nên silently accept."
P1,llm_review,11590,image000667,test,ingredient_category,REVIEW,KEEP,low,answerable_without_triples;incomplete_support;location_mismatch,"P1: Question matches the image and described positions; phở bò and gỏi bò both have beef/meat as the main ingredient category, so A is uniquely correct. | P2: Các triple đúng và liên quan: phở bò có thịt bò, thuộc nhóm thịt; tuy nhiên chưa hỗ trợ trực tiếp phần so sánh với gỏi bò. | P3: Route to REVIEW because the triples only justify phở bò as meat and do not directly support gỏi bò or the comparison, plus the gỏi bò location is slightly inconsistent."
P1,llm_review,11593,image000670,test,ingredient_category,REVIEW,KEEP,low,ambiguous_visual_evidence;incomplete_answer_support;incomplete_triple_support;missing_kho_quet_support;pass_disagreement;unsupported_kho_quet_category,"P1: Question matches the image and listed dishes; canh tom is seafood and kho quet is reasonably categorized as red meat, with choices being same-type and only C correct. | P2: The triples correctly support Canh tôm as seafood, but they do not support the Kho quẹt category needed to justify the full answer C. | P3: Route to REVIEW because only Canh tôm is supported as seafood; Kho quẹt as red meat is unsupported and visually ambiguous, and the prior passes disagree."
P1,llm_review,11611,image000698,test,ingredient_category,REVIEW,KEEP,low,bad_ingredient_category;category_mismatch;missing_correct_choice;pass_disagreement;unsupported_triple;wrong_gold_answer,"P1: Question correctly points to the stir-fried mushroom dish, but mushrooms are not leafy vegetables; no choice accurately represents the main ingredient category. | P2: Món góc trên trái là nấm xào và nguyên liệu nấm là đúng, nhưng phân loại nấm thành nhóm rau lá không thật chính xác về mặt thực phẩm. | P3: Nấm xào is clear, but mushrooms are not leafy vegetables; the gold answer relies on an unsupported category triple and lacks a truly correct option."
P1,llm_review,11680,image000806,test,ingredient_category,REVIEW,KEEP,low,incomplete_triples_used;missing_side_item_support;pass_disagreement;potential_category_ambiguity,"P1: Question matches the image: central phở bò contains beef as animal-based food, while the right-side quẩy is a starch-based fried dough; choices are mutually exclusive and same-type. | P2: Các triple về phở bò và thịt bò là đúng và liên quan, nhưng chưa có triple hỗ trợ món quẩy bên phải thuộc nhóm tinh bột. | P3: Route to REVIEW because the answer relies on quẩy being starch, but triples_used only support beef in phở bò and Pass 1/Pass 2 disagree."
P1,llm_review,11778,image001159,test,ingredient_category,REVIEW,KEEP,low,incomplete_support;incomplete_triple_support;nutrition_inference_not_triple_supported,"P1: Question matches the image and qtype; the left dish is boiled meat, while the right dish combines green beans and meat, so C is correct and choices are unambiguous. | P2: Các triple đúng và hỗ trợ việc xác định đĩa bên trái là món thịt, nhưng chưa bao phủ phần so sánh với đậu que xào thịt bên phải. | P3: Visual answer is likely C, but triples only support the left meat dish and omit the right dish/nutrition-balance claim, so this should be reviewed rather than silently accepted."
P1,llm_review,11804,image001174,test,ingredient_category,REVIEW,KEEP,low,incomplete_triples_for_two_part_question;missing_egg_support;potential_category_ambiguity,"P1: Question matches the image and asks ingredient categories; sweet potato soup fits root vegetable and egg dish fits poultry/egg category, with only D fully correct. | P2: Các triple đúng và hỗ trợ phần món canh khoai lang thuộc nhóm rau ăn củ, nhưng chưa có triple hỗ trợ món trứng thuộc nhóm gia cầm. | P3: Nên REVIEW vì đáp án D có vẻ đúng theo ảnh, nhưng triples_used chỉ chứng minh phần canh khoai lang và không hỗ trợ phân loại món trứng."
P1,llm_review,11830,image001224,test,ingredient_category,REVIEW,KEEP,low,missing_bottom_right_support;missing_seafood_support;missing_vegetable_category_support;missing_vegetable_support;partial_support;partial_triple_support;pass_disagreement,"P1: Question matches the image and positions; top soup is rau ngót with minced meat, while bottom-right dish is squid/seafood, so answer B is correct and choices are distinct. | P2: Các triple đúng và liên quan đến món canh phía trên, nhưng chưa hỗ trợ đầy đủ phần rau của món canh và nhóm hải sản của món phía dưới bên phải. | P3: Route to REVIEW because the correct choice is visually plausible, but the triples only support meat in the top soup and omit both rau ngót and the seafood dish needed for the comparison."
P1,llm_review,11866,image001243,test,ingredient_category,REVIEW,KEEP,low,comparison_not_supported_by_triples;incomplete_support,"P1: Question matches the image and asks ingredient category by position; the top dish is fried squid/seafood and the right dish is beef/red meat, so C is uniquely correct. | P2: Các triple đúng và liên quan: món phía trên là mực chiên, mực thuộc hải sản; tuy nhiên chúng chưa hỗ trợ phần so sánh với bò xào su hào là thịt đỏ. | P3: Đáp án C hợp lý theo ảnh, nhưng triples_used chỉ chứng minh phần mực/hải sản và không hỗ trợ phân loại bò xào su hào là thịt đỏ."
P1,llm_review,11984,image001333,test,ingredient_category,REVIEW,KEEP,low,incomplete_support;missing_right_item_triple;pass_disagreement,"P1: Question matches the image and asks ingredient category: left bamboo tray is boiled pork belly (meat), right bamboo tray is shrimp (seafood), so A is correct and choices are unambiguous. | P2: Các triple về thịt ba chỉ là đúng và liên quan đến khay tre bên trái, nhưng chưa có triple hỗ trợ món tôm rang ở khay tre bên phải thuộc nhóm hải sản. | P3: Answer A is visually plausible, but triples_used are incomplete because they support only the left meat dish and not the right seafood dish, and Pass 1/Pass 2 disagree."
P1,llm_review,11994,image001341,test,ingredient_category,REVIEW,KEEP,low,taxonomy_label_ambiguous;triple_requires_food_knowledge,"P1: Question matches the image and description; chả cá in the central pan is the main animal-protein source, while bún starch is on the left. | P2: Các triple đúng và hỗ trợ câu trả lời: chả cá làm từ cá, cá thuộc nhóm đạm động vật/thịt ở trung tâm chảo, đối lập với bún tinh bột bên trái. | P3: Route to REVIEW because the visual layout supports C, but the triple maps fish to 'Thịt', a potentially ambiguous category label for cá."
P1,llm_review,12018,image001372,test,ingredient_category,REVIEW,KEEP,low,answerable_without_triples;pass_disagreement;specific_ingredient_uncertain;triples_partly_unsupported,"P1: Question matches the visible canh rau, meat dishes, and ingredient_category qtype; B is the only fully correct and non-ambiguous choice. | P2: Triples support the answer category Rau, but the exact soup vegetable as Rau Muong is not clearly evidenced from the image. | P3: Route to REVIEW because the correct broad category is visually likely, but the Rau Muống triple is unsupported and prior verifier outputs disagree."
P1,llm_review,12048,image002206,test,ingredient_category,REVIEW,KEEP,low,ambiguous_category;compound_question;irrelevant_support;irrelevant_triples;missing_spatial_relation;missing_target_dish;pass_disagreement;unsupported_food_category;visual_ambiguity,"P1: The lower-right stir-fried dish is correctly located below the gỏi tôm thịt, but its ingredient category as meat is not clearly verifiable from the image/description and the question mixes category with spatial relation. | P2: Triples mention pork in gỏi tôm thịt rather than proving the bottom-right dish is meat and located below the gỏi. | P3: Triples do not support the queried bottom-right dish, and its meat category is not clearly verifiable from the image, so the row should not be silently accepted."
P1,llm_review,12062,image002246,test,ingredient_category,REVIEW,KEEP,low,incomplete_support_for_vegetable_side;incomplete_triple_support;minor_spatial_mismatch;pass_disagreement;spatial_mismatch,"P1: Answer A is correct for beef pho plus fresh herbs/bean sprouts, but the question says the side vegetable plate is at the lower right while the lower-right item is the vinegar garlic chili bowl. | P2: Các triple đúng và liên quan đến thịt bò trong phở, hỗ trợ nhóm đạm động vật, nhưng chưa có triple về giá đỗ/rau thơm thuộc nhóm thực vật tươi. | P3: Route to REVIEW because the correct answer is plausible, but there is a spatial mismatch and the triples do not support the vegetable side while prior passes disagree."
P1,llm_review,14089,image001869,test,ingredient_category,REVIEW,KEEP,low,answerable_despite_missing_triples;incomplete_triple_support;missing_potato_category_support,"P1: Question matches the image and food list; the lower-center dish is grilled meat skewers while the lower-left potato croquettes are starch, so D is correct and choices are unambiguous. | P2: Triples correctly support that the lower-center skewered dish is meat-based, but they do not support the potato dish being starch. | P3: D is plausible from the image and food names, but triples only prove the meat category and omit support that khoai tây kén is starch, so route to review."
P1,llm_review,14117,image001893,test,ingredient_category,REVIEW,KEEP,low,category_taxonomy_ambiguity;missing_spatial_support;partial_support;partial_triple_support,"P1: Câu hỏi khớp ảnh: món trung tâm là gà nướng thuộc nhóm thịt, món phía trên bên phải là nấm nướng thuộc nhóm rau củ/nấm, và món trung tâm nằm thấp hơn món kia. | P2: Các triple đúng và liên quan vì món trung tâm là gà nướng thuộc nhóm thịt, nhưng chưa hỗ trợ phần món nấm ở phía trên bên phải và quan hệ vị trí. | P3: Route to REVIEW because triples only justify the central chicken category, while the mushroom/rau củ classification and relative position are unsupported and mildly ambiguous."
P1,llm_review,14147,image001924,test,ingredient_category,REVIEW,KEEP,low,flavor_inference_not_visual;triples_partially_irrelevant;unsupported_answer_clause,"P1: Câu hỏi khớp ảnh và mô tả; nguyên liệu hồng nhạt là tôm thuộc nhóm hải sản, đáp án B đúng và các lựa chọn còn lại khác loại, không gây nhập nhằng. | P2: Các triple đúng và trực tiếp hỗ trợ đáp án: nguyên liệu màu hồng nhạt là tôm trong tô Mì Quảng, thuộc nhóm hải sản. | P3: Shrimp as seafood is supported, but the salty-sweet balance comparison with the fish sauce is not supported by the triples or reliably visible evidence."
P1,llm_review,14149,image001927,test,ingredient_category,REVIEW,KEEP,low,category_too_narrow;pass_disagreement;triple_partially_unsupported,"P1: Question correctly refers to the top-right mixed vegetable dish; baby corn, mushrooms, and asparagus fit the vegetable/produce category, and only choice C is correct. | P2: Triple 0 correctly supports the mixed vegetable dish, but triple 1 should be broadened to match the answer category rau lá và củ quả. | P3: Route to REVIEW because Pass 1 and Pass 2 disagree, and the ingredientCategory triple is too narrow for the mixed vegetable dish."
P1,llm_review,14191,image001972,test,ingredient_category,REVIEW,KEEP,low,answer_partially_supported;incomplete_triples_used;missing_left_dish_support,"P1: Question matches the image and food list; center dish is grilled chicken/meat while left shrimp dish is seafood, so A is uniquely correct. | P2: Các triple đúng và liên quan đến món gà nướng ở trung tâm, nhưng chưa hỗ trợ phần tôm nướng thuộc nhóm hải sản. | P3: Answer A is visually plausible, but triples_used do not support the shrimp/seafood side of the comparison, so it should be reviewed rather than silently accepted."
P1,llm_review,14223,image002019,test,ingredient_category,REVIEW,KEEP,low,category_too_broad;incomplete_triples_for_question;missing_bun_bo_support;pass_disagreement,"P1: Question matches the image and ingredient_category qtype; both central phở bò and lower-left bún bò contain beef/red meat as the protein, and only choice C is correct. | P2: Triples support that central phở bò contains beef, but they do not cover bún bò and the category should be red meat to justify answer C. | P3: Route to REVIEW because the answer may be visually plausible, but triples_used are incomplete and too broad, and the two prior passes disagree."
P1,llm_review,14251,image002064,test,ingredient_category,REVIEW,KEEP,low,answerable_despite_bad_triples;invalid_triple;invalid_triple_with_non_drop_score;object_label_mismatch;pass_review_agreement;question_choice_mismatch;self_referential_ingredient;unsupported_reference,"P1: The target dish is the fried fish, so answer D is correct, but the question asks about shape while choices describe color, and 'rau cải luộc' does not match the listed salad/visual clearly. | P2: Món được hỏi là cá chiên thuộc nhóm thủy hải sản, nhưng triple hasIngredient tự trỏ về chính món ăn nên không phù hợp. | P3: Row có đáp án D hợp lý về mặt hình ảnh, nhưng câu hỏi, lựa chọn và triples_used đều có lỗi nên cần REVIEW thay vì KEEP."
P1,llm_review,14254,image002067,test,ingredient_category,REVIEW,KEEP,low,answerable_without_triples;ingredient_category_mismatch;irrelevant_or_insufficient_triples;pass_disagreement,"P1: Question matches the lower-right clay pot dish; Thịt kho tàu is animal-based protein, making answer B correct and the other choices clearly incorrect. | P2: Món trong nồi đất là thịt kho tàu có trứng, phù hợp nhóm thực phẩm từ động vật, nhưng triple phân loại trứng vịt là 'Thịt' chưa chính xác. | P3: Route to REVIEW because the answer B is visually plausible, but the triples are incomplete and incorrectly classify duck egg as meat, and prior passes disagree."
P1,llm_review,14320,image002166,test,ingredient_category,REVIEW,KEEP,low,irrelevant_or_insufficient_triples;missing_spatial_support;no_correct_choice;spatial_mismatch;unsupported_ingredient_category;wrong_answer;wrong_ingredient_category,"P1: Tô mì là nhóm tinh bột và nằm bên trái/dưới-trái so với bát đậu nành Nhật, nhưng đáp án D nói rau lá và bên phải; không có lựa chọn đúng. | P2: Triple về nấm trong mì là hợp lý, nhưng phân loại nấm là rau lá sai và không hỗ trợ quan hệ vị trí so với bát đậu nành Nhật. | P3: DROP: đáp án D sai cả phân loại lẫn vị trí; triples_used phân loại nấm là rau lá không được hỗ trợ và không có lựa chọn đúng rõ ràng."
P1,llm_review,14331,image002182,test,ingredient_category,REVIEW,KEEP,low,ambiguous_main_nutrition_category;category_too_broad;pass_disagreement;triple_support_incomplete,"P1: Question matches the pho bo image and ingredient-category qtype; beef is the main ingredient category, so red meat is correct and choices are distinct. | P2: The image and VQA support beef as the main ingredient of phở bò, but the category triple should specify red meat. | P3: Route to REVIEW because verifier outputs disagree and the supporting category triple does not directly justify 'thịt đỏ', while the wording leaves starch vs red meat somewhat ambiguous."
P1,llm_review,14376,image002297,test,ingredient_category,REVIEW,KEEP,low,incomplete_triple_support;missing_position_support,"P1: Question matches the image and description; the brown quail dish is a meat item positioned to the right of the vegetable broth bowl, so A is uniquely correct. | P2: Các triple đúng và hỗ trợ phần nhóm thực phẩm là thịt, nhưng chưa nêu quan hệ vị trí bên phải bát nước rau luộc. | P3: Answer A is visually plausible, but triples_used only justify 'meat' and not the required spatial relation, so this should be reviewed rather than silently kept."
P1,llm_review,14381,image002304,test,ingredient_category,REVIEW,KEEP,low,incomplete_triples_used;missing_beef_category_support,"P1: Question matches the image and asks ingredient categories; top dish is shrimp/seafood and beef stir-fry is red meat, so C is correct with no ambiguous choices. | P2: Các triple về tôm rim và nhóm hải sản đều đúng và liên quan, nhưng thiếu triple hỗ trợ phân loại nguyên liệu chính của bò xào cần nước. | P3: C likely correct, but triples_used thiếu bằng chứng cho phân loại thịt đỏ của bò nên không nên silently accept."
P1,llm_review,214,image001296,test,ingredients,REVIEW,KEEP,low,triple_partial_support_only;unsupported_food_fact,"P1: Question aligns with the image and ingredients; cà ri gà is the left yellow-orange dish containing chicken, and the other choices are distinct and not also correct. | P2: Triple đúng và hỗ trợ trực tiếp cho câu hỏi: cà ri gà có nguyên liệu chính là thịt gà. | P3: Answer B is likely visually correct, but the claimed role of chicken in flavor/texture is not supported by the triple or image, so it should be reviewed."
P1,llm_review,574,image000100,test,ingredients,REVIEW,KEEP,low,irrelevant_triple;missing_required_support;pass_disagreement;unsupported_food_fact,"P1: Question matches the image and description; B correctly identifies đậu que, cà rốt, củ cải and the choices are mutually exclusive with only one correct answer. | P2: Triple về gà luộc không hỗ trợ trả lời câu hỏi về đậu que, cà rốt, củ cải và vai trò cân bằng nem rán. | P3: DROP vì triple về gà luộc không liên quan đến câu hỏi rau củ luộc/nem rán, và hai lượt verifier đã bất đồng rõ ràng."
P1,llm_review,602,image000112,test,ingredients,REVIEW,KEEP,low,irrelevant_triple;missing_answer_support;pass_disagreement,"P1: Question matches the image and description; the orange-red top-right dish is xôi gấc made from glutinous rice with gac, positioned above/right of the fried tofu plate, and only choice B is correct. | P2: The triple may be generally true but is irrelevant to answering that xôi gấc is made from glutinous rice mixed with gấc and is above-right of the fried tofu plate. | P3: Không nên silently accept vì hai pass mâu thuẫn và triple được dùng không hỗ trợ món xôi gấc hay vị trí của nó so với đậu hũ chiên."
P1,llm_review,757,image000201,test,ingredients,REVIEW,KEEP,low,triple_partial_support;unsupported_food_fact,"P1: Question matches the top dish (rau muống xào); gold answer D is correct and the choices are distinct with only one correct option. | P2: Triple correctly supports that the top dish is rau muống xào made from rau muống, matching answer D. | P3: Route to REVIEW because the answer is likely correct, but the question/choice relies on unsupported culinary facts beyond the provided triple and visual evidence."
P1,llm_review,776,image000215,test,ingredients,REVIEW,KEEP,low,ambiguous_question;irrelevant_triple;missing_answer_support;multiple_plausible_choices;pass_disagreement,"P1: Gold A is correct if referring to the coconut strips in the pork dish itself, but the soup also contains pale/white ingredients similar to coconut, making B plausible. | P2: Triple về móng giò hầm củ quả không hỗ trợ đáp án A, vốn cần thông tin về ba chỉ kho dừa và vị trí bên phải đĩa bí ngô. | P3: DROP vì câu hỏi mơ hồ, A/B đều có thể hợp lý theo màu trắng ngà, và triple_used không hỗ trợ đáp án."
P1,llm_review,914,image001408,test,ingredients,REVIEW,KEEP,low,answer_from_image_only;triples_not_answer_supporting,"P1: Question matches the image and description; the red chili on top is the clearly correct and unique answer. | P2: Triple is factually correct and relevant to the dish/premise, though it only supports the main chicken component and not the red chili answer directly. | P3: Answer C is visually clear, but triples_used do not support the actual queried ingredient, so this should be reviewed rather than silently kept."
P1,llm_review,946,image001424,test,ingredients,REVIEW,KEEP,low,ambiguous_visual_evidence;knowledge_not_supported_by_triples;missing_answer_support;pass_disagreement,"P1: Question is grounded in the visible gỏi cuốn and typical ingredient pairing; shrimp is the correct and uniquely valid choice. | P2: Triple is factually relevant because gỏi cuốn often includes pork, but it does not support the answer ingredient tôm tươi. | P3: Answer tôm tươi is plausible for gỏi cuốn, but the triple only mentions thịt heo and does not support the answer; Pass 1 and Pass 2 also disagree."
P1,llm_review,1001,image001459,test,ingredients,REVIEW,KEEP,low,answer_choice_incomplete;minor_location_ambiguity;triple_not_needed_for_answer,"P1: Question matches the bún đậu mắm tôm image and C correctly identifies the pale purplish dipping sauce/mắm tôm; choices are distinct and only C fits. | P2: Triple đúng và hữu ích: mắm tôm là sốt chấm màu tím nhạt trong mẹt bún đậu, thành phần cốt lõi được làm từ tôm/ruốc lên men. | P3: Choice C is likely intended, but it does not answer the ingredient part of the question, so the row should be reviewed rather than silently kept."
P1,llm_review,1035,image001490,test,ingredients,REVIEW,KEEP,low,answerable_without_triples;irrelevant_triple;missing_answer_support;pass_disagreement,P1: Question matches the image and ingredient description; roast pork is the only choice fitting the dark crispy skin with fat and pink-white meat layers. | P2: Triple không hỗ trợ nhận diện đáp án Thịt heo quay trong câu hỏi. | P3: DROP vì triple được dùng không liên quan đến đáp án Thịt heo quay và hai verifier trước bất đồng rõ ràng.
P1,llm_review,1211,image001589,test,ingredients,REVIEW,KEEP,low,non_discriminative_choice_component;partly_external_food_knowledge;triple_incomplete,"P1: Question matches the image and description; the dish left of the braised pork leg is stir-fried eggplant with scallions, so answer B is correct and choices are unambiguous. | P2: Triple đúng và liên quan: món bên trái tô chân giò kho là cà tím xào, có nguyên liệu chính là cà tím; tuy nhiên chưa hỗ trợ phần hành lá. | P3: Answer B is visually plausible, but triples_used only support cà tím and not hành lá, while all choices share hành lá, so the row should be reviewed rather than silently accepted."
P1,llm_review,1280,image001614,test,ingredients,REVIEW,KEEP,low,ambiguous_or_conflicting_ingredient_clue;irrelevant_triple;missing_required_support;pass_disagreement,"P1: Question matches the image and description: the lower-left dish is gà kho gừng, its ingredient is ginger, and it is below-left of the central thịt kho tiêu pot. | P2: Triple về rau cải luộc không hỗ trợ trả lời câu hỏi về nguyên liệu gừng của món gà kho gừng ở góc dưới bên trái. | P3: DROP vì triple không liên quan, hai pass mâu thuẫn, và câu hỏi gợi màu vàng nghệ nhưng đáp án lại là gừng nên dễ gây nhập nhằng."
P1,llm_review,1315,image001633,test,ingredients,REVIEW,KEEP,low,incomplete_triples_used;missing_spatial_support;multiple_correct_choices;near_duplicate_choices;pass_disagreement,"P1: Question matches the image and C is correct, but A is also effectively correct because the green xoi is made from pandan leaves and located above the purple xoi. | P2: Triple correctly supports that the green xôi vị lá dứa is made with lá dứa, but it does not cover the asked spatial relation to the purple xôi. | P3: Reject because A and C are both plausible correct answers, and triples_used only support the ingredient, not the spatial relation."
P1,llm_review,1622,image001809,test,ingredients,REVIEW,KEEP,low,irrelevant_triple;missing_answer_support;pass_disagreement;unsupported_food_fact,"P1: Question matches the bottom-right shrimp and snow pea dish; the orange flower-cut ingredient is carrot, and other choices are plausible same-type but not correct. | P2: The triple may be visually true but is irrelevant to identifying cà rốt in the shrimp and snow pea stir-fry. | P3: Answer carrot is visually plausible, but the supporting triple is unrelated and does not justify the ingredient role, so the row should not be silently accepted."
P1,llm_review,2621,image002186,test,ingredients,REVIEW,KEEP,low,triple_under_supports_question;unsupported_food_fact;visual_ambiguity,"P1: Câu hỏi khớp với tô phở cạnh cơm chiên; thịt bò là đáp án đúng và các lựa chọn đều là nguyên liệu riêng biệt, không có đáp án đúng thứ hai rõ ràng. | P2: Triple đúng và trực tiếp hỗ trợ đáp án: phở trong ảnh có thịt bò, phù hợp với lựa chọn C. | P3: Route to REVIEW because the answer may be correct, but the claim that beef creates the broth sweetness/color is not supported by the provided triple or clear visual evidence."
P1,llm_review,2716,image002242,test,ingredients,REVIEW,KEEP,low,knowledge_based_answer;triple_partial_support;visual_evidence_insufficient,"P1: Question matches the image and qtype; the nem rán filling is typically minced pork with wood ear mushroom and vermicelli, and the other choices are distinct incorrect fillings. | P2: Triple is factually correct and relevant: nem rán commonly contains pork, supporting choice A about pork filling with mộc nhĩ and miến. | P3: Nem rán is barely visible and its filling cannot be seen; the triple only supports pork, not the full A filling, so this should be reviewed rather than silently kept."
P1,llm_review,2767,image002280,test,ingredients,REVIEW,KEEP,low,irrelevant_triple;missing_answer_support;pass_disagreement,"P1: Question matches the spring rolls on the bamboo mat; shrimp is visibly the pink ingredient and the choices are comparable with only one correct answer. | P2: Triple đúng về cơm gà nhưng không hỗ trợ câu hỏi về nhân hồng nhạt của gỏi cuốn, tức là tôm. | P3: Row should not be accepted because the supporting triple is irrelevant to the gỏi cuốn shrimp question, and Pass 1/Pass 2 disagree."
P1,llm_review,3387,image000499,test,ingredients,REVIEW,KEEP,low,incomplete_triples_used;visual_leaf_ambiguous,"P1: Question matches the top dish in the image; it is chicken with lime leaves, and only choice A is correct. | P2: Triple đúng và liên quan: món phía trên là gà rang lá chanh, có thành phần chính là thịt gà. | P3: Answer A is likely correct, but the supporting triple only covers chicken and does not substantiate the lime leaf part of the question."
P1,llm_review,3404,image000504,test,ingredients,REVIEW,KEEP,low,irrelevant_triple;missing_key_support;pass_disagreement,"P1: Question matches the image and description; turmeric is the likely ingredient for the yellow color, and the bowl is immediately to the right of the fried tofu plate. | P2: Triple về mướp xào không hỗ trợ trả lời câu hỏi về nguyên liệu nghệ và vị trí của món ốc nấu chuối đậu. | P3: Reject because the answer is visually plausible, but the provided triple is irrelevant and Pass 1/Pass 2 disagree."
P1,llm_review,3424,image000521,test,ingredients,REVIEW,KEEP,low,incomplete_triple_support;unsupported_texture_claim,"P1: Question correctly refers to the lower-left dish; lòng gà and trứng non match the gray-brown and orange-yellow ingredients, and the other choices are clearly incorrect. | P2: Triple is correct and relevant: the lower-left dish is lòng gà xào trứng non, and lòng gà is a main ingredient supporting choice D. | P3: D likely matches the lower-left dish, but the texture part is not supported by the image/triple, so this should be reviewed rather than silently accepted."
P1,llm_review,3753,image000761,test,ingredients,REVIEW,KEEP,low,triple_under_supports_question;unsupported_functional_claim,"P1: Question matches the visible top-right stir-fried water spinach dish; gold answer C is correct and the other vegetable choices are unambiguous distractors. | P2: Triple correctly supports that rau muống is the main ingredient of the dark green stir-fried dish in the upper right, matching the VQA answer. | P3: Ingredient identification is clear, but the claimed role in texture/flavor is not supported by the image or triples."
P1,llm_review,3787,image000775,test,ingredients,REVIEW,KEEP,low,irrelevant_triple;missing_answer_support;pass_disagreement,"P1: Question matches the image and description; the lower-right rau sống plate contains yellow pineapple, and the choices are same-type with only D correct. | P2: Triple về thịt luộc không hỗ trợ xác định nguyên liệu dứa vàng trong đĩa rau sống. | P3: DROP vì triple về thịt luộc không hỗ trợ câu hỏi về dứa vàng trong đĩa rau sống, và hai pass trước đang bất đồng."
P1,llm_review,3880,image000829,test,ingredients,REVIEW,KEEP,low,knowledge_dependent_answer;triple_under_specific;visual_ingredient_not_verifiable,"P1: Question matches the visible stuffed bitter melon soup; pork mince is the main filling ingredient, and the other choices are plausible but not equally correct as the main ingredient. | P2: Triple correctly supports that stuffed bitter melon soup uses pork in the filling, matching answer A. | P3: Ảnh nhận ra món canh khổ qua nhồi thịt, nhưng nguyên liệu chính trong nhân không xác minh rõ bằng thị giác và triple chỉ nói có thịt heo, chưa đủ cụ thể."
P1,llm_review,3884,image000830,test,ingredients,REVIEW,KEEP,low,irrelevant_triple;missing_answer_support;pass_disagreement,"P1: Question matches the lower-left tofu dish in the image; the correct main ingredient is đậu phụ, and the choices are distinct with only one correct answer. | P2: Triple nói về rau muống luộc, không hỗ trợ câu hỏi về món đậu phụ ở góc dưới bên trái. | P3: DROP vì câu hỏi hỏi món đậu phụ góc dưới trái nhưng triple lại nói về rau muống luộc, và Pass 1/Pass 2 bất đồng."
P1,llm_review,4401,image000400,test,ingredients,REVIEW,KEEP,low,commonsense_food_fact;incomplete_triple_support;visual_evidence_not_fully_self_evident,"P1: Question matches the top-left canh khổ qua in the image; gold answer B is correct and the other fruit-based choices are same-type with only one correct answer. | P2: Triple correctly supports that Canh khổ qua has khổ qua as its main ingredient, matching the image and the VQA answer. | P3: Route to REVIEW because the triple only supports khổ qua as ingredient, while the correct option also claims bitterness and thanh nhiệt, which are unsupported food facts."
P1,llm_review,4451,image000430,test,ingredients,REVIEW,KEEP,low,triple_insufficient_for_full_answer;unsupported_sensory_role,"P1: Question matches the image and description; the right-side pink dish with green onion is steamed squid, and only choice A correctly identifies the main ingredient and role. | P2: Triple đúng và hỗ trợ trực tiếp cho câu hỏi: món mực hấp hành có nguyên liệu chính là mực. | P3: Ingredient mực is well supported, but the claimed role “giòn ngọt tự nhiên và hài hòa với hành” is not supported by the triple or image, so this should be reviewed rather than silently accepted."
P1,llm_review,4496,image000453,test,ingredients,REVIEW,KEEP,low,answerable_without_triples;does_not_support_answer;invalid_triple_with_non_drop_score;irrelevant_triple;pass_disagreement,"P1: Question matches the image and description; pineapple appears in both clam dishes and is the only choice fitting the sour flavor clue. | P2: Triple về tôm hấp không hỗ trợ câu hỏi về nguyên liệu chung là dứa trong hai món nghêu. | P3: Answer Dứa is likely correct, but the only triple is about tôm hấp and does not support the question, with Pass 1/Pass 2 disagreement."
P1,llm_review,4757,image002026,test,ingredients,REVIEW,KEEP,low,ambiguous_choices;irrelevant_triple;missing_answer_support;multiple_plausible;pass_disagreement,"P1: Question matches the image and the dish is thịt lợn với đậu phụ, but choices B and D are both plausibly correct about its position relative to the rice bowl. | P2: Triple về rau muống không hỗ trợ trả lời câu hỏi về protein chính trong món góc dưới bên phải và vị trí của món đó. | P3: DROP vì triple dùng không hỗ trợ câu hỏi về thịt kho đậu phụ, Pass 1/2 bất đồng, và các lựa chọn vị trí B/D dễ gây nhập nhằng."
P1,llm_review,4854,image002099,test,ingredients,REVIEW,KEEP,low,ambiguous_visual_grounding;locator_mismatch;triple_answerable_without_image,"P1: Question correctly identifies cơm sen wrapped in dark green leaves, and rice is the main ingredient; choices are same-type and only one is correct. | P2: Triple đúng và hỗ trợ trực tiếp câu hỏi: Cơm sen được làm từ gạo, phù hợp đáp án B. | P3: Route to REVIEW because the visual reference 'near the Bánh Pía plate' is questionable and the answer relies more on the triple than clear image grounding."
P1,llm_review,4972,image002182,test,ingredients,REVIEW,KEEP,low,irrelevant_triple;missing_answer_support;pass_disagreement,"P1: Question matches the image and description; lime slices are on the left of the pho bowl and are the correct sourness-adjusting ingredient. | P2: Triple nói về thịt bò trong phở, không liên quan đến lát chanh bên trái dùng để tăng độ chua. | P3: Answer D is visually plausible, but the supporting triple is irrelevant and Pass 1/Pass 2 disagree, so the row should not be silently accepted."
P1,llm_review,5515,image000995,test,ingredients,REVIEW,KEEP,low,answerable_without_triple;triple_less_specific_than_answer;visual_evidence_limited,"P1: Question matches the bitter melon stuffed soup in the upper-left; minced pork is the correct main filling ingredient, and the other choices are distinct non-correct ingredients. | P2: Triple correctly supports that canh khổ qua nhồi thịt uses pork/meat as the key filling ingredient, matching answer A. | P3: Route to REVIEW because the correct answer depends on recipe knowledge; the image identifies the dish but does not clearly show minced pork filling."
P1,llm_review,5539,image001010,test,ingredients,REVIEW,KEEP,low,ambiguous_food_fact;incomplete_triple_support;minor_location_ambiguity;visual_ingredients_not_observable,"P1: The question correctly refers to the orange fried chả rán at the lower-left of the tray, and eggs with minced meat is the most plausible ingredient pair among the choices. | P2: Triple correctly supports the answer because chả rán commonly uses trứng gà as a binding ingredient, matching choice D. | P3: Answer D is plausible for chả rán, but the image cannot confirm ingredients and the triple only supports egg, not the full answer."
P1,llm_review,5935,image001251,test,ingredients,REVIEW,KEEP,low,answer_text_imprecise;text_overlay_leakage;triple_partially_supportive,"P1: Question matches the top-left su hào xào cà rốt dish; gold answer B correctly identifies the stir-fried vegetable dish and its crunchy pale green kohlrabi-like main ingredient. | P2: Triple đúng và hỗ trợ trực tiếp cho câu hỏi: món phía trên bên trái là su hào xào cà rốt, với su hào là nguyên liệu chính tạo độ giòn và màu trắng xanh. | P3: Nên REVIEW vì đáp án đúng về ý nhưng diễn đạt không gọi đúng tên món, có nguy cơ dựa vào chữ trên ảnh và triple chỉ hỗ trợ một phần câu hỏi."
P1,llm_review,5962,image001260,test,ingredients,REVIEW,KEEP,low,ingredient_not_visually_verifiable;missing_position_support;multiple_plausible_choices;partial_triple_support;pass_disagreement;unsupported_food_fact,"P1: The soup and its position left of the rice match the image, but the specific meat type inside the meatballs cannot be reliably verified visually. | P2: Triple đúng và hữu ích để hỗ trợ phần nguyên liệu thịt lợn trong canh, nhưng chưa hỗ trợ quan hệ vị trí bên trái bát cơm. | P3: Không thể xác minh bằng hình ảnh rằng viên màu hồng nhạt là thịt lợn; đáp án phụ thuộc vào tri thức ngoài ảnh và hai pass trước không thống nhất."
P1,llm_review,6062,image000942,test,ingredients,REVIEW,KEEP,low,ambiguous_visual_evidence;answer_may_also_fit_top_bowl;insufficient_triple_support;minor_visual_ambiguity;possible_question_premise_false,"P1: Answer A fits the boiled chicken plate and the other choices are ingredients visible in the noodle bowl, though chicken may be ambiguously implied by 'miến gà'. | P2: Triple correctly supports that boiled chicken contains chicken/poultry meat, matching the answer choice and the visible dish. | P3: Không nên tự động KEEP vì 'miến gà' thường có thịt gà, nên đáp án A có thể không thỏa điều kiện 'không xuất hiện trong tô miến'."
P1,llm_review,6466,image001790,test,ingredients,REVIEW,KEEP,low,answer_not_fully_grounded_by_triples;partial_triple_support,"P1: Question matches the bottom-right tôm rim thịt dish; answer A correctly names the main ingredients, and other choices are distinct incorrect ingredient options. | P2: Triple đúng và liên quan vì món tôm rim thịt ở góc dưới bên phải có chứa tôm, nhưng chỉ hỗ trợ một phần đáp án A. | P3: The answer is visually plausible, but the provided triple only mentions shrimp and does not support the pork component in choice A, so this should be reviewed rather than silently kept."
P1,llm_review,7196,image001814,test,ingredients,REVIEW,KEEP,low,answerable_without_triple;ingredient_identity_partly_metadata_dependent;unsupported_culinary_claim,"P1: Question matches the top-left soup with green hoa thien ly; answer A is correct and the choices are distinct dish types with only one correct option. | P2: Triple đúng và hỗ trợ trực tiếp câu hỏi: tô canh ở góc trên bên trái là canh rong biển hoa thiên lý, có nguyên liệu hoa thiên lý màu xanh lục. | P3: Route to REVIEW because the correct answer is mostly determined by location, while the taste-role claim is unsupported by the triple/image."
P1,llm_review,7561,image001373,test,ingredients,REVIEW,KEEP,low,answer_triple_mismatch;question_choice_semantic_mismatch,"P1: Câu hỏi khớp ảnh và mô tả; chén giữa xửng chứa trứng luộc dầm mắm, các lựa chọn là thành phần món ăn và chỉ A đúng. | P2: Triple is factually correct and directly supports the answer: trứng luộc dầm mắm contains nước mắm, matching the central bowl in the image. | P3: Nên REVIEW vì câu hỏi hỏi thành phần tạo vị đậm đà và triple nhấn vào nước mắm, nhưng đáp án lại là tên món 'Trứng luộc dầm mắm', gây lệch ngữ nghĩa."
P1,llm_review,8155,image000614,test,ingredients,REVIEW,KEEP,low,ambiguous_question;irrelevant_or_insufficient_triple;missing_correct_choice;pass_disagreement;question_wording_mismatch;wrong_gold_answer,"P1: Món góc dưới phải là tôm xào rau củ, nhưng màu cam của phần rau củ chủ yếu do cà rốt; đáp án D là tôm không đúng và lựa chọn không có cà rốt. | P2: Triple is visually correct and relevant because the bottom-right dish contains shrimp, but the question wording mentions the orange color in the vegetable portion, which would more likely be carrot rather than shrimp. | P3: The orange color in the bottom-right vegetable portion is likely from carrot, not shrimp; the correct choice is missing and the triple does not support the asked color fact."
P1,llm_review,8701,image000007,test,ingredients,REVIEW,KEEP,low,question_answerable_from_prior_knowledge;triple_under_supports_attribute;visual_ambiguity,"P1: Question matches the bánh cuốn image and ingredient qtype; mộc nhĩ is the dark, crunchy filling component, and the other choices are plausible but not equally correct. | P2: Triple correctly supports that bánh cuốn contains mộc nhĩ, matching the dark filling ingredient asked in the VQA. | P3: Image alone does not clearly distinguish mộc nhĩ from other dark filling components like minced pork, and the triple does not support the crunch/flavor attribute."
P1,llm_review,9125,image000163,test,ingredients,REVIEW,KEEP,low,irrelevant_triple;missing_answer_support;pass_disagreement,"P1: Question matches the top-left shrimp and corn dish; the naturally sweet crunchy ingredient is clearly yellow corn, and the choices are unambiguous. | P2: The VQA asks for the sweet crunchy ingredient in the upper-left shrimp-corn dish, so the supporting triple should identify hạt ngô vàng, not tôm. | P3: Đáp án D rõ từ ảnh, nhưng triples_used không hỗ trợ hạt ngô vàng và Pass 1/Pass 2 đang bất đồng nên cần REVIEW."
P1,llm_review,10017,image001251,test,ingredients,REVIEW,KEEP,low,irrelevant_triple;missing_answer_support;pass_disagreement,"P1: Question correctly refers to the lower-left dark brown beef dish; the main ingredient is beef, and the choices are comparable single-ingredient options with only one correct answer. | P2: Triple không hỗ trợ câu hỏi; đáp án cần liên quan đến Bò kho tàu và nguyên liệu chính là thịt bò. | P3: DROP vì triple không liên quan đến món Bò kho tàu và Pass 1/Pass 2 bất đồng rõ ràng."
P1,llm_review,10698,image001673,test,ingredients,REVIEW,KEEP,low,external_food_knowledge_required;partial_triple_support;visual_evidence_ambiguous,"P1: Question correctly refers to the lower-right bánh xèo and asks about typical filling ingredients; giá đỗ và tôm tươi is the only appropriate answer. | P2: Triple đúng và liên quan đến Bánh xèo, hỗ trợ đáp án C dù chỉ nêu tôm mà chưa nêu giá đỗ. | P3: Answer C is plausible for bánh xèo, but the filling is not visible and the triple only supports shrimp, not bean sprouts."
P1,llm_review,10948,image001790,test,ingredients,REVIEW,KEEP,low,multiple_plausible_choices;question_triple_mismatch;unsupported_food_fact,"P1: Question matches the lower-right tôm rim thịt dish; C is valid because shrimp is a visible main crustacean ingredient, though the dish also includes meat and the brown color may come from seasoning/caramelization. | P2: Triple correctly supports that the bottom-right dish Tôm rim thịt contains shrimp, matching the crustacean seafood answer. | P3: The selected answer C is visually plausible because shrimp is visible, but the wording about brown color and rich flavor is not well supported by the shrimp-only triple and could refer to meat/caramelized seasoning."
P1,llm_review,200,image001289,test,origin_locality,REVIEW,KEEP,low,non_visual_answer_dependency;possible_multiple_plausible_localities;unsupported_food_fact,"P1: Question matches the visible purple canh khoai mỡ and origin_locality qtype; Long An is a plausible locality answer, with same-type province choices. | P2: Triple correctly links the purple Canh khoai mỡ in the image/VQA to Long An, supporting the selected answer. | P3: The image supports identifying canh khoai mỡ, but the Long An origin claim is external and not clearly unique, so this should be reviewed rather than silently kept."
P1,llm_review,507,image000064,test,origin_locality,REVIEW,KEEP,low,metadata_dependency;regional_variants_possible;visual_ambiguity,"P1: Question matches the image and Canh chua is correctly associated with Nam Bộ; choices are comparable Vietnamese regions with only one best answer. | P2: Triple đúng và phù hợp: Canh chua là món ăn gắn với vùng Nam Bộ, hỗ trợ trực tiếp cho đáp án C. | P3: Canh chua gắn với Nam Bộ nhưng hình ảnh không đủ đặc trưng để loại trừ các biến thể canh chua vùng khác, nên nên REVIEW."
P1,llm_review,923,image001412,test,origin_locality,REVIEW,KEEP,low,ambiguous_origin;multiple_plausible_choices;pass_disagreement;unsupported_broad_triple,"P1: Image and description match the question, but 'thịt kho' is a common dish across Vietnam; only if interpreted as thịt kho tàu is Miền Nam clearly valid. | P2: Triple correctly links the bottom-left dish Thịt kho to Miền Nam, matching the VQA answer and image context. | P3: Generic 'thịt kho' is not uniquely a Southern specialty from the image alone; only a specific variant like thịt kho tàu would make Miền Nam clearer."
P1,llm_review,2818,image002334,test,origin_locality,REVIEW,KEEP,low,external_knowledge_dependency;regional_variant_ambiguity,"P1: Question matches the visible canh chua and origin_locality qtype; canh chua is commonly associated with Miền Nam, and choices are same-type regions with one best answer. | P2: Triple correctly supports that Canh chua is associated with Nam Bộ/Miền Nam, matching the answer choice. | P3: Canh chua is commonly linked to Miền Nam/Nam Bộ, but the dish is generic and has regional variants, so the row should be reviewed rather than silently accepted."
P1,llm_review,4411,image000405,test,origin_locality,REVIEW,KEEP,low,debatable_origin_fact;single_triple_dependency,"P1: Question correctly refers to the central brown thịt kho tàu dish, and the accepted regional origin is Southern Vietnam; choices are regional and only A fits best. | P2: Triple correctly identifies Thịt kho tàu as originating from Southern Vietnam, matching the VQA answer and central dish in the image. | P3: Thịt kho tàu is visually plausible, but its 'origin' as Southern Vietnam is debatable versus regional association, so this should be reviewed rather than silently accepted."
P1,llm_review,4485,image000450,test,origin_locality,REVIEW,KEEP,low,ambiguous_food_origin;multiple_plausible_regions;pass_disagreement;unsupported_generalized_triple,"P1: The image and question identify the brown braised dish correctly, and Southern Vietnam is plausible for thịt kho/thịt kho tàu, but generic 'thịt kho' is not uniquely a regional specialty. | P2: Triple phù hợp với món thịt kho ở phía dưới ảnh và hỗ trợ đáp án Miền Nam trong ngữ cảnh VQA. | P3: Nên REVIEW vì món thịt kho trong ảnh không đủ đặc trưng để khẳng định duy nhất là đặc sản Miền Nam, và hai lượt kiểm trước đang bất đồng."
P1,llm_review,5466,image000943,test,origin_locality,REVIEW,KEEP,low,multiple_plausible_choices;unsupported_origin_fact,"P1: Question correctly refers to the bottom round golden-brown chả rươi, and Hải Dương is a well-known locality for this specialty; choices are comparable localities with one clear correct answer. | P2: Triple correctly supports that the round golden-brown dish is Chả rươi, a specialty associated with Hải Dương. | P3: Chả rươi is visually clear, but its claimed origin as Hải Dương may be debatable because Hà Nội and other northern areas are also plausibly associated with the dish."
P1,llm_review,6672,image000829,test,origin_locality,REVIEW,KEEP,low,external_fact_required;non_exclusive_regional_association;possible_overstated_origin_triple,"P1: Question correctly refers to the green stuffed bitter melon soup at the upper center; Canh khổ qua nhồi thịt is strongly associated with Nam Bộ, and the regional choices are mutually exclusive. | P2: Triple correctly links Canh khổ qua nhồi thịt to Nam Bộ, matching the identified dish and VQA answer. | P3: Món canh khổ qua nhồi thịt đúng là gắn với Nam Bộ, nhưng không đủ độc quyền như một đặc sản vùng miền nên nên REVIEW thay vì silently accept."
P1,llm_review,6731,image001408,test,origin_locality,REVIEW,KEEP,low,generic_food_entity;under_specific_triple;visual_locality_ambiguous,"P1: Question matches the image and food items; cơm gà is commonly associated with miền Trung, especially Hội An/Tam Kỳ, and the choices are comparable regions with one correct answer. | P2: Triple correctly supports that the central yellow rice chicken dish is associated with Miền Trung, matching the VQA answer. | P3: Món trong ảnh giống cơm gà miền Trung, nhưng thực thể và bằng chứng hình ảnh còn quá chung nên nên REVIEW thay vì tự động KEEP."
P1,llm_review,7645,image000957,test,origin_locality,REVIEW,KEEP,low,multiple_plausible_origins;origin_fact_debatable;visual_label_somewhat_ambiguous,"P1: Question correctly identifies the light-brown chè hạt sen bowl; chè hạt sen is associated with Huế/Miền Trung, and the choices are valid regional options. | P2: Triple correctly supports that the identified chè hạt sen is associated with Miền Trung, matching the VQA answer. | P3: Chè hạt sen gắn với Huế/Miền Trung là hợp lý nhưng không độc nhất; món này phổ biến nhiều vùng nên nên đưa vào REVIEW thay vì silently accept."
P1,llm_review,7839,image001128,test,origin_locality,REVIEW,KEEP,low,missing_locality;pass_disagreement;target_too_broad;unsupported_origin_region,"P1: Question matches the central bowl of phở bò, whose origin is commonly associated with Northern Vietnam; choices are same-type regions with only one correct answer. | P2: The image shows phở bò, but the triple only gives Vietnam as origin, while the question asks for the Vietnamese region; it should support Miền Bắc. | P3: Route to REVIEW because the answer Miền Bắc is plausible, but the supporting triple only says Việt Nam and does not justify the requested regional locality."
P1,llm_review,7951,image001342,test,origin_locality,REVIEW,KEEP,low,generic_food_name;inferred_triple_subject;possible_multiple_localities,"P1: Question matches the image of chả cá with bún and herbs; Hà Nội is the correct locality for Chả cá Lã Vọng, and the choices are distinct localities with only one correct answer. | P2: The image and VQA refer to chả cá served with bún and herbs, matching Chả Cá Lã Vọng, whose origin is Hà Nội. | P3: Visual evidence supports Hà Nội via Chả Cá Lã Vọng, but the wording uses generic 'chả cá', making Phan Thiết or other chả cá localities potentially plausible."
P1,llm_review,8204,image000637,test,origin_locality,REVIEW,KEEP,low,choice_granularity_mismatch;overlapping_choices;pass_disagreement,"P1: Question correctly targets the pho in the upper-left and the answer Miền Bắc is valid, but choices mix broad regions with Miền Tây, which overlaps with Miền Nam and is not parallel. | P2: Triple correctly supports that the dish in the upper-left is phở, which originated in Northern Vietnam. | P3: Route to REVIEW because the correct answer is plausible, but Pass 1/Pass 2 disagree and the choices mix broad regions with an overlapping subregion."
P1,llm_review,8347,image000734,test,origin_locality,REVIEW,KEEP,low,multiple_plausible_choices;visual_ambiguity,"P1: Question matches the visible phở cuốn on banana leaves, and phở cuốn is associated with Hà Nội; choices are locality names with only one correct answer. | P2: Triple is factually correct and directly supports the answer: phở cuốn is associated with Hà Nội. | P3: The food resembles phở cuốn, but visually it could also be gỏi cuốn/fresh rolls, making Hà Nội vs HCMC potentially ambiguous from the image alone."
P1,llm_review,8645,image000912,test,origin_locality,REVIEW,KEEP,low,answerable_despite_bad_grounding;location_mismatch;pass_disagreement,"P1: Gold answer Vietnam is correct for phở, but the question's 'upper left' location is imprecise because the upper-left item is quẩy, not the main phở bowl. | P2: Triple correctly supports that Phở bò originates from Việt Nam, matching the image and VQA answer. | P3: The answer Vietnam is likely correct for phở bò, but the question's upper-left reference points to quẩy rather than the main phở dish, so it should not be silently accepted."
P1,llm_review,8971,image000105,test,origin_locality,REVIEW,KEEP,low,choice_overlap;debatable_origin_fact;external_knowledge_dependency;pass_disagreement,"P1: Question matches the image and the answer Miền Bắc is valid for nem rán, but choices are not fully parallel because Miền Tây overlaps with Miền Nam. | P2: Triple đúng và trực tiếp hỗ trợ câu hỏi: món vàng nâu trang trí hoa cà chua là nem rán, thường gắn với ẩm thực Miền Bắc. | P3: Route to REVIEW because verifier passes disagree and the answer choices overlap, while the regional origin of nem rán is somewhat debatable."
P1,llm_review,8985,image000112,test,origin_locality,REVIEW,KEEP,low,generic_food_origin;unsupported_origin_triple;weak_visual_grounding,"P1: Question matches the image and qtype; gold answer Vietnam is acceptable for 'canh rau củ', though the dish is somewhat generic. | P2: Triple correctly supports that canh rau củ in the image/VQA is a Vietnamese dish, matching answer D. | P3: Canh rau củ is visually and culturally too generic to confidently assign a unique origin to Vietnam without relying on the Vietnamese label."
P1,llm_review,9303,image000241,test,origin_locality,REVIEW,KEEP,low,non_unique_origin_locality;unsupported_food_origin_fact;visual_ambiguity_minor,"P1: Question correctly refers to the small bowl on the left containing trứng vịt lộn, and Vietnam is the intended origin among same-type country choices. | P2: Triple correctly identifies the left small bowl dish as Trứng vịt lộn and supports the answer Việt Nam. | P3: Route to REVIEW because the dish identification is plausible, but the claimed Vietnamese origin of trứng vịt lộn is not exclusive or strongly supported."
P1,llm_review,9369,image000276,test,origin_locality,REVIEW,KEEP,low,answer_leaked_in_question;pass_disagreement;too_broad_origin;unsupported_locality_fact,"P1: Question correctly refers to the dark green dish at the upper right as rau muống xào tỏi, and choice B matches the stated đồng bằng Việt Nam locality clue. | P2: Triple đúng hướng vì món là rau muống xào tỏi, nhưng vùng nguồn gốc cần khớp với đáp án đồng bằng Việt Nam. | P3: REVIEW vì đáp án bị gợi trực tiếp trong câu hỏi, triple quá rộng, và hai pass trước không thống nhất."
P1,llm_review,9460,image000332,test,origin_locality,REVIEW,KEEP,low,ambiguous_origin_region;debatable_food_fact;visual_evidence_insufficient,"P1: Question matches the image and described food items; Bún thịt nướng is commonly associated with Southern Vietnam, and the regional choices are same-type with one clear correct answer. | P2: Triple correctly links Bún thịt nướng to Miền Nam, matching the VQA answer and image context. | P3: Món trong ảnh đúng là bún thịt nướng, nhưng nguồn gốc/vùng miền đặc trưng không đủ chắc vì món này phổ biến nhiều vùng và có biến thể miền Trung lẫn miền Nam."
P1,llm_review,10020,image001251,test,origin_locality,REVIEW,KEEP,low,origin_debatable;overlapping_choices;pass_disagreement;unsupported_origin_fact,"P1: Question matches the top-left su hào xào cà rốt dish and C is plausible as Northern, but calling it a representative specialty is debatable and Miền Tây overlaps with Miền Nam. | P2: Triple correctly links su hào xào cà rốt, the top-left green/orange dish, to Miền Bắc, matching the VQA answer. | P3: Nên REVIEW vì món su hào xào cà rốt không rõ là đặc sản tiêu biểu Miền Bắc, lựa chọn Miền Nam/Miền Tây chồng lấn, và hai pass trước bất đồng."
P1,llm_review,10539,image002067,test,origin_locality,REVIEW,KEEP,low,origin_fact_debatable;visual_localization_minor_mismatch,"P1: Question correctly refers to the braised pork and eggs in the clay pot; Thịt kho tàu is commonly associated with Southern Vietnam, and the choices are comparable regional options with only one best answer. | P2: Triple correctly identifies the dish in the clay pot as Thịt kho tàu and supports its origin as Southern Vietnam. | P3: Nên REVIEW vì món ăn có vẻ là Thịt kho tàu và đáp án miền Nam hợp lý, nhưng claim về 'nguồn gốc' có thể gây tranh luận hơn là chỉ 'đặc trưng/ phổ biến ở miền Nam'."
P1,llm_review,10566,image002084,test,origin_locality,REVIEW,KEEP,low,overgeneralized_origin;unsupported_food_fact;visual_evidence_cannot_verify_origin,"P1: Question matches the visible boiled pork dish and origin_locality qtype; boiled pork is a common dish across Vietnam, so D is valid and the alternatives are distinct locality types. | P2: Triple correctly supports that thịt luộc is a broadly Vietnamese dish, matching choice D. | P3: Món thịt luộc nhìn thấy rõ, nhưng nguồn gốc 'toàn bộ Việt Nam' dựa trên triple khá chung và có thể là suy diễn về độ phổ biến hơn là nguồn gốc thực sự."
P1,llm_review,10589,image002107,test,origin_locality,REVIEW,KEEP,low,knowledge_dependent_origin;multiple_plausible_choices;unsupported_food_fact,"P1: Question correctly identifies the brown-gray grilled minced pork dish below the cucumber plate; Miền Bắc is a plausible locality answer, though the dish origin is somewhat knowledge-dependent. | P2: Triple correctly links the identified dish, Chả băm nướng, to Miền Bắc, matching the VQA answer and image context. | P3: Hình ảnh chỉ đủ nhận diện món chả nướng, còn nguồn gốc Miền Bắc của 'Chả băm nướng' là तथ्य dễ tranh cãi và cần kiểm chứng thêm."
P1,llm_review,10699,image001673,test,origin_locality,REVIEW,KEEP,low,external_knowledge_required;overbroad_triple;wording_location_inaccuracy,"P1: Question correctly refers to the lower-left nem nướng/Nha Trang dish, whose locality is in Miền Trung; choices are distinct enough with only C correct. | P2: The image labels the lower-left dish as Nem nướng Nha Trang, and Nha Trang is in Miền Trung, matching the VQA answer. | P3: Route to review because the target dish is identifiable as Nem nướng Nha Trang, but the question misuses 'mẹt' and the origin triple is overbroad rather than specifically supported by the image label."
P1,llm_review,14032,image001760,test,substitution_rules,REVIEW,KEEP,low,ambiguous_choices;multiple_plausible_answers;pass_disagreement;unsupported_substitution_rule;visual_evidence_insufficient,"P1: Question matches the image and dish, but tofu or mushrooms could also plausibly replace meat in stuffed bitter melon, so choices are not uniquely discriminative. | P2: Các triples đúng ngữ cảnh: món góc trên trái là canh khổ qua nhồi thịt, quy tắc thay thế chay chuyển phần nhân thịt sang mì căn, khớp đáp án A. | P3: Route to REVIEW because several vegetarian substitutes could fit the stuffing, and the mì căn rule is not uniquely supported by the image."
P2,llm_review,285,image001342,test,cooking_technique,REVIEW,KEEP,low,multiple_plausible_choices;unsupported_texture_claim;visual_evidence_ambiguous,"P1: Question matches the image and cooking-technique qtype; the golden-brown fish pieces in the pan support 'Chiên', and all choices are distinct cooking methods with only one correct answer. | P2: Triple correctly supports the VQA: the golden-brown chả cá pieces in the pan are consistent with frying, matching answer B. | P3: The image supports cooked golden fish, but frying and crispness are inferred rather than visually certain; chả cá may involve more than one cooking method."
P2,llm_review,1013,image001465,test,cooking_technique,REVIEW,KEEP,low,ambiguous_spatial_reference;answer_leak_from_food_label;indirect_visual_evidence,"P1: Question matches the visible stir-fried noodle dish; the glossy brown, firm noodles indicate quick stir-frying with oil, and the other choices are distinct incorrect cooking methods. | P2: Triple correctly links the visible stir-fried noodle dish to the cooking technique 'xào', matching the VQA answer. | P3: Route to review because the intended noodle dish is plausible, but the location wording is ambiguous and the cooking technique is partly inferred from the dish label rather than clearly verified visually."
P2,llm_review,1753,image001869,test,cooking_technique,REVIEW,KEEP,low,comparison_item_same_cooking_method;not_fully_visual;pass_confidence_disagreement;unsupported_specific_technique;weak_visual_grounding,"P1: Question matches the bottom-center grilled skewers and D is the intended cooking technique, but charcoal grilling is inferred from the item name/appearance rather than directly verifiable from the image. | P2: Triple đúng và hỗ trợ trực tiếp câu hỏi: món thịt xiên ở chính giữa phía dưới là thịt xiên nướng, kỹ thuật là nướng. | P3: Route to REVIEW because 'nướng trên than hồng' is more specific than the supported triple/image, and the comparison with another grilled dish makes the intended distinction ambiguous."
P2,llm_review,3386,image000499,test,cooking_technique,REVIEW,KEEP,low,unsupported_specific_technique;visual_evidence_limited,"P1: Question matches the top dish (gà rang lá chanh); rang on a pan is the correct cooking method, and the choices are distinct single cooking techniques. | P2: Triple đúng: món phía trên là gà rang lá chanh, và kỹ thuật chế biến phù hợp là rang, hỗ trợ trực tiếp đáp án A. | P3: Món phía trên có vẻ là gà rang lá chanh, nhưng ảnh không đủ xác nhận chính xác 'rang khô trên chảo'; nên route REVIEW thay vì silently accept."
P2,llm_review,3402,image000503,test,cooking_technique,REVIEW,KEEP,low,ambiguous_visual_evidence;pass_disagreement;underspecified_cooking_technique,"P1: Question matches the top-right fried fish and contrasts it with boiled vegetables; deep frying is the correct technique and the choices are distinct cooking methods with only one correct answer. | P2: Triple đúng hướng vì món cá chiên xù ở góc trên bên phải được chiên, nhưng cần nêu rõ chiên ngập dầu để hỗ trợ trực tiếp đáp án C. | P3: Route to REVIEW because Pass 1 and Pass 2 disagree, and the triple only says 'Chiên' while the answer requires the more specific 'chiên ngập dầu'."
P2,llm_review,3471,image000561,test,cooking_technique,REVIEW,KEEP,low,ambiguous_visual_technique;label_dependent_answer,"P1: Question correctly refers to the dish opposite the pickled cabbage, which is sườn xào chua ngọt; the cooking technique is xào and the choices are distinct techniques. | P2: Triple đúng và hỗ trợ trực tiếp đáp án: món đối diện dưa bắp cải muối là sườn xào chua ngọt, được chế biến bằng phương pháp xào. | P3: Món bên phải có thể là sườn xào chua ngọt theo nhãn, nhưng từ hình ảnh màu nâu sẫm không đủ chắc để phân biệt xào với nướng/chiên/kho, nên nên REVIEW."
P2,llm_review,4025,image000928,test,cooking_technique,REVIEW,KEEP,low,ambiguous_cooking_technique;inferred_not_directly_visible,"P1: Question matches the image and qtype; the main chả cá pieces are browned in a pan, making 'Chiên' the correct and unique choice. | P2: Triple correctly supports the VQA: the golden-brown chả cá in the pan is consistent with frying, matching answer D. | P3: The answer 'Chiên' is plausible from the pan and browned pieces, but the exact technique is inferred and could be confused with other high-heat methods, so route to REVIEW."
P2,llm_review,4668,image001961,test,cooking_technique,REVIEW,KEEP,low,technique_specificity_mismatch;visual_evidence_not_specific_enough,"P1: Câu hỏi khớp món đậu hủ phủ hành ở góc trên trái; kỹ thuật chiên ngập dầu là đáp án phù hợp và các lựa chọn đều là kỹ thuật nấu ăn riêng biệt. | P2: Triple đúng và phù hợp: đậu hũ tẩm hành ở góc trên trái được chiên, hỗ trợ đáp án chiên ngập dầu. | P3: Món đậu hũ có vẻ được chiên, nhưng ảnh và triple chỉ hỗ trợ 'chiên' nói chung, chưa đủ chắc để xác nhận 'chiên ngập dầu'."
P2,llm_review,5463,image000942,test,cooking_technique,REVIEW,KEEP,low,plausible_alternative_choice;visual_technique_ambiguous,"P1: Question matches the visible boiled chicken; gold answer B is correct and the cooking-technique choices are consistent with only one best answer. | P2: Triple đúng và trực tiếp hỗ trợ câu hỏi: món gà luộc ở góc dưới trái được chế biến bằng cách luộc. | P3: Nên review vì hình ảnh gà vàng da, thịt trắng có thể phù hợp cả luộc hoặc hấp; đáp án B chủ yếu dựa vào nhãn 'Gà luộc' hơn là bằng chứng thị giác rõ ràng."
P2,llm_review,5779,image001166,test,cooking_technique,REVIEW,KEEP,low,ambiguous_cooking_technique;unsupported_long_duration,"P1: Question correctly targets the top-center miến nấu mộc nhĩ; simmering/long cooking is the best matching technique, and other choices are distinct cooking methods. | P2: Triple correctly supports that the top-center miến nấu mộc nhĩ is prepared by simmering/boiling, matching choice A. | P3: Top-center dish is likely a simmered/boiled miến soup, but the image/triple do not firmly support 'long-time simmering' specifically."
P2,llm_review,6081,image001015,test,cooking_technique,REVIEW,KEEP,low,ambiguous_visual_cooking_technique;answer_leakage_from_food_name;location_imprecision;unsupported_texture_claim,"P1: Question correctly refers to the top-center súp lơ xào mực; stir-frying is the valid technique and the choices are distinct with only A correct. | P2: Triple đúng và trực tiếp hỗ trợ đáp án: món súp lơ xào mực ở phía trên trung tâm được chế biến bằng phương pháp xào. | P3: Nên REVIEW vì đáp án xào hợp lý theo tên món, nhưng bằng chứng thị giác về kỹ thuật nấu và mô tả vị trí/độ giòn không đủ chắc để silently accept."
P2,llm_review,6371,image001589,test,cooking_technique,REVIEW,KEEP,low,metadata_answer_cue;visual_technique_ambiguous,"P1: Question correctly refers to the eggplant dish left of the braised pork; the main cooking technique is stir-frying, and choices are distinct cooking methods. | P2: Triple đúng: món bên trái tô chân giò kho là cà tím xào, kỹ thuật chế biến là xào. | P3: Nên REVIEW vì kỹ thuật 'xào' chủ yếu dựa vào tên món/triple; hình ảnh món cà tím có sốt không đủ chắc để phân biệt xào với kho/om."
P2,llm_review,6530,image000504,test,cooking_technique,REVIEW,KEEP,low,answer_from_label;near_synonym_choice;unsupported_food_claim,"P1: Question matches the top-left dish (mướp xào); the correct cooking technique is xào, and the choices are distinct cooking methods with only one correct answer. | P2: Triple correctly identifies the top-left dish as Mướp xào and its cooking technique as xào, directly supporting answer B. | P3: Món góc trên trái có vẻ là mướp xào và đáp án B hợp lý, nhưng câu hỏi thêm दावा về giữ xanh/giòn và lựa chọn C khá gần nghĩa nên nên đưa REVIEW."
P2,llm_review,6706,image000901,test,cooking_technique,REVIEW,KEEP,low,specificity_gap;visual_ambiguity_deep_fry;weak_comparative_support,"P1: Câu hỏi khớp ảnh và mô tả; món góc trên trái là gà chiên giòn nên kỹ thuật đúng là chiên ngập dầu, các lựa chọn đều là phương pháp nấu riêng biệt. | P2: Triple correctly identifies the top-left dish as Gà chiên mắm and its frying technique, which supports the deep-fried answer choice. | P3: The row is likely correct, but 'chiên ngập dầu' is more specific than the supported triple/visual evidence, so it should be reviewed rather than silently accepted."
P2,llm_review,6870,image001563,test,cooking_technique,REVIEW,KEEP,low,label_dependent_answer;multiple_plausible_choices;visual_ambiguity,"P1: Question correctly refers to the dark brown dish at the bottom, which is cá kho, and the correct cooking technique is kho; choices are distinct cooking methods with only one correct answer. | P2: Triple correctly supports that the dark brown fish dish is cá kho, prepared by the kho technique. | P3: Món cá phía dưới có thể bị nhầm với cá chiên/kho khô từ hình ảnh, nên đáp án kho phụ thuộc nhiều vào nhãn hơn là bằng chứng thị giác."
P2,llm_review,7431,image001295,test,cooking_technique,REVIEW,KEEP,low,label_leakage_from_food_name;multiple_plausible_choices;visual_ambiguity,"P1: Câu hỏi khớp món thịt rang bên trái; đáp án C đúng và các lựa chọn đều là phương pháp chế biến cùng loại, không gây nhiều đáp án đúng rõ ràng. | P2: Triple correctly supports the VQA: the left dish is Thịt rang and the cooking technique is rang, matching choice C. | P3: Route to REVIEW because the left dish is labeled Thịt rang, but visually browned pork with translucent fat could plausibly be interpreted as kho as well as rang."
P2,llm_review,7842,image001132,test,cooking_technique,REVIEW,KEEP,low,external_knowledge_dependency;visual_attribute_mismatch,"P1: Question correctly refers to the top-left nem lụi arranged in a circle, whose characteristic cooking method is direct grilling; choices are distinct cooking techniques with only one correct answer. | P2: Triple correctly links Nem lụi to grilling, which directly supports the answer choice 'Phương pháp nướng trực tiếp' for the top-left dish. | P3: Route to review because the question's red-color description conflicts with the image_desc brown nem lụi, and the cooking technique is knowledge-based rather than visually verifiable."
P2,llm_review,7938,image001174,test,cooking_technique,REVIEW,KEEP,low,coarse_cooking_technique;irrelevant_spatial_reference;visual_inference_requires_label_or_food_knowledge,"P1: Question matches the top dish Canh khoai lang, and the correct cooking method is luộc/nấu canh; choices are distinct techniques with only one correct answer. | P2: Triple correctly identifies the top dish as Canh khoai lang and its cooking technique as boiling/soup cooking, which supports answer B. | P3: Route to REVIEW because the question adds an irrelevant comparison and relies on label/food knowledge rather than clear visual evidence, though B is likely correct."
P2,llm_review,8003,image000496,test,cooking_technique,REVIEW,KEEP,low,answer_leak_from_label;visual_evidence_ambiguous,"P1: Question correctly refers to the upper-right duck dish, whose preparation is boiling; choices are cooking methods with only one correct answer. | P2: Triple đúng và trực tiếp hỗ trợ đáp án: đĩa thịt vịt ở góc trên bên phải là vịt luộc, phương pháp chế biến là luộc. | P3: Món ở góc trên phải được gắn nhãn là vịt luộc nên đáp án hợp lý, nhưng kỹ thuật luộc khó xác nhận chắc chắn chỉ từ hình ảnh."
P2,llm_review,8213,image000644,test,cooking_technique,REVIEW,KEEP,low,answer_by_elimination_possible;oversimplified_cooking_fact;visual_inference_not_direct,"P1: Question matches the cao lầu image and cooking_technique type; mixing/assembling is the best method, and other choices are distinct incorrect techniques. | P2: Triple correctly supports the VQA: Cao lầu is assembled by mixing noodles, meat, crispy toppings, herbs, and dark sauce/broth rather than stir-frying, stewing, or steaming. | P3: Nên REVIEW vì đáp án 'trộn' hợp lý nhất, nhưng kỹ thuật chế biến không được chứng minh trực tiếp từ ảnh và triple hơi đơn giản hóa món cao lầu."
P2,llm_review,8483,image000829,test,cooking_technique,REVIEW,KEEP,low,possible_label_granularity_issue;technique_not_directly_visible,"P1: Question correctly refers to the top-center green stuffed bitter melon soup, whose appropriate cooking technique is simmering/stewing until tender; choices are distinct cooking methods with only one correct answer. | P2: Triple correctly links the top-center green canh khổ qua nhồi thịt to the stewing/simmering technique, supporting answer B. | P3: The dish is clear, but 'hầm nhừ' vs nấu/simmering is a knowledge/wording inference rather than unambiguous visual evidence, so route to review."
P2,llm_review,8643,image000912,test,cooking_technique,REVIEW,KEEP,low,causal_claim_partly_unsupported;visual_method_not_observable,"P1: Question matches the pho image and cooking-technique qtype; simmering/ninh is the correct method for the broth, and the other choices are distinct techniques. | P2: Triple đúng và hỗ trợ trực tiếp đáp án: nước dùng phở bò được tạo bằng phương pháp ninh. | P3: Đáp án 'ninh' hợp lý cho nước dùng phở, nhưng hình ảnh không chứng minh kỹ thuật nấu và câu hỏi gắn thêm दावा về thịt bò tái chưa được triple hỗ trợ trực tiếp."
P2,llm_review,8655,image000921,test,cooking_technique,REVIEW,KEEP,low,inferred_cooking_technique;knowledge_dependent_answer,"P1: Question matches the pho image and cooking_technique type; clear broth and beef slices support 'ninh', and other choices are distinct non-correct cooking methods. | P2: Triple is correct and directly supports the answer: phở bò uses simmering/slow boiling broth, matching 'ninh' rather than frying or grilling. | P3: Phở bò thường dùng nước dùng được ninh, nhưng kỹ thuật này không thể xác nhận trực tiếp chỉ từ ảnh nên nên đưa vào REVIEW thay vì tự động KEEP."
P2,llm_review,9031,image000128,test,cooking_technique,REVIEW,KEEP,low,answer_depends_on_food_label;visual_cooking_method_ambiguous,P1: Question correctly identifies the orange-red shrimp dish as tôm rim; answer B is the only valid cooking technique among same-type choices. | P2: Triple đúng và trực tiếp hỗ trợ câu hỏi: món tôm rim màu cam đỏ được chế biến bằng phương pháp rim. | P3: Nên REVIEW vì phương pháp rim không thể xác minh chắc chắn chỉ từ ảnh; đáp án phụ thuộc nhiều vào nhãn món 'Tôm rim'.
P2,llm_review,9098,image000157,test,cooking_technique,REVIEW,KEEP,low,answer_from_name_not_visual;comparative_wording_ambiguous;pass_disagreement;same_technique_in_comparison,"P1: Gold answer B is correct for the top-right dish đậu hũ kho thơm, but the question says this technique creates a difference versus cà tím kho even though both dishes are kho. | P2: Triple correctly identifies the upper-right dish as Đậu hũ kho thơm and its cooking technique as kho, matching the question and answer B. | P3: REVIEW vì câu hỏi nói phương pháp tạo khác biệt so với cà tím kho, nhưng cả hai món đều là kho; hai pass cũng không thống nhất."
P2,llm_review,9428,image000315,test,cooking_technique,REVIEW,KEEP,low,answer_depends_on_metadata;visual_evidence_ambiguous,"P1: Question correctly refers to the center-bottom reddish dish, identified as tôm rim thịt ba chỉ; the cooking method is rim and choices are distinct cooking techniques. | P2: Triple correctly supports the VQA: the center-bottom reddish dish is Tôm rim thịt ba chỉ and its cooking technique is rim. | P3: Hình ảnh cho thấy món màu nâu đỏ ở giữa dưới, nhưng phương pháp 'rim' không thể xác minh chắc chắn chỉ từ thị giác; đáp án chủ yếu dựa vào nhãn/triple."
P2,llm_review,9606,image000403,test,cooking_technique,REVIEW,KEEP,low,over_specific_answer;unsupported_texture_claim;visual_ambiguity,"P1: Question correctly targets the fried fish at the upper right; answer B fits the described cooking technique and choices are distinct. | P2: Triple correctly identifies the upper-right dish as fried fish and supports the cooking-technique answer. | P3: Nên REVIEW vì ảnh và triple chỉ hỗ trợ món cá chiên nói chung, chưa đủ chắc để kết luận cụ thể là chiên ngập dầu."
P2,llm_review,9970,image001181,test,cooking_technique,REVIEW,KEEP,low,ambiguous_visual_grounding;location_mismatch;pass_disagreement,"P1: The cooking-technique question and answer 'luộc' fit thịt luộc, but the described bottom-left plate location appears inconsistent with the image. | P2: Triple correctly supports the VQA: the bottom-left meat dish is thịt luộc, prepared by boiling. | P3: Route to REVIEW because the cooking technique is likely correct, but Pass 1/2 disagree and the plate location is visually ambiguous."
P2,llm_review,10621,image002143,test,cooking_technique,REVIEW,KEEP,low,answer_leak_from_food_name;unsupported_texture_process_claim;visual_ambiguity,"P1: Question correctly refers to the glossy brown dish at the lower right, sườn xào chua ngọt, and the expected cooking technique is xào. | P2: Triple correctly supports that the lower-right dish is sườn xào chua ngọt and the relevant cooking technique is xào. | P3: Lower-right dish is plausible as sườn xào chua ngọt, but the visual evidence does not uniquely establish xào and the question partly relies on the dish name."
P2,llm_review,11035,image001806,test,cooking_technique,REVIEW,KEEP,low,irrelevant_or_wrong_reference;minor_visual_mismatch;minor_visual_text_mismatch;pass_disagreement,"P1: Question targets the boiled pork leg on the right and answer D is correct, but it incorrectly refers to the central sauce as tôm rim instead of mắm tép. | P2: Triple đúng và trực tiếp hỗ trợ đáp án D: món thịt chân giò luộc được chế biến bằng phương pháp luộc. | P3: Route to REVIEW because the target dish and answer D are clear, but the question mislabels mắm tép as tôm rim and Pass 1/Pass 2 disagree."
P2,llm_review,2662,image002204,test,dish_classification,REVIEW,KEEP,low,ambiguous_spatial_relation;weak_visual_grounding,"P1: Question matches the image and description; the rice pots are the starch dish and appear in diagonal positions, with no other choice also correct. | P2: Triple correctly identifies Cơm niêu as a rice dish, relevant to the starch/main-food clue and the visible clay pots of white rice. | P3: B is likely correct, but the diagonal-position evidence is not clearly supported because several rice pots are visible and their exact opposing positions are ambiguous."
P2,llm_review,6919,image001584,test,dish_classification,REVIEW,KEEP,low,cooking_method_not_fully_visual;potential_recipe_variant,"P1: Question correctly points to the stuffed squid above the dipping bowls; it is best classified as a steamed dish, and the other choices are distinct cooking methods. | P2: Triple đúng và hữu ích: món bên phải khay là mực nhồi thịt, phù hợp với phân loại món hấp trong VQA. | P3: The target dish is visually clear, but labeling it specifically as 'món hấp' depends on a food-preparation assumption not fully supported by the image."
P2,llm_review,7027,image001638,test,dish_classification,REVIEW,KEEP,low,non_exclusive_answer;overgeneralized_food_fact;question_choice_mismatch,"P1: Image and metadata clearly show bánh cuốn with chả lụa, hành phi, rau sống; it is commonly eaten as a Vietnamese breakfast dish, and choices are same-type time-of-day options. | P2: Triple correctly supports that bánh cuốn is commonly classified as a Vietnamese breakfast dish, matching the image and VQA answer. | P3: The image supports bánh cuốn, but classifying it strictly as only a breakfast dish is somewhat overgeneralized and the question asks more than the choices answer."
P2,llm_review,7787,image001079,test,dish_classification,REVIEW,KEEP,low,ambiguous_dietary_classification;answer_by_elimination;choices_not_same_type;pass_disagreement;unsupported_food_fact,"P1: Question correctly points to dưa cải chua xào, but choices mix course/cooking method/dietary category and lack the more direct class 'món xào'. | P2: Triple correctly identifies the left green-yellow dish as Dưa cải chua xào and supports its classification as a vegetable/vegetarian dish for choice C. | P3: Không nên silently accept vì hai pass bất đồng, các lựa chọn không cùng loại phân loại, và triple 'Dưa cải chua xào -> Món chay' không được chứng minh chắc chắn từ hình ảnh."
P2,llm_review,9129,image000163,test,dish_classification,REVIEW,KEEP,low,answer_leak_from_label;visual_method_ambiguity,"P1: Question matches the image and asks the cooking category of the top-left shrimp corn dish; the correct classification is món xào and choices are clear single-type categories. | P2: Triple correctly identifies Tôm xào ngô as a stir-fried dish, matching the upper-left item and answer choice B. | P3: Món trên cùng bên trái phù hợp với tôm và ngô, nhưng phân loại 'món xào' dựa nhiều vào nhãn/triple hơn là bằng chứng thị giác rõ ràng."
P2,llm_review,9384,image000284,test,dish_classification,REVIEW,KEEP,low,choice_type_mismatch;image_cannot_verify_food_fact;non_parallel_choices;pass_disagreement,"P1: Question and gold answer match the bottom-left dish, but choice C is an ingredient rather than a same-type dish option. | P2: Triple đúng và hữu ích: xôi cốm hạt sen là món ở góc dưới bên trái và thuộc nhóm món xôi thường dùng vào buổi sáng. | P3: Route to REVIEW because previous passes disagree and choice C is an ingredient rather than a parallel dish option, even though the intended answer D is visually clear."
P2,llm_review,9556,image000380,test,dish_classification,REVIEW,KEEP,low,spatial_description_inconsistency;visual_method_ambiguous,"P1: Câu hỏi khớp ảnh và mô tả; món góc dưới bên trái là tôm xào nụ mướp nên đáp án 'Món xào' là đúng, các lựa chọn cùng loại và không mơ hồ. | P2: Triple đúng và trực tiếp hỗ trợ đáp án: món ở góc dưới bên trái là Tôm xào nụ mướp, thuộc nhóm món xào. | P3: Route to REVIEW because the intended dish is likely tôm xào nụ mướp, but the question contains a misleading spatial phrase about the char siu being at the bottommost position."
P2,llm_review,9693,image000449,test,dish_classification,REVIEW,KEEP,low,ambiguous_answer;missing_exact_choice;pass_disagreement;unsupported_food_fact;weak_choice_set,"P1: The image and question match cháo trai, but the correct dish class should be a porridge/cháo dish; 'món ăn vặt' is only debatable and the choices omit the clear category. | P2: Triple correctly supports classifying cháo trai as a Vietnamese snack/street-food style dish, matching the VQA answer. | P3: Không nên silently accept vì cháo trai hợp lý hơn là món cháo, còn 'món ăn vặt' chỉ là phân loại gây tranh cãi và hai pass trước đang bất đồng."
P2,llm_review,10369,image001971,test,dish_classification,REVIEW,KEEP,low,garbled_question_text;question_typo;taxonomy_dependent_answer,"P1: Question correctly refers to the circular sliced boiled meat with dipping sauce; answer D is valid, though the question contains a typo. | P2: Triple đúng: món được xếp vòng tròn với chén nước chấm ở giữa là thịt luộc, thuộc nhóm món chính. | P3: Route to REVIEW because the answer is likely correct, but the question has garbled text ('Microsoftẩm thực') and relies on taxonomy classification rather than purely visual evidence."
P2,llm_review,10542,image002067,test,dish_classification,REVIEW,KEEP,low,food_items_extra;pass_disagreement;unsupported_food_item,"P1: Question and answer correctly identify the clay-pot pork and eggs as món kho, but food_items includes Canh hành which is not visible. | P2: Triple đúng và trực tiếp hỗ trợ đáp án: Thịt kho tàu thuộc nhóm món kho. | P3: Answer B is well supported, but Pass 1/Pass 2 disagree and food_items contains an unsupported dish, so route to REVIEW."
P2,llm_review,1196,image001583,test,flavor_profile,REVIEW,KEEP,low,multiple_plausible_flavors;oversimplified_food_fact;visual_evidence_insufficient,"P1: Câu hỏi khớp ảnh và mô tả; món bên phải là sườn xào chua ngọt màu nâu bóng, trong các lựa chọn thì vị ngọt chủ đạo là phù hợp nhất. | P2: Triple correctly supports the VQA: the glossy brown dish on the right is sườn xào chua ngọt, whose flavor profile includes a dominant sweet taste. | P3: Món sườn xào chua ngọt có cả vị chua và ngọt; chọn ngọt là hợp lý trong các đáp án nhưng triple và câu hỏi có nguy cơ giản lược hương vị, nên nên REVIEW."
P2,llm_review,1367,image001673,test,flavor_profile,REVIEW,KEEP,low,container_mismatch;pass_disagreement;visual_flavor_ambiguity;weak_visual_grounding,"P1: Question identifies the lower-left grilled pork dish correctly, but says the accompaniments are in a bamboo tray, while the lower-left dish is on a plate; D is still the best flavor answer. | P2: Triple correctly supports that Nem Nướng, the grilled meat dish at the lower-left, has a characteristic sweet flavor profile matching answer D. | P3: Cần REVIEW vì câu hỏi nhầm mẹt tre của món khác và đáp án vị ngọt dựa vào kiến thức ngoài ảnh hơn là bằng chứng thị giác."
P2,llm_review,6730,image001408,test,flavor_profile,REVIEW,KEEP,low,ambiguous_visual_flavor;plausible_multiple_choices;unsupported_food_fact,"P1: Question matches the image and flavor_profile qtype; gold answer 'Vị đậm đà' is plausible from cơm gà, chicken, chili, and dark red dipping sauce, while choices are distinct flavor descriptions. | P2: Triple correctly supports the VQA: cơm gà with yellow rice, chicken, chili, and dark red dipping sauce suggests a rich, savory flavor profile. | P3: The image shows cơm gà and sauce, but the claimed dominant flavor 'đậm đà' relies on prior food knowledge rather than clear visual evidence, so it should be reviewed."
P2,llm_review,6842,image001525,test,flavor_profile,REVIEW,KEEP,low,unsupported_or_debatable_food_fact;visual_flavor_not_verifiable,"P1: Question correctly refers to the pale yellow boiled chicken at the upper left; its mild natural sweetness is the best flavor match, and the choices are distinct flavor profiles. | P2: Triple correctly identifies gà luộc as having a natural mild sweetness, matching the image region and supporting answer A. | P3: Ảnh xác định được món gà luộc, nhưng vị 'ngọt tự nhiên' không thể kiểm chứng bằng thị giác và là mô tả có phần chủ quan."
P2,llm_review,7282,image001237,test,flavor_profile,REVIEW,KEEP,low,answer_leak_in_question;non_visual_flavor_inference,"P1: Question correctly refers to the top-left dish with green beans and trứng non; the dominant flavor/texture is best matched by 'Vị giòn và ngọt', and the other choices are distinct flavor profiles. | P2: Triple đúng với món lòng gà xào đậu cove ở phía trên mẹt và hỗ trợ trực tiếp đáp án vị giòn, ngọt. | P3: Question leaks the correct flavor descriptors, making the answer selectable even if the visual/triple evidence is not used."
P2,llm_review,7411,image001289,test,flavor_profile,REVIEW,KEEP,low,external_food_knowledge_required;flavor_intensity_overstated,"P1: Question correctly targets the purple canh khoai mỡ in the image; answer C matches its typical mildly sweet, creamy flavor, and other choices are distinct flavor profiles. | P2: Triple đúng và phù hợp: canh khoai mỡ thường có vị ngọt dịu, béo nhẹ, hỗ trợ trực tiếp cho đáp án C. | P3: Nên REVIEW vì đáp án phụ thuộc vào kiến thức món ăn ngoài ảnh, và mô tả 'béo ngậy' có thể hơi mạnh so với triple 'ngọt, béo'."
P2,llm_review,7653,image000976,test,flavor_profile,REVIEW,KEEP,low,ambiguous_referent;pass_disagreement;possible_multiple_correct,"P1: Question points to the bottom-left dish, but that plate includes both thịt quay and dưa chua; A fits thịt quay, while C could fit the visible pickles. | P2: Triple đúng và hỗ trợ trực tiếp cho câu hỏi: món phía dưới bên trái là thịt quay với đặc trưng mặn, béo, giòn. | P3: Referent không rõ vì góc dưới bên trái có cả thịt quay và dưa chua; A và C đều có thể hợp lý, nên cần REVIEW."
P2,llm_review,7712,image001015,test,flavor_profile,REVIEW,KEEP,low,choice_type_mismatch;multiple_plausible_choices;pass_disagreement;visual_flavor_ambiguous,"P1: Question correctly points to the top-center dish, súp lơ xào mực, and answer D is appropriate, but D mixes texture with flavor while other choices are flavor-only. | P2: Triple đúng với món súp lơ xào mực ở phía trên trung tâm và hỗ trợ đáp án vị giòn, ngọt. | P3: Không nên silently accept vì hương vị không suy ra chắc từ ảnh, đáp án D lệch kiểu lựa chọn và Pass 1/Pass 2 bất đồng."
P2,llm_review,8008,image000499,test,flavor_profile,REVIEW,KEEP,low,metadata_dependent_answer;question_wording_vague;visual_flavor_not_directly_observable,"P1: Question matches the top dish gà rang lá chanh; the dominant flavor is the characteristic aromatic note from lá chanh, and the choices are same-type flavor descriptions with only A clearly correct. | P2: Triple correctly supports that the top dish is gà rang lá chanh with a chủ đạo thơm nồng from lá chanh and seasoning. | P3: Top dish is likely gà rang lá chanh, but the claimed dominant flavor 'thơm nồng' is not directly verifiable from the image and the wording is somewhat vague."
P2,llm_review,8027,image000504,test,flavor_profile,REVIEW,KEEP,low,flavor_not_visually_grounded;irrelevant_context_in_question;possible_non_unique_answer,"P1: Câu hỏi khớp ảnh và mô tả: món góc trên bên trái là mướp xào, có vị ngọt thanh là hợp lý; các lựa chọn đều là kiểu hương vị và không có đáp án đúng khác rõ ràng. | P2: Triple đúng và hỗ trợ trực tiếp đáp án: mướp xào ở góc trên bên trái thường có vị ngọt thanh. | P3: Đáp án C hợp lý theo kiến thức món ăn, nhưng câu hỏi dựa nhiều vào suy luận ngoài ảnh và chi tiết nước chấm không thực sự hỗ trợ."
P2,llm_review,8419,image000797,test,flavor_profile,REVIEW,KEEP,low,knowledge_dependent_answer;mild_answer_ambiguity;unsupported_food_fact,"P1: Question matches the image: nem rán is below the dipping bowl, and when eaten with bún chả accompaniments the best flavor profile is balanced savory-sweet; other choices are distinct and not equally correct. | P2: Triple correctly identifies the dish below the broth bowl as nem rán and supports the salty-sweet flavor profile answer. | P3: Route to REVIEW vì đáp án dựa vào kiến thức hương vị ngoài ảnh và triple hương vị của nem rán không được hỗ trợ trực tiếp bởi bằng chứng thị giác."
P2,llm_review,8656,image000921,test,flavor_profile,REVIEW,KEEP,low,irrelevant_visual_grounding;multiple_plausible_choices;visual_evidence_insufficient,"P1: Question matches the pho image and listed items; A is the best overall flavor profile, while other choices are distinct and not equally correct. | P2: Triple correctly supports the VQA: phở bò is associated with a rich, savory flavor profile matching answer A. | P3: A is plausible, but B is also defensible from the clear broth and herbs/lime; the flavor answer relies more on generic pho knowledge than visual evidence."
P2,llm_review,8831,image000054,test,flavor_profile,REVIEW,KEEP,low,flavor_not_visually_verifiable;partially_unsupported_food_fact;some_choice_ambiguity,"P1: Question matches the image and qtype; Mì Quảng with shrimp, meat, peanuts, herbs, and dipping sauce is best described as rich and savory. | P2: Triple phù hợp với món Mì Quảng trong ảnh và hỗ trợ trực tiếp đáp án hương vị đậm đà, béo ngậy. | P3: Món có vẻ là Mì Quảng và đáp án B hợp lý, nhưng đặc trưng 'béo ngậy' không thể xác nhận chắc từ ảnh và có chút nhập nhằng với vị chua cay/nước chấm."
P2,llm_review,8952,image000100,test,flavor_profile,REVIEW,KEEP,low,flavor_not_visually_verifiable;minor_spatial_mismatch;possible_answer_subjectivity,"P1: Question identifies the central yellow boiled chicken correctly, though the soup position is slightly off; natural sweetness is a reasonable dominant flavor and choices are distinct flavor types. | P2: Triple đúng và hỗ trợ trực tiếp cho đáp án: gà luộc ở trung tâm thường có vị ngọt tự nhiên. | P3: The central dish is likely gà luộc, but the flavor choice relies on subjective/common knowledge and one spatial cue is slightly inaccurate, so it should be reviewed rather than silently accepted."
P2,llm_review,8970,image000105,test,flavor_profile,REVIEW,KEEP,low,multiple_plausible_choices;unsupported_flavor_fact;visual_ambiguity,"P1: Question correctly refers to the top-left fried dish with tomato garnish; answer A is a plausible savory-sweet flavor profile, and other choices are distinct flavor types. | P2: Triple correctly identifies the top-left tomato-garnished dish as Nem rán and its relevant flavor profile as mặn ngọt hài hòa, matching choice A. | P3: Nên REVIEW vì món góc trên trái không chắc là Nem rán và hồ sơ vị không thể xác minh trực tiếp từ ảnh."
P2,llm_review,9290,image000235,test,flavor_profile,REVIEW,KEEP,low,flavor_requires_external_knowledge;species_not_visually_verifiable,"P1: Question matches the central crispy fried carp in the image; the gold answer 'Vị giòn béo' is appropriate and the other flavor choices are distinct. | P2: Triple matches the central crispy fried carp and supports the correct flavor profile answer: giòn béo. | P3: The central fried fish is clear, but identifying it specifically as carp and assigning 'giòn béo' are not fully supported by visual evidence alone."
P2,llm_review,9469,image000336,test,flavor_profile,REVIEW,KEEP,low,multiple_plausible_referents;spatial_ambiguity,"P1: Question matches the image and the dish left of the chili sauce is thịt rang cháy cạnh, whose main flavor is salty, aromatic, and fatty. | P2: Triple đúng: món bên trái chén tương ớt là thịt rang cháy cạnh, có hương vị chủ đạo mặn, thơm, béo phù hợp đáp án B. | P3: Nên REVIEW vì vị trí 'bên trái chén tương ớt' có thể chỉ thịt rang cháy cạnh hoặc bưởi, dù đáp án B hợp lý nếu hiểu là món ngay bên trái."
P2,llm_review,9554,image000380,test,flavor_profile,REVIEW,KEEP,low,metadata_dependent_food_identification;possible_multiple_plausible_choices;visual_flavor_inference,"P1: Question correctly refers to the bottom-left shrimp and green vegetable dish; 'vị thanh mát' is the most fitting flavor among the choices. | P2: Triple đúng với món ở góc dưới bên trái là tôm xào nụ mướp và hỗ trợ đáp án vị thanh mát. | P3: Route to REVIEW because the image supports shrimp with greens, but the exact dish name and 'vị thanh mát' flavor rely on metadata/triple rather than clear visual evidence."
P2,llm_review,9570,image000386,test,flavor_profile,REVIEW,KEEP,low,flavor_not_directly_observable;non_visual_food_fact,"P1: Question correctly targets the steamed shrimp on the right; shrimp’s characteristic taste is mildly sweet, and the other flavor choices are distinct. | P2: Triple đúng và hữu ích: tôm hấp trong ảnh có hương vị đặc trưng là ngọt thanh, khớp với câu hỏi và đáp án A. | P3: Nên REVIEW vì đáp án dựa vào kiến thức hương vị ngoài ảnh; hình ảnh chỉ xác định được món tôm hấp, không xác minh trực tiếp vị ngọt thanh."
P2,llm_review,9607,image000403,test,flavor_profile,REVIEW,KEEP,low,ambiguous_visual_texture;generic_food_fact_dependency,"P1: Question correctly identifies the upper-right fried fish; the expected profile of crispy/fatty fits fried fish, and other choices point to different flavor profiles. | P2: Triple đúng và hữu ích: món ở góc trên bên phải là cá chiên, thường có vị/đặc trưng giòn, béo phù hợp với đáp án C. | P3: Món cá ở góc trên phải có thể là cá chiên, nhưng đặc trưng 'giòn, béo' không được chứng minh rõ bằng hình ảnh và chủ yếu dựa vào triple/kiến thức chung."
P2,llm_review,9655,image000429,test,flavor_profile,REVIEW,KEEP,low,multiple_plausible_answers;unsupported_food_fact;visual_flavor_ambiguous,"P1: Question matches the image and described lower-left vegetable soup; mustard greens soup is plausibly characterized by a slight bitter note, and choices are distinct flavor profiles. | P2: Triple đúng và hữu ích: canh rau cải ở phía dưới bên trái thường có vị hơi đắng nhẹ, khớp với đáp án C. | P3: The image identifies the lower-left dish as canh rau cải, but its dominant flavor cannot be confirmed visually and 'slightly bitter' is not the only plausible profile."
P2,llm_review,9727,image000465,test,flavor_profile,REVIEW,KEEP,low,potentially_unsupported_food_fact;subjective_flavor_profile;visual_evidence_insufficient_for_flavor,"P1: Question correctly targets the dish left of the central dipping sauce, which is chả cá; answer A is acceptable for its mildly sweet, chewy texture though flavor wording is somewhat subjective. | P2: Triple correctly identifies the left dish as chả cá and its characteristic sweet, chewy profile supports answer A. | P3: The dish location is clear, but the claimed dominant taste 'ngọt và dai' for chả cá is subjective and not visually verifiable, so it should be reviewed rather than silently accepted."
P2,llm_review,10047,image001255,test,flavor_profile,REVIEW,KEEP,low,knowledge_not_visual;possible_visual_distraction;unsupported_flavor_strength,"P1: Question correctly targets the top-center brown-yellow dish, gà rang gừng, whose dominant flavor is reasonably cay nồng from ginger; choices are same-type and only D fits. | P2: Triple đúng và phù hợp: món nâu vàng ở chính giữa phía trên là gà rang gừng, thường có vị cay/nồng từ gừng, hỗ trợ đáp án D. | P3: Nên REVIEW vì đáp án dựa nhiều vào kiến thức món gà rang gừng và triple 'Cay', trong khi ảnh không trực tiếp chứng minh hương vị chủ đạo."
P2,llm_review,10145,image001874,test,flavor_profile,REVIEW,KEEP,low,ambiguous_target_food;unsupported_food_fact;visual_flavor_inference,"P1: Question matches the top-left grilled seafood with herbs; the dominant flavor is best described as đậm đà, and the other choices are distinct flavor profiles. | P2: Triple đúng và liên quan trực tiếp: tôm nướng ở góc trên bên trái có hương vị đậm đà, hỗ trợ đáp án D. | P3: The answer is plausible, but the flavor profile is inferred rather than visually verifiable, and the top-left dish includes multiple foods."
P2,llm_review,10305,image001952,test,flavor_profile,REVIEW,KEEP,low,flavor_not_directly_observable;non_visual_food_fact,"P1: Question correctly refers to the central star-shaped orange xôi, and 'vị dẻo thơm đặc trưng' is the best flavor/texture description among distinct flavor choices. | P2: Triple correctly supports the VQA: the central star-shaped dish is xôi, and 'dẻo thơm' is the appropriate flavor/texture profile matching choice C. | P3: Món trung tâm có thể là xôi, nhưng mô tả 'dẻo thơm' là kiến thức món ăn không kiểm chứng trực tiếp từ ảnh nên nên REVIEW thay vì silently accept."
P2,llm_review,10313,image001957,test,flavor_profile,REVIEW,KEEP,low,dipping_sauce_not_supported;multiple_plausible_choices;visual_flavor_inference,"P1: Question matches the shrimp spring rolls and dipping sauce; the shrimp's mild sweetness is the only clearly correct flavor choice. | P2: Triple đúng và phù hợp: chả giò tôm thường có vị ngọt thanh từ tôm, hỗ trợ trực tiếp cho đáp án C. | P3: The answer C is plausible, but the question emphasizes the sauce combination while triples only support shrimp sweetness, and oily fried flavor is also plausible."
P2,llm_review,10371,image001972,test,flavor_profile,REVIEW,KEEP,low,inferred_flavor_not_visual;knowledge_dependent_answer,"P1: Question correctly refers to the central grilled chicken on foil; its dominant flavor is plausibly savory and smoky, and other choices are distinct flavor profiles. | P2: Triple correctly identifies the central dish as grilled chicken and its smoky, savory flavor supports choice C. | P3: Món trung tâm đúng là gà nướng, nhưng đặc điểm 'thơm mùi khói' không thể xác nhận chắc từ ảnh nên nên đưa REVIEW thay vì silently accept."
P2,llm_review,10738,image001688,test,flavor_profile,REVIEW,KEEP,low,multiple_plausible_flavors;unsupported_food_fact;visual_flavor_not_verifiable,"P1: Question correctly targets the bottom-right cabbage mushroom soup; light sweet broth is the most plausible flavor and choices are distinct flavor types. | P2: Triple matches the pictured canh nấm cải thảo and supports the correct choice: nước dùng có vị ngọt thanh. | P3: The target dish is clear, but the claimed dominant broth flavor is not visually verifiable and depends on a plausible but unsupported food assumption."
P2,llm_review,493,image000054,test,food_pairings,REVIEW,KEEP,low,ambiguous_choice_text;not_visually_confirmed;pass_disagreement,"P1: Question matches Mì Quảng and the intended pairing is crispy rice cracker, but choice C says only 'bánh nướng giòn' and is not specific enough. | P2: Triple đúng và hữu ích: Mì Quảng thường ăn kèm bánh tráng, được bẻ nhỏ trộn vào mì để tăng độ giòn, khớp đáp án C. | P3: Route to REVIEW because C likely intends bánh tráng for Mì Quảng, but the option is too vague and Pass 1/Pass 2 disagree."
P2,llm_review,826,image000241,test,food_pairings,REVIEW,KEEP,low,external_knowledge_dependency;visual_ambiguity,"P1: Question matches the visible side dish of trứng vịt lộn, and rau răm is the traditional herb served with it; choices are same-type and only one is correct. | P2: Triple is correct and directly supports the VQA: trứng vịt lộn is traditionally served with rau răm in Vietnamese cuisine. | P3: Nên REVIEW vì món trong chén nhỏ chỉ thấy một phần và có thể không đủ rõ để xác nhận là trứng vịt lộn, dù rau răm là đáp án đúng nếu nhận diện đó là trứng vịt lộn."
P2,llm_review,944,image001424,test,food_pairings,REVIEW,KEEP,low,ambiguous_choices;external_knowledge;pass_disagreement;visual_evidence_insufficient,"P1: Question matches the image and food pairing type; C is plausible for gỏi cuốn, but A can also be a common dipping sauce, making choices potentially ambiguous. | P2: Triple correctly supports that gỏi cuốn is traditionally served with tương hột, matching choice C. | P3: REVIEW vì gỏi cuốn có nhiều loại nước chấm phổ biến, hình ảnh không xác nhận tương hột, và hai verifier trước không thống nhất."
P2,llm_review,1025,image001479,test,food_pairings,REVIEW,KEEP,low,ambiguous_choices;not_visually_determinable;pass_disagreement;unsupported_unique_food_fact,"P1: Question matches the visible gỏi cuốn at the top right, and tương hột is a plausible traditional dipping sauce, but nước mắm chua ngọt can also be served with gỏi cuốn, making choices somewhat ambiguous. | P2: Triple correctly supports the VQA: gỏi cuốn is the transparent-wrapped roll shown at the top right and is commonly served with tương hột. | P3: Không nên silently accept vì A và B đều có thể hợp lý cho gỏi cuốn, hình ảnh không xác định được nước chấm chuẩn nhất, và hai pass trước đang bất đồng."
P2,llm_review,1464,image001731,test,food_pairings,REVIEW,KEEP,low,incomplete_answer_support;multiple_plausible_choices;requires_external_food_knowledge,"P1: Question matches the image and food_pairings qtype; cá kho tộ is the classic correct pairing with cơm trắng and canh chua, and the other choices are plausible but not equally correct. | P2: Triple đúng với ngữ cảnh mâm cơm nhưng chưa trực tiếp hỗ trợ lựa chọn C là cá kho tộ. | P3: Nên REVIEW vì triple không trực tiếp hỗ trợ đáp án C và nhiều món khác cũng có thể hợp lý khi ăn với cơm trắng và canh chua."
P2,llm_review,4007,image000914,test,food_pairings,REVIEW,KEEP,low,ambiguous_traditional_pairing;multiple_plausible_choices,"P1: Question matches the image and C is supported by the visible lettuce under the fried spring rolls, though other herbs can also be traditional accompaniments. | P2: Triple is factually correct and directly supports the answer: nem rán in the image is served with rau xà lách. | P3: C is visually supported by lettuce, but the traditional-pairing wording makes other herb choices plausible, so this should be reviewed rather than silently accepted."
P2,llm_review,5614,image001055,test,food_pairings,REVIEW,KEEP,low,external_knowledge_required;possible_multiple_pairings;visual_evidence_insufficient,"P1: Question correctly targets the left dish (nem rán) and lettuce is a typical pairing to balance the fried, oily texture; choices are same-type vegetables with one clear best answer. | P2: Triple is factually correct and directly supports the VQA: nem rán is on the left and is commonly served with rau xà lách to balance the fried, oily texture. | P3: Nên REVIEW vì đáp án dựa chủ yếu vào kiến thức món ăn hơn là bằng chứng rõ trong ảnh, và nem rán có thể ăn kèm nhiều loại rau sống khác nhau."
P2,llm_review,6649,image000797,test,food_pairings,REVIEW,KEEP,low,multiple_plausible_pairings;over_specific_answer;visual_ambiguity,"P1: Question matches the image and food_pairings qtype; lettuce/rau sống is the traditional accompaniment for nem rán, and the other choices are not equally correct. | P2: Triple correctly supports that nem rán is traditionally served with rau xà lách/rau sống, matching the image and answer A. | P3: Ảnh chỉ cho thấy rau sống hỗn hợp, không đủ rõ để khẳng định riêng rau xà lách là đáp án duy nhất dù đây là lựa chọn hợp lý nhất."
P2,llm_review,7883,image001159,test,food_pairings,REVIEW,KEEP,low,pass_disagreement;possible_multiple_pairings;target_too_generic;visual_condiment_ambiguous,"P1: Question correctly identifies the boiled pork dish on the left, and nước mắm tỏi ớt is a valid traditional Vietnamese dipping sauce pairing; choices are all condiments with only one best answer. | P2: Triple đúng hướng vì thịt luộc thường ăn với nước mắm, nhưng cần sửa target thành nước mắm tỏi ớt để hỗ trợ trực tiếp đáp án C. | P3: Route to REVIEW because Pass 2 flagged the supporting triple as too generic and the image does not visually confirm nước mắm tỏi ớt specifically."
P2,llm_review,9293,image000235,test,food_pairings,REVIEW,KEEP,low,answer_requires_external_food_knowledge;multiple_plausible_pairings;visual_evidence_missing_for_pairing,"P1: Question matches the central crispy fried fish and Vietnamese pairing context; nước mắm gừng is the traditional, unambiguous correct dipping sauce among same-type choices. | P2: Triple đúng và hữu ích: cá chép chiên giòn trong ảnh phù hợp với câu hỏi về nước chấm truyền thống, và nước mắm gừng là lựa chọn đặc trưng để cân bằng vị và khử mùi tanh. | P3: D là lựa chọn hợp lý nhất trong các đáp án, nhưng nước chấm không xuất hiện trong ảnh và cặp món-nước chấm dựa vào kiến thức ngoài, nên nên đưa vào REVIEW."
P2,llm_review,9661,image000430,test,food_pairings,REVIEW,KEEP,low,external_knowledge_required;not_visually_supported;subjective_pairing,"P1: Question correctly identifies the grilled fish at the left; choice C is the most traditional pairing among the options, though the pairing is based on food knowledge rather than visible items. | P2: Triple correctly supports the VQA: cá nướng is the dish at the left and is commonly served with bánh tráng và rau sống, matching answer C. | P3: Answer C is plausible, but the pairing is not visible and the question relies on subjective cultural knowledge with at least one other plausible meal pairing."
P2,llm_review,9786,image000248,test,food_pairings,REVIEW,KEEP,low,external_food_knowledge_required;minor_target_mismatch;pass_disagreement;some_plausible_alternatives,"P1: Question correctly refers to the top-left gà hầm thuốc bắc; muối tiêu chanh is a plausible common dipping seasoning for chicken, and the choices are all condiment-type with one best answer. | P2: Triple is relevant and supports choice B, but the target omits 'chanh', making it less precise. | P3: Nên REVIEW vì hai pass không thống nhất và triple chỉ ghi 'Muối tiêu' thay vì 'Muối tiêu chanh', dù đáp án B vẫn khá hợp lý."
P2,llm_review,10317,image001957,test,food_pairings,REVIEW,KEEP,low,food_item_answer_mismatch;visual_ambiguity,"P1: Question matches the shrimp spring rolls with dipping sauce shown; D is the correct condiment and the choices are valid single-answer condiments. | P2: Triple correctly supports the VQA: chả giò tôm is commonly served with nước mắm chua ngọt, matching the dipping sauce shown at the lower right. | P3: The dipping sauce is likely fish sauce with chili, but the image cannot prove it is specifically nước mắm chua ngọt, and the row labels it as nước mắm ớt."
P2,llm_review,287,image001342,test,ingredient_category,REVIEW,KEEP,low,ambiguous_food_category;forced_choice_answer;missing_bun_starch_support;taxonomy_dispute_fish_as_meat;unsupported_bun_category,"P1: Question matches the image and B is the intended answer if chả cá is treated as a meat/protein item while bún is starch; wording is slightly imprecise because chả cá is fish. | P2: Các triples đúng và hỗ trợ việc xác định chả cá làm từ cá thuộc nhóm thịt/protein trong ngữ cảnh câu hỏi, nhưng chưa có triple hỗ trợ bún thuộc nhóm tinh bột. | P3: Route to review because chả cá/fish being labeled as 'thịt' is debatable and the triples do not support bún as starch, even though B is likely intended."
P2,llm_review,403,image000007,test,ingredient_category,REVIEW,KEEP,low,ambiguous_visual_ingredient;unsupported_specific_food_fact,"P1: Question matches the image and description; the dark filling is plausibly meat and is below-right of the dipping sauce, with only choice B correct. | P2: Các triple hỗ trợ đúng việc nhân bánh cuốn thuộc nhóm thịt, dù hình ảnh không xác nhận riêng thịt lợn một cách chắc chắn. | P3: The location is clear, but the filling category as meat is not visually certain; pork is inferred from food knowledge rather than confirmed by the image."
P2,llm_review,751,image000199,test,ingredient_category,REVIEW,KEEP,low,ambiguous_category;visual_evidence_limited,"P1: Question correctly targets the lower-left dish, ếch xào măng cay; the main ingredient is frog meat, so the food group is meat. | P2: Đĩa góc dưới bên trái là ếch xào măng cay; nguyên liệu chủ đạo là thịt ếch, thuộc nhóm thịt. | P3: Nên REVIEW vì món ếch xào măng cay được gán nhóm thịt là hợp lý, nhưng phân loại ếch có thể gây tranh cãi và ảnh không tự xác nhận rõ nguyên liệu."
P2,llm_review,765,image000206,test,ingredient_category,REVIEW,KEEP,low,pass_disagreement;spatial_ambiguous,"P1: Gold answer C is plausible because the dish to the left/upper-left of the cà pháo bowl is thịt xá xíu, an animal-on-land food, but the spatial wording is slightly ambiguous. | P2: Các triple xác định Thịt xá xíu làm từ thịt nạc vai và thuộc nhóm thịt, phù hợp đáp án nhóm động vật trên cạn. | P3: Route to REVIEW because verifier passes disagree and the referenced dish is only upper-left, not clearly directly left of the cà pháo bowl."
P2,llm_review,819,image000235,test,ingredient_category,REVIEW,KEEP,low,duplicate_correct_choices;missing_spatial_relation_support;multiple_correct_answers;pass_disagreement,"P1: Question and gold answer match the image, but choices C and D are identical and both correct. | P2: Các triples đúng và hỗ trợ nhóm thực phẩm của món trung tâm là hải sản, nhưng chưa hỗ trợ quan hệ vị trí so với đĩa salad. | P3: Không nên chấp nhận vì C và D trùng nhau và đều đúng, đồng thời triples không hỗ trợ quan hệ vị trí."
P2,llm_review,1255,image001603,test,ingredient_category,REVIEW,KEEP,low,ambiguous_main_ingredient;pass_disagreement;unsupported_dominant_category,"P1: Question matches the left group and the dish is left of the tomato soup, but the dominant ingredient/category of 'khoai tây xào thịt bò' is somewhat ambiguous between starch/potato and meat/beef. | P2: Both triples correctly support that the upper-left dish contains beef and beef belongs to the meat category. | P3: Route to REVIEW because the dish’s dominant food group is ambiguous and the triples support beef presence, not that meat is the main category."
P2,llm_review,3442,image000545,test,ingredient_category,REVIEW,KEEP,low,ambiguous_main_ingredient;incomplete_category_support,"P1: Câu hỏi khớp ảnh: món phía trên chén nước chấm là su su xào thịt bò, trong các lựa chọn chỉ nhóm thịt đỏ phù hợp với thịt bò. | P2: Các triple đúng với món su su xào thịt bò phía trên chén nước chấm; thịt bò thuộc nhóm thịt đỏ, hỗ trợ đáp án A. | P3: Câu hỏi hỏi nhóm nguyên liệu chính nhưng món nhìn chủ yếu là su su; đáp án A dựa vào thịt bò, trong khi triple chỉ ghi nhóm 'Thịt' chứ không trực tiếp là 'thịt đỏ'."
P2,llm_review,3620,image000667,test,ingredient_category,REVIEW,KEEP,low,ambiguous_main_ingredient;category_too_broad;pass_disagreement,"P1: Câu hỏi khớp ảnh và mô tả; món ở bên phải bát hủ tiếu tôm, dưới ly sinh tố là phở bò, thuộc nhóm thịt đỏ. | P2: The located dish is phở bò and beef is its key ingredient, but the second triple should specify red meat to match the VQA answer. | P3: Route to REVIEW because the supporting triple says only 'meat' rather than 'red meat', Pass 1/Pass 2 disagree, and phở bò could plausibly be classified by beef or noodles depending on interpretation."
P2,llm_review,3656,image000696,test,ingredient_category,REVIEW,KEEP,low,ingredient_not_visually_verifiable;multiple_plausible_choices;pass_disagreement;unsupported_food_fact,"P1: Question correctly points to the lowest row of golden-brown chả giò, but assigning it to the meat group depends on assumed filling rather than visible evidence. | P2: Các triple hỗ trợ đúng việc nhận diện chả giò ở hàng dưới cùng là món thuộc nhóm thịt. | P3: The item looks like chả giò, but the pork/meat category is not visually verifiable and prior passes disagree, so it should not be silently accepted."
P2,llm_review,4365,image000380,test,ingredient_category,REVIEW,KEEP,low,answer_spatial_mismatch;gold_position_wrong;missing_spatial_support;no_fully_correct_choice;pass_disagreement,"P1: The bottom-left dish contains shrimp, so crustacean is correct, but it is directly left of the sliced pork dish, not diagonally opposite; no choice is fully correct. | P2: The triples correctly support that the lower-left dish contains shrimp and shrimp is crustacean, but they do not support the spatial relation; visually the shrimp dish is left of the sliced pork, not diagonally opposite. | P3: D đúng về nhóm giáp xác nhưng sai quan hệ vị trí; món tôm nằm bên trái đĩa thịt xá xíu, không đối diện theo đường chéo."
P2,llm_review,4480,image000448,test,ingredient_category,REVIEW,KEEP,low,ambiguous_category_mapping;gold_answer_incorrect;gold_answer_questionable;missing_correct_choice;pass_disagreement;unsupported_food_fact,"P1: Món hàng giữa bên trái là chả cá, thành phần chính là cá/hải sản, không phải nhóm thực phẩm từ thịt; các lựa chọn thiếu đáp án đúng. | P2: Các triple xác định đúng món chả cá ở hàng giữa bên trái có thành phần chính là cá, thuộc nhóm thực phẩm từ thịt/đạm động vật theo đáp án VQA. | P3: Chả cá có thành phần chính là cá, không rõ thuộc 'nhóm thực phẩm từ thịt'; đáp án đúng thiếu lựa chọn cá/hải sản và hai pass đang mâu thuẫn."
P2,llm_review,5513,image000995,test,ingredient_category,REVIEW,KEEP,low,ambiguous_main_ingredient;location_mismatch;missing_bottom_right_support;pass_disagreement;unsupported_bottom_right;wrong_gold_answer,"P1: The bottom-right item in the image appears to be nghêu hấp sả, not thịt kho, and the top-left stuffed bitter melon soup is mixed plant/land-animal, so gold answer C is not reliably correct. | P2: Triples are factually correct for canh khổ qua nhồi thịt, but they only support the top-left dish and do not verify the bottom-right thịt kho category needed for the comparison. | P3: The row should be dropped because the bottom-right dish is likely clams rather than thịt kho, triples do not support the comparison, and prior passes disagree."
P2,llm_review,5903,image001237,test,ingredient_category,REVIEW,KEEP,low,ambiguous_main_ingredient;multiple_plausible_choices;visual_evidence_not_decisive,"P1: Question correctly refers to the upper-left dish, whose main ingredient is chicken offal/animal meat; choices are consistent food groups with only B clearly correct. | P2: Các triple đúng và hỗ trợ trực tiếp: món phía trên bên trái là lòng gà xào đậu cove, với lòng gà thuộc nhóm thực phẩm từ thịt. | P3: Nên REVIEW vì món phía trên trái có cả lòng gà/trứng non và rất nhiều đậu cove, nên nhóm nguyên liệu chính có thể bị hiểu là thịt hoặc rau củ."
P2,llm_review,5946,image001255,test,ingredient_category,REVIEW,KEEP,low,question_has_distractor_relation;visual_evidence_somewhat_ambiguous,"P1: Question matches the image and asks for the category of the top-center dish, which is gà rang gừng and belongs to the meat group. | P2: The top-center dish is Gà rang gừng, whose main ingredient is chicken, and chicken belongs to the meat category. | P3: Top-center dish is intended as gà rang gừng and meat category, but the visual identification is not fully certain without metadata."
P2,llm_review,6124,image001166,test,ingredient_category,REVIEW,KEEP,low,ambiguous_main_ingredient;category_mismatch;missing_correct_category;unsupported_food_fact,"P1: Món trên cùng chính giữa là miến nấu mộc nhĩ; nếu xét nguyên liệu chính thì miến thuộc nhóm tinh bột, không có trong lựa chọn, còn D chỉ đúng nếu xem mộc nhĩ là thành phần chính. | P2: Triple hỗ trợ đúng món ở vị trí trên cùng chính giữa, nhưng phân loại mộc nhĩ thành rau lá là chưa chính xác. | P3: Không nên chấp nhận âm thầm vì món trên cùng có thể lấy miến làm nguyên liệu chính, trong khi lựa chọn thiếu nhóm tinh bột và triple phân loại mộc nhĩ là rau lá không chính xác."
P2,llm_review,6198,image001333,test,ingredient_category,REVIEW,KEEP,low,incomplete_support;missing_right_item_category;pass_disagreement,"P1: Question matches the image and food layout; the left bamboo tray has boiled pork belly while the right tray has shrimp, so answer A is correct and choices are valid. | P2: Các triple đúng và liên quan đến món thịt ba chỉ luộc trên khay tre bên trái, nhưng chưa có triple hỗ trợ món tôm rang bên phải thuộc nhóm hải sản. | P3: Route to REVIEW because the answer appears visually plausible, but the triples do not support the seafood category for the right bamboo tray and prior passes disagree."
P2,llm_review,10954,image001790,test,ingredient_category,REVIEW,KEEP,low,mixed_ingredient_category;underspecified_food_group,"P1: Món ở góc dưới bên phải là tôm rim thịt; đáp án hải sản phù hợp với tôm nhìn thấy rõ, dù món có cả thịt nên hơi lẫn nhóm. | P2: Các triple đúng và hỗ trợ trực tiếp: món góc dưới bên phải là tôm rim thịt, có nguyên liệu tôm thuộc nhóm hải sản. | P3: Món góc dưới bên phải là tôm rim thịt có cả tôm và thịt, nên chọn 'hải sản' hợp lý nhưng không phải phân loại duy nhất chắc chắn cho cả món."
P2,llm_review,11170,image000105,test,ingredient_category,REVIEW,KEEP,low,multiple_plausible_choices;unsupported_specific_ingredient_fact;visual_evidence_ambiguous,"P1: Question matches the image and described top-left nem rán; it is below-left of the canh rau, and the meat-category answer is the only fully correct choice. | P2: Các triple phù hợp để hỗ trợ việc xác định nem rán thuộc nhóm thịt trong VQA này. | P3: Nem rán is visually identifiable and positioned correctly, but its main ingredient category is not directly supported by the image and could be interpreted in more than one way."
P2,llm_review,11248,image000276,test,ingredient_category,REVIEW,KEEP,low,category_granularity_mismatch;incomplete_support;question_answer_mismatch;unsupported_food_fact,"P1: Question matches the visible dishes and ingredient-category qtype; A correctly identifies rau muống as vegetables and canh cua as aquatic/crustacean-based, with no other correct choice. | P2: Các triples đúng và liên quan đến món rau muống xào tỏi ở góc trên bên phải, nhưng chưa hỗ trợ phần món canh cua ở góc dưới cùng. | P3: Route to REVIEW because the answer relies on canh cua/crustacean category not supported by triples_used, and the question wording does not align cleanly with the answer choices."
P2,llm_review,11672,image000790,test,ingredient_category,REVIEW,KEEP,low,multiple_plausible_choices;unsupported_specific_ingredient;visual_evidence_ambiguous,"P1: Câu hỏi khớp ảnh và mô tả: món bên trái so với gỏi cuốn là chả giò, nhân thường chủ yếu từ thịt; các lựa chọn cùng loại và chỉ A phù hợp nhất. | P2: The triples correctly support that the left dish is chả giò and its common filling includes pork, which belongs to the meat category. | P3: Món bên trái là chả giò, nhưng ảnh không xác nhận nhân chính là thịt lợn; chả giò có nhiều biến thể nhân nên nên đưa vào REVIEW."
P2,llm_review,11678,image000797,test,ingredient_category,REVIEW,KEEP,low,external_food_knowledge_required;unsupported_dominant_category;visual_evidence_ambiguous,"P1: Câu hỏi khớp ảnh: nem rán ở dưới và bún ở bên phải; đáp án A hợp lý vì nem rán thường có nhân thịt/đạm, tương phản với bún thuộc nhóm tinh bột. | P2: The triples correctly support that nem rán commonly contains pork, which belongs to the meat/protein group, contrasting with the rice noodles as starch. | P3: Nem rán is visible, but its filling and dominant category are not visually confirmable; triples support pork as an ingredient but not necessarily the main group."
P2,llm_review,11733,image000914,test,ingredient_category,REVIEW,KEEP,low,external_food_fact_dependency;possible_variant_fillings;visual_ingredient_ambiguous,"P1: Question matches the image and qtype; nem rán is plausibly meat-based and paired with the chili-garlic dipping sauce, while other choices are not correct. | P2: Triples correctly support that nem rán commonly has pork as a main ingredient, and pork belongs to the meat category, matching answer C. | P3: Nem rán thường có thịt lợn nên C hợp lý, nhưng hình ảnh không cho thấy nhân bên trong nên loại nguyên liệu chính không thể xác nhận chắc chắn."
P2,llm_review,11759,image001055,test,ingredient_category,REVIEW,KEEP,low,multiple_plausible_categories;unsupported_specific_ingredient;visual_evidence_ambiguous,"P1: Question correctly refers to the left dish as nem rán; its core filling is typically meat-based, so answer B is valid and choices are distinct. | P2: Nem rán ở bên trái thường có nhân thịt lợn; thịt lợn thuộc nhóm thịt và cung cấp protein động vật, phù hợp đáp án B. | P3: The answer is plausible, but pork as the core ingredient of the left nem rán is not visually supported and alternative fillings/categories are possible."
P2,llm_review,11952,image001304,test,ingredient_category,REVIEW,KEEP,low,possible_multi_ingredient_category_ambiguity;visual_evidence_partly_label_dependent,"P1: Question matches the central mixed rice bowl; its basic ingredient is rice, a grain/cereal food group, and the other choices are distinct incorrect categories. | P2: Các triple đúng và hỗ trợ trực tiếp cho câu hỏi: cơm trộn có thành phần cơ bản là gạo, thuộc nhóm ngũ cốc. | P3: Route to REVIEW vì đáp án ngũ cốc phụ thuộc vào nhận diện món là cơm trộn và kiến thức nền về gạo, trong khi hình có nhiều nguyên liệu khác dễ gây nhập nhằng."
P2,llm_review,12076,image002280,test,ingredient_category,REVIEW,KEEP,low,incomplete_support;over_specific_category;question_answer_mismatch_risk,"P1: Question matches the image and qtype; answer B is the best choice because the left dish is rice-based while the spring rolls visibly include shrimp/animal protein, and other choices are clearly incorrect. | P2: Triples are factually correct and relevant to cơm gà, but they do not directly support the gỏi cuốn/seafood or starch-vs-animal-food comparison needed for answer B. | P3: Route to REVIEW: answer B is plausible visually, but the triples do not support the key comparison and the wording/category logic is not fully consistent."
P2,llm_review,587,image000105,test,ingredients,REVIEW,KEEP,low,answer_requires_nonvisual_knowledge;multiple_plausible_variants;visual_food_identity_ambiguous,"P1: Question correctly refers to the nem rán at the upper-left; pork mince is the typical main filling ingredient, though not directly visible from the image. | P2: Triple correctly links nem rán to pork, supporting the answer that the filling commonly uses ground pork. | P3: Although pork is a common nem rán filling and Pass 1/2 agree, the visual identity and hidden filling are not directly verifiable, with plausible variant ingredients."
P2,llm_review,767,image000206,test,ingredients,REVIEW,KEEP,low,ambiguous_pork_cut;multiple_plausible_answers;not_visually_verifiable;pass_disagreement;recipe_fact_assumption,"P1: Question matches the xá xíu dish in the image and C is plausible, but both pork shoulder and pork belly can be used for xá xíu, so choices may contain multiple plausible answers. | P2: Triple correctly supports that the left-side dish is thịt xá xíu and its relevant ingredient for the answer is thịt nạc vai. | P3: Specific pork cut for xá xíu cannot be confirmed visually, and both ba chỉ and nạc vai are plausible ingredients, so this should not be silently accepted."
P2,llm_review,818,image000235,test,ingredients,REVIEW,KEEP,low,metadata_dependency;species_level_ambiguous;unsupported_food_fact,"P1: Question matches the central crispy fish dish; the main ingredient is fish and it is below-left of the bamboo basket with nem rán. | P2: Triple đúng và hữu ích: món trung tâm là cá chép chiên giòn, nguyên liệu chính là cá chép/cá, phù hợp với câu hỏi VQA. | P3: Main answer B is likely correct, but the triple and question rely on unsupported species/texture causality beyond clear visual evidence."
P2,llm_review,1033,image001489,test,ingredients,REVIEW,KEEP,low,question_choice_mismatch;visual_ambiguity,"P1: Câu hỏi phù hợp ảnh và qtype; đáp án B đúng vì đĩa bên phải có tôm luộc kèm thịt lợn luộc, các lựa chọn đều là nguyên liệu cùng loại và chỉ có một đáp án đúng. | P2: Triple correctly links thịt luộc to pork, matching the visible pork slices paired with boiled shrimp and supporting choice B. | P3: Nên REVIEW vì thịt luộc nhìn giống thịt lợn nhưng không hoàn toàn chắc chắn từ ảnh, và câu hỏi hỏi về nguồn gốc trong khi đáp án chỉ là tên nguyên liệu."
P2,llm_review,1463,image001731,test,ingredients,REVIEW,KEEP,low,ambiguous_visual_evidence;knowledge_dependent_answer,"P1: Question matches the central canh chua and asks for its key ingredient; fish in the broth is the only correct same-type choice. | P2: Triple correctly supports the answer: fish is a characteristic ingredient of canh chua and matches choice D. | P3: D is likely correct, but the fish in the soup is not clearly visible and the answer relies on general canh chua knowledge."
P2,llm_review,1752,image001869,test,ingredients,REVIEW,KEEP,low,answer_relies_on_prior;ingredient_inferred;unsupported_food_fact;visual_ingredient_ambiguous,"P1: Question correctly points to the grilled skewers at the bottom center; pork is a plausible main ingredient for Vietnamese thịt xiên nướng, though it is inferred rather than visually certain. | P2: Triple phù hợp với món thịt xiên nướng ở chính giữa phía dưới và hỗ trợ đáp án nguyên liệu chính là thịt lợn. | P3: The skewers are identifiable, but the specific meat type is not visually certain, so the pork answer should be reviewed rather than silently accepted."
P2,llm_review,3400,image000503,test,ingredients,REVIEW,KEEP,low,ambiguous_visual_evidence;multiple_plausible_choices;unsupported_food_fact_risk,"P1: Question matches the top-right golden fried fish described as cá chiên xù; the crispy outer coating is best made with bột chiên xù, and the choices are same-type ingredients with only one correct answer. | P2: Triple đúng và trực tiếp hỗ trợ đáp án: cá chiên xù cần bột chiên xù để tạo lớp vỏ giòn bên ngoài. | P3: Visual evidence alone does not confirm bột chiên xù; several starch/flour options could plausibly make a crispy fried fish exterior."
P2,llm_review,3802,image000790,test,ingredients,REVIEW,KEEP,low,ambiguous_main_ingredient;ambiguous_visual_evidence;hidden_ingredient_not_verifiable;missing_obvious_answer_choice;pass_disagreement;wrong_subject,"P1: The right-side dish is gỏi cuốn, but the question asks for a hidden main savory ingredient; pork is not clearly visible or verifiable from the image, and shrimp is the obvious visible savory ingredient but is not an option. | P2: Triple points to pork as the ingredient, but it is attached to Chả giò while the VQA asks about Gỏi cuốn on the right. | P3: Reject: the question is about Gỏi cuốn but the triple uses Chả Giò, and the intended pork answer is hidden/unsupported while visible ingredients make the item ambiguous."
P2,llm_review,4364,image000380,test,ingredients,REVIEW,KEEP,low,answer_contains_extra_unverified_claim;unsupported_food_fact,"P1: Question matches the lower-left dish in the image; shrimp is visible with green vegetables/nụ mướp, and A is the only correct same-type choice. | P2: Triple correctly identifies shrimp as an ingredient of the bottom-left dish Tôm xào nụ mướp, directly supporting the VQA answer. | P3: Shrimp is supported, but the flavor/texture role in option A is not supported by the image or triple, so this should be reviewed rather than silently accepted."
P2,llm_review,4412,image000405,test,ingredients,REVIEW,KEEP,low,ambiguous_or_mismatched_ingredient;choice_type_mismatch;missing_correct_choice;pass_disagreement;unsupported_visual_fact;wrong_gold_answer,"P1: Món trung tâm là thịt kho tàu với trứng cút/trứng nhỏ, không phải trứng vịt; đáp án đúng không có trong lựa chọn. | P2: Triple is relevant and supports the VQA answer: the central Thịt kho tàu is associated with eggs, matching choice A. | P3: Không nên chấp nhận vì ảnh và câu hỏi gợi ý trứng nhỏ như trứng cút, trong khi đáp án/triple dùng trứng vịt; Pass 1 và Pass 2 cũng mâu thuẫn."
P2,llm_review,4530,image001879,test,ingredients,REVIEW,KEEP,low,gold_answer_questionable;missing_best_answer;pass_disagreement;question_answer_mismatch;unsupported_food_fact,"P1: Question matches the canh chua at upper left, but fish is not the ingredient that chiefly creates its sour flavor and yellow-orange color; tamarind/tomato/pineapple would be more appropriate. | P2: Triple is relevant and supports the correct choice: canh chua commonly uses fish as a main ingredient. | P3: The gold answer fish is only a plausible main ingredient, not what chiefly creates canh chua's sour flavor or yellow-orange color, and the verifiers disagree."
P2,llm_review,4535,image001881,test,ingredients,REVIEW,KEEP,low,irrelevant_support;missing_answer_support;pass_disagreement,"P1: Question matches the image and description; the crunchy item on top of the central bowl is clearly bánh tráng nướng, and only choice B is correct. | P2: Triple về tôm không giúp trả lời câu hỏi về nguyên liệu giòn nằm phía trên tô. | P3: DROP vì triple về tôm không hỗ trợ câu hỏi về nguyên liệu giòn phía trên tô, và hai pass trước đang bất đồng."
P2,llm_review,4651,image001954,test,ingredients,REVIEW,KEEP,low,possible_multiple_plausible_fillings;recipe_prior_required;visual_ingredient_not_verifiable,"P1: Question matches the image and description; fried spring rolls are typically filled with pork, and the dipping sauce bowl is above/right of the spring roll plate, making B the only correct choice. | P2: Triple is relevant and factually appropriate: nem rán commonly contains thịt lợn, matching the answer choice context. | P3: The sauce position is visually clear, but the claimed pork filling is not directly observable and nem ran may have multiple plausible fillings, so this should be reviewed rather than silently kept."
P2,llm_review,5465,image000943,test,ingredients,REVIEW,KEEP,low,requires_external_knowledge;visual_evidence_ambiguous,"P1: Question matches the described image and food item; chả rươi is chiefly distinguished by con rươi, and the choices are comparable single-ingredient distractors. | P2: Triple is correct and directly supports the answer: chả rươi is characterized by rươi as its key ingredient. | P3: Câu trả lời đúng theo kiến thức món chả rươi, nhưng con rươi không quan sát rõ trong ảnh nên nên đưa vào REVIEW thay vì silently accepted."
P2,llm_review,5641,image001063,test,ingredients,REVIEW,KEEP,low,answer_contains_unverified_role;unsupported_food_fact,"P1: Question matches the lower-left soup; the yellow ingredient is egg, and the choices are same-type with only B correct. | P2: Triple đúng và trực tiếp hỗ trợ đáp án B: tô canh rau cải có thành phần trứng tạo sắc vàng nổi bật. | P3: Ingredient B is visually plausible, but the flavor-structure claim is not supported by the image or triple, so this should be reviewed."
P2,llm_review,5717,image001128,test,ingredients,REVIEW,KEEP,low,unsupported_food_fact;visual_evidence_cannot_verify_broth_flavor,"P1: Question matches the central beef pho; beef is visible and is the intended characteristic main ingredient, while other choices are not correct for the asked role. | P2: Triple correctly states that phở bò has beef as an ingredient, matching the central bowl and supporting answer A. | P3: Answer A is likely correct visually and by dish name, but the broth-sweetness claim is not supported by the triple or image, so it should be reviewed rather than silently kept."
P2,llm_review,5733,image001135,test,ingredients,REVIEW,KEEP,low,ambiguous_spatial_reference;weak_visual_grounding,"P1: Question is mostly consistent with the image and description; the wheat-flour item is clearly the bread, and other choices are distinct ingredients. | P2: Triple is factually correct and directly supports identifying the bread as made from wheat flour. | P3: Cần REVIEW vì mô tả vị trí 'phía trên cùng bên cạnh chảo gang' không khớp rõ với ổ bánh mì trong ảnh, dù đáp án C hợp lý theo nguyên liệu bột mì."
P2,llm_review,5944,image001255,test,ingredients,REVIEW,KEEP,low,answer_explanation_minor_food_fact_mismatch;visual_reasoning_not_fully_diagnostic,"P1: Question matches the top-center dish (gà rang gừng); D is the only correct main ingredient choice and the options are same-type and non-ambiguous. | P2: Triple correctly supports that the top-center dish is Gà rang gừng made from chicken, matching the question and answer D. | P3: D is likely the intended answer, but the explanation includes a cooking-method mismatch with Gà rang gừng, so this should be reviewed rather than silently accepted."
P2,llm_review,6202,image001348,test,ingredients,REVIEW,KEEP,low,external_knowledge_dependency;recipe_variation;visual_ambiguity,"P1: Question matches the bottom-left chè bưởi bowl; đậu xanh is a characteristic ingredient, and the other choices are plausible but not correct. | P2: The triple is correct and directly supports the VQA: chè bưởi commonly contains đậu xanh, which gives a nutty texture and richness. | P3: Route to REVIEW because the answer relies on assumed chè bưởi identity and recipe knowledge rather than unambiguous visual evidence."
P2,llm_review,6613,image000698,test,ingredients,REVIEW,KEEP,low,ambiguous_spatial_reference;multiple_plausible_choices,"P1: Question correctly refers to the stir-fried mushroom dish above the dipping bowls; its main ingredient is mushrooms, and only choice B matches. | P2: Triple correctly links the dish Nấm xào to its main ingredient nấm, matching the dish above the dipping bowls and supporting answer B. | P3: Cụm 'món ăn nằm ở phía trên hai chén nước chấm' không đủ rõ vì cả nấm xào và cháo đều ở phía trên/gần hai chén, nên có thể dẫn tới đáp án khác nhau."
P2,llm_review,7651,image000976,test,ingredients,REVIEW,KEEP,low,ambiguous_visual_attribute;plausible_alternative_choice;unsupported_color_causation,"P1: Question correctly refers to the central tofu dish; soybeans are the main ingredient, and the other choices are plausible but not correct. | P2: Triple đúng và hỗ trợ trực tiếp cho câu hỏi: đậu hũ được làm từ đậu nành. | P3: Nên REVIEW vì đậu nành đúng là nguyên liệu của đậu hũ, nhưng câu hỏi gắn đáp án với màu vàng và độ mềm mịn, khiến trứng gà cũng trở thành lựa chọn dễ gây nhầm lẫn."
P2,llm_review,8226,image000655,test,ingredients,REVIEW,KEEP,low,knowledge_dependent_answer;potentially_plausible_alternatives;visual_evidence_insufficient,"P1: Question matches the central clay-pot rice dish; cơm niêu is typically made from gạo tẻ, and all choices are rice types with only one best answer. | P2: Triple correctly supports that cơm niêu is mainly made from gạo tẻ, matching the answer choice and visible rice dish. | P3: Image cannot confirm the rice variety; C is plausible, but the row relies on external knowledge rather than visual evidence."
P2,llm_review,8746,image000026,test,ingredients,REVIEW,KEEP,low,multiple_plausible_ingredients;requires_external_food_knowledge;visual_evidence_not_sufficient,"P1: Question correctly refers to the top-left pork dish, and thịt rang cháy cạnh is typically made with pork belly; choices are same-type pork cuts with only one best answer. | P2: Triple đúng và hỗ trợ trực tiếp đáp án: món góc trên bên trái là thịt rang cháy cạnh, thường dùng thịt ba chỉ làm nguyên liệu chính. | P3: Nên REVIEW vì ảnh chỉ cho thấy món thịt rang cháy cạnh, không đủ chứng cứ trực quan để xác định chắc chắn nguyên liệu là thịt ba chỉ; các loại thịt heo khác vẫn có thể hợp lý."
P2,llm_review,9467,image000336,test,ingredients,REVIEW,KEEP,low,multiple_plausible_choices;non_visual_ingredient,"P1: Question correctly refers to the meat dish left of the potato stir-fry; thịt rang cháy cạnh is typically made from pork belly, and the choices are all comparable pork cuts with only one best answer. | P2: Triple correctly supports that Thịt rang cháy cạnh is typically made from thịt ba chỉ, matching the question and answer. | P3: Ảnh chỉ xác định được món thịt bên trái khoai tây, không đủ chứng cứ trực quan để khẳng định chắc chắn là thịt ba chỉ; các phần thịt heo khác vẫn có thể dùng."
P2,llm_review,10510,image002056,test,ingredients,REVIEW,KEEP,low,external_recipe_knowledge;not_fully_visual;plausible_distractor,"P1: Question matches the fish dish and listed item 'Cá hấp hành gừng'; gold answer C is correct and other choices are distinct non-correct ingredient pairs. | P2: Triple đúng và trực tiếp hỗ trợ đáp án C: cá hấp hành gừng thường dùng gừng và hành lá, phù hợp với món trong ảnh. | P3: Route to REVIEW because C matches the dish name/triple, but ginger is not visually evident and A has plausible visible support from chili/garlic sauce."
P2,llm_review,10707,image001676,test,ingredients,REVIEW,KEEP,low,answer_relies_on_prior_food_knowledge;visual_ingredient_ambiguous,"P1: Question matches the lowest dish, which is tôm chiên xù; the crispy golden-orange coating is best identified as bột chiên xù, and all choices are same-type ingredients. | P2: Triple is correct and directly supports the answer: the lowest dish is tôm chiên xù, whose crispy coating is made from bột chiên xù. | P3: Hình ảnh cho thấy tôm chiên giòn ở vị trí thấp nhất, nhưng không thể xác định chắc lớp vỏ là bột chiên xù thay vì các loại bột khác chỉ bằng thị giác."
P2,llm_review,10891,image001760,test,ingredients,REVIEW,KEEP,low,answer_depends_on_food_prior;visual_evidence_ambiguous,"P1: Question matches the top-left stuffed bitter melon soup; the main protein is ground pork, and choices are comparable single ingredients with only one correct answer. | P2: Triple correctly supports that canh khổ qua nhồi thịt contains pork, matching the answer choice thịt heo xay. | P3: The dish is likely canh khổ qua nhồi thịt with pork, but the specific protein cannot be confirmed visually, so it should be reviewed rather than silently accepted."
P2,llm_review,11049,image001809,test,ingredients,REVIEW,KEEP,low,loose_target_reference;pass_disagreement;spatial_ambiguous,"P1: Question targets the stir-fried shrimp and peas and answer D is correct, but 'phía dưới đĩa đậu hũ' is slightly ambiguous because the dish is lower-right rather than directly below. | P2: Triple correctly supports the answer: the stir-fry dish contains pink shrimp and green peas/snow peas, matching choice D. | P3: Route to REVIEW because the intended dish is visually plausible, but 'below the tofu dish' is ambiguous and Pass 1/Pass 2 disagree."
